0.040247992728836834, 2381.6710009996314, 0.04227799945510924, 4.060149993165396, 1.9177890062564984, 33.91278900380712, 0.44179600081406534, 70.2347100013867, 904.246638994664
0.03160499909427017, 2363.2211859949166, 0.045900000259280205, 4.166151993558742, 1.8613940046634525, 33.25801499886438, 0.45818999933544546, 70.36133199289907, 899.5411229989259
0.054581003496423364, 2348.023070007912, 0.02376700285822153, 4.021368993562646, 1.858716001152061, 33.60245500516612, 0.40580600034445524, 69.2366309958743, 895.1635459961835
0.031513001886196434, 2387.271857005544, 0.04461999924387783, 4.080642000189982, 1.9554629980120808, 33.61600200878456, 0.4123679973417893, 69.9102360085817, 913.157840986969
0.054436997743323445, 2368.7005870015128, 0.057568991906009614, 4.036776997963898, 1.8641479982761666, 33.14949099149089, 0.4533519968390465, 69.02654599980451, 904.9375699978555
0.0421230070060119, 2354.8237509967294, 0.04378800804261118, 4.0118680044543, 1.8403120047878474, 32.40623000601772, 0.4396639997139573, 68.6039160063956, 895.4453120095422
0.032158990507014096, 2392.857262995676, 0.055562995839864016, 4.199828006676398, 1.8432019860483706, 33.34987899870612, 0.4923509986838326, 69.77350899251178, 911.0445130063454
0.041983003029599786, 2366.9777019968024, 0.03348301106598228, 4.008719988632947, 1.9341080042067915, 34.285375993931666, 0.44178401003591716, 69.56318698939867, 904.9071379995439
0.03083300543949008, 2353.8203589996556, 0.03207501140423119, 4.053026001201943, 1.895445995614864, 33.226138999452814, 0.41533100011292845, 69.6697000093991, 897.2917050123215
0.041835999581962824, 2347.6760299963644, 0.04953000461682677, 4.006087998277508, 1.8848890031222254, 33.124475012300536, 0.4448879917617887, 69.39272599993274, 895.9936430037487
0.04315700789447874, 2378.7422540044645, 0.04275600076653063, 4.0685629937797785, 1.8406339950161055, 33.204317005584016, 0.4098490026080981, 69.94320299418177, 904.9840639927424
0.03234599716961384, 2362.141823992715, 0.044993008486926556, 4.130654007894918, 1.9453869899734855, 33.32866900018416, 0.426955011789687, 69.13504800468218, 898.3134330046596
0.03088299126829952, 2349.407007000991, 0.03221599035896361, 4.021197994006798, 1.8459810089552775, 33.556993992533535, 0.4278330015949905, 69.66520700370893, 895.060700000613
0.04308499046601355, 2368.526446996839, 0.02333700831513852, 4.026887996587902, 1.8612220010254532, 33.152009986224584, 0.43161900248378515, 69.98512300197035, 902.4943289987277
0.04234499647282064, 2355.639251996763, 0.034962009522132576, 4.042537999339402, 1.9053029973292723, 33.758581004804, 0.41928200516849756, 69.30308799201157, 897.697912005242
0.05391499144025147, 2358.6922449903795, 0.04297700070310384, 3.9509990019723773, 1.8642469949554652, 34.276056991075166, 0.46255800407379866, 69.361296002171, 895.0669819896575
0.03256498894188553, 2380.926201993134, 0.046977002057246864, 4.150434004259296, 1.8356760119786486, 33.460320002632216, 0.43544000072870404, 69.36177299940027, 904.2292169906432
0.03152800491079688, 2373.879835009575, 0.04516499757301062, 4.051826006616466, 1.8529719964135438, 33.31918199546635, 0.47652200737502426, 69.0386529895477, 903.5040479939198
0.041888997657224536, 2374.3054709921125, 0.03231399750802666, 4.058384001837112, 1.893057007691823, 33.36228500120342, 0.4612100019585341, 70.93361699662637, 904.3966610042844
0.04004000220447779, 2367.844416992739, 0.044562999391928315, 4.027896997286007, 1.8888850026996806, 34.692882996750996, 0.417129005654715, 70.56767299945932, 900.1225230022101
0.04284300666768104, 2378.3041489950847, 0.03273000766057521, 4.110352005227469, 1.9126569968648255, 33.0369180010166, 0.47645700396969914, 69.16433200240135, 903.175742001622
0.031208008294925094, 2357.6153839967446, 0.05382100061979145, 4.01086600322742, 1.908131001982838, 33.72918299282901, 0.47511000593658537, 69.17951899231412, 896.342049993109
0.03404999733902514, 2342.9814770061057, 0.04917199839837849, 3.999521999503486, 1.863329001935199, 33.53426800458692, 0.4426990053616464, 69.08017898967955, 893.0781149974791
0.03111999831162393, 2356.132859000354, 0.05431499448604882, 4.10539899894502, 1.8800469988491386, 33.64586200041231, 0.4363930056570098, 69.10553699708544, 898.1766399956541
0.031177987693808973, 2397.5159999972675, 0.03544498758856207, 4.1854429873637855, 1.8364990100963041, 33.17732400319073, 0.4098900099052116, 69.16120399546344, 912.1165909891715
0.03189599374309182, 2387.484413004131, 0.0532950070919469, 4.103068000404164, 1.9314210076117888, 33.41198699490633, 0.4484029923332855, 69.48123799520545, 911.2820090085734
0.031249001040123403, 2354.0605399903143, 0.05430101009551436, 4.029820003779605, 1.9483249925542623, 33.36378400854301, 0.4157900111749768, 70.0032739987364, 898.4631439961959
0.03144900256302208, 2350.3880130010657, 0.05299800250213593, 4.063414002303034, 1.815676994738169, 33.354038998368196, 0.40889400406740606, 69.08815199858509, 892.8467009973247
0.031364004826173186, 2350.636200993904, 0.04385999636724591, 4.0224569966085255, 1.8721840024227276, 33.77363199251704, 0.3976660082116723, 69.87958701211028, 897.5084970006719
0.02337699697818607, 2330.8310189895565, 0.05470598989631981, 3.9643120107939467, 1.9312429940328002, 33.33947899227496, 0.4576799983624369, 68.8550749910064, 887.6152570010163
0.04182399425189942, 2347.899900007178, 0.03705501148942858, 3.996602987172082, 1.9568659918149933, 33.28896299353801, 0.45722500362899154, 69.03791599324904, 893.9605169871356
0.04271201032679528, 2363.715942003182, 0.03385099989827722, 4.014058009488508, 1.8978919979417697, 33.23867100698408, 0.43882400495931506, 69.53484199766535, 898.586276001879
0.04297599662095308, 2366.9007099961163, 0.04658898978959769, 4.038125000079162, 1.910473991301842, 33.86867900553625, 0.4707109910668805, 69.56268500653096, 902.6087999955053
0.02247100928798318, 2403.3288810023805, 0.048816000344231725, 4.095279989996925, 1.872170003480278, 33.309297999949194, 0.4190290055703372, 69.63173099211417, 904.5500469947001
0.030561990570276976, 2356.1176950024674, 0.033841002732515335, 4.068476991960779, 1.922663999721408, 33.883758005686104, 0.47194299986585975, 70.34332799958065, 897.9907909961184
0.03174399898853153, 2373.5782020085026, 0.05365100514609367, 4.074011012562551, 1.9426140061113983, 33.24390700436197, 0.4151050088694319, 69.14844299899414, 904.4190999993589
0.04012898716609925, 2366.884326998843, 0.023064989363774657, 4.003448993898928, 1.8768349982565269, 34.15926999878138, 0.450963998446241, 69.12225000269245, 901.7133909947006
0.031921008485369384, 2362.851824000245, 0.05349700222723186, 4.091646987944841, 1.867655009846203, 33.29328399559017, 0.4230619961163029, 69.68460699135903, 900.6902059918502
0.03118799941148609, 2353.906193995499, 0.032953990739770234, 4.04748399159871, 1.8952480022562668, 33.52240999811329, 0.46530799590982497, 69.03312999929767, 897.8708600043319
0.04321899905335158, 2376.8836369999917, 0.05453800258692354, 4.0782449941616505, 1.9531230063876137, 32.99159900052473, 0.44360100582707673, 69.31192100455519, 907.931969006313
0.030786002753302455, 2351.1448569915956, 0.05401700036600232, 4.03861200902611, 1.8853360088542104, 33.585077995667234, 0.41519300430081785, 69.82090100063942, 898.4860030031996
0.022423992049880326, 2357.360293986858, 0.05363101081456989, 4.008964009699412, 1.8683819944271818, 33.381914006895386, 0.4145779967075214, 69.501770005445, 894.7906420071376
0.03222499799448997, 2363.0593530106125, 0.03288700827397406, 4.0375710086664185, 1.975081002456136, 33.29278000455815, 0.45773800229653716, 69.2640999914147, 898.6341929994524
0.03123699571006, 2376.2847739999415, 0.05622000026050955, 4.030918003991246, 1.9142410019412637, 33.440637998864986, 0.4722279991256073, 69.67041299503762, 903.2547539973166
0.03184800152666867, 2379.7251759970095, 0.03425500472076237, 4.024683003081009, 1.8598300084704533, 33.776965996366926, 0.4397750017233193, 69.64850499934983, 908.3509549964219
0.031382005545310676, 2347.640678010066, 0.0446740014012903, 4.113464994588867, 1.9286130118416622, 33.20536400133278, 0.4158749943599105, 70.11949800653383, 892.9537539952435
0.03169300907757133, 2354.4092159863794, 0.0697639916324988, 4.140219010878354, 1.8691680015763268, 33.693343997583725, 0.42071899224538356, 69.34952198935207, 896.5572559973225
0.050799004384316504, 2356.1363800108666, 0.04444899968802929, 4.08909100224264, 1.9081719947280362, 32.88867700030096, 0.48433899064548314, 69.71773099212442, 896.7327949940227
0.04315300611779094, 2345.241333998274, 0.03954599378630519, 4.09144299919717, 1.8189789989264682, 32.3389979894273, 0.4803160118171945, 69.41170600475743, 894.7347909997916
0.04272999649401754, 2400.9325570077635, 0.03492498944979161, 4.046867994475178, 1.9291360076749697, 33.2852990104584, 0.39419200038537383, 69.83962999947835, 913.6126230005175
0.03215500328224152, 2361.3302419980755, 0.023706990759819746, 4.01830900227651, 1.8391869962215424, 33.199094992596656, 0.44246499601285905, 68.9373089990113, 899.7343090013601
0.04074399475939572, 2369.3414110020967, 0.042396990465931594, 4.192374995909631, 1.8883659940911457, 34.27750700211618, 0.4556749918265268, 70.35691100463737, 902.0339540002169
0.042593004764057696, 2372.748852998484, 0.023790998966433108, 4.061522995471023, 1.8458220001775771, 33.50905000115745, 0.41720100853126496, 69.97016599052586, 907.263390996377
0.04123699909541756, 2354.5419450092595, 0.11309199908282608, 4.035500998725183, 1.8481949955457821, 33.88796000217553, 0.41780500032473356, 69.52237000223249, 897.7566480025416
0.062189006712287664, 2360.6158519978635, 0.04853900463785976, 4.047451991937123, 1.8778459925670177, 33.63262199854944, 0.4551759921014309, 68.89645299816038, 896.7865879967576
0.04341099702287465, 2364.612033998128, 0.04956799966748804, 4.008402000181377, 1.821720987209119, 33.93111701007001, 0.4321370070101693, 69.28716700349469, 901.3327069988009
0.04210800398141146, 2344.7690319881076, 0.0361239945050329, 4.091287002665922, 1.8294449982931837, 32.885809006984346, 0.4191209882264957, 69.37253900105134, 892.3273690015776
0.03189100243616849, 2376.319731003605, 0.02386199776083231, 4.073185002198443, 1.8370640027569607, 33.213467002497055, 0.44346399954520166, 70.71728100709151, 907.147926001926
0.04485600220505148, 2384.2655580083374, 0.04372000694274902, 4.244138006470166, 1.8693300080485642, 33.380868000676855, 0.43051200918853283, 69.0118939965032, 908.6968490009895
0.0319239916279912, 2360.2247669914505, 0.042248007957823575, 4.030601994600147, 1.8578369927126914, 34.110386986867525, 0.40922200423665345, 70.00042199797463, 901.8893469910836
0.042063998989760876, 2369.1383429977577, 0.05307600076775998, 4.088343994226307, 1.8542489997344092, 33.723267013556324, 0.4514379979809746, 69.61298000533134, 902.0233420014847
0.041776991565711796, 2367.054538000957, 0.03204800304956734, 4.0158229967346415, 1.870786989456974, 33.139965002192184, 0.4217550012981519, 69.3319319980219, 900.4718920041341
0.032526004360988736, 2373.6552100017434, 0.044478001655079424, 4.171381995547563, 1.854592002928257, 33.68699700513389, 0.4304999893065542, 68.7044250080362, 901.553852003417
0.042979998397640884, 2376.545574006741, 0.03378899418748915, 4.138699994655326, 1.8834309885278344, 33.45567200449295, 0.4362470062915236, 69.26260399632156, 905.5126120074419
0.033351010642945766, 2367.446582997218, 0.02417199721094221, 3.99796299461741, 1.8001209973590448, 34.09708899562247, 0.43531000846996903, 69.44283400662243, 904.9803030065959
0.03204800304956734, 2354.6304470073665, 0.03296000068075955, 4.039926003315486, 1.889702005428262, 33.30339599051513, 0.40878400614019483, 69.06934300786816, 895.5145200015977
0.03167599788866937, 2373.6801900085993, 0.044132000766694546, 4.039937004563399, 1.9066840031882748, 33.642389986198395, 0.4574570048134774, 69.80382099573035, 906.2824290012941
0.03193700104020536, 2357.5954150001053, 0.03889900108333677, 3.9841749967308715, 1.9256450032116845, 33.00402799504809, 0.5166089977137744, 69.57721000071615, 896.1344150011428
0.02118801057804376, 2361.997497995617, 0.04389300011098385, 4.035244986880571, 1.9172430038452148, 34.41630399902351, 0.4302249872125685, 69.59205999737605, 904.1993200080469
0.04190999607089907, 2354.2218090005917, 0.037174992030486465, 4.0104629879351705, 1.8468009948264807, 33.59420600463636, 0.45533900265581906, 68.97102900256868, 897.9204549978022
0.02026899892371148, 2363.620156000252, 0.04456000169739127, 4.02637200022582, 1.8716920021688566, 33.74705699388869, 0.4338550061220303, 69.39331999456044, 905.4976539919153
0.04496100882533938, 2367.6012240030104, 0.03294199996162206, 4.2559510038699955, 1.8608679965836927, 33.53109399904497, 0.46980500337667763, 68.85973399039358, 902.0685410068836
0.042383006075397134, 2370.3902550041676, 0.05461399268824607, 4.090460992301814, 1.9175229972461239, 32.99643199716229, 0.4674940137192607, 69.8450909985695, 902.395107987104
0.03195799945387989, 2337.418972994783, 0.033545002224855125, 4.025226007797755, 1.8680189969018102, 33.94665100495331, 0.4243969888193533, 69.4395699974848, 892.8469219972612
0.04239300324115902, 2392.8342790022725, 0.023630011128261685, 4.059534010593779, 1.8502599996281788, 33.90779599430971, 0.413408997701481, 69.80995800404344, 911.8340459972387
0.03182799264322966, 2347.3548609908903, 0.04518900823313743, 4.026930997497402, 1.9409399974392727, 32.43425200344063, 0.40775501111056656, 68.82535199110862, 893.8826130033704
0.04066100518684834, 2356.356294010766, 0.041965991840697825, 4.156093011260964, 1.9301769934827462, 33.18145600496791, 0.4242739960318431, 69.4064650015207, 899.7498390090186
0.04042198997922242, 2377.2218959929887, 0.042633997509256005, 4.055370998685248, 1.9577780039981008, 33.47564899013378, 0.48630298988427967, 69.39610300469212, 905.1929720008047
0.03338299575261772, 2351.054511993425, 0.05336799949873239, 4.104826002730988, 1.8764409905998036, 33.24573299323674, 0.44578198867384344, 69.33373099309392, 896.6035439952975
0.04230400372762233, 2367.546837995178, 0.03344099968671799, 4.022663997602649, 1.8780990067170933, 33.89627000433393, 0.40602899389341474, 69.43316600518301, 900.9788959956495
0.04155900387559086, 2350.2814750099787, 0.023985005100257695, 3.987272997619584, 1.8637140019563958, 33.47917400242295, 0.4754429974127561, 69.00036300066859, 895.5853910010774
0.0312409974867478, 2340.048329991987, 0.045438006054610014, 4.065411994815804, 1.8922669987659901, 33.91481499420479, 0.43105799704790115, 69.08986199414358, 890.3666740079643
0.04283699672669172, 2384.4928620092105, 0.03411200304981321, 4.029420000733808, 1.9257690000813454, 33.82017799594905, 0.433923996752128, 69.32859000517055, 911.0916189965792
0.031297997338697314, 2350.1627700024983, 0.043940992327407, 4.044696004712023, 1.9093910086667165, 33.857023998280056, 0.45103501179255545, 70.44737999967765, 899.8301829997217
0.03195900353603065, 2397.4643319961615, 0.03269199805799872, 4.065867004101165, 1.9278230029158294, 33.666232993709855, 0.44624198926612735, 69.33378998655826, 909.9170960107585
0.041373001295141876, 2369.243234003079, 0.043302003177814186, 4.078340993146412, 1.8986100039910525, 33.342201000778005, 0.39144299807958305, 69.54300100915134, 904.0608560026158
0.032046009437181056, 2366.3258739979938, 0.035523000406101346, 4.036910002469085, 1.9839300075545907, 33.9218430017354, 0.43231599556747824, 69.72251099068671, 896.4405570004601
0.031481002224609256, 2332.891459009261, 0.053274998208507895, 4.035713995108381, 1.932793005835265, 34.25069400691427, 0.4093509924132377, 69.03809499635827, 889.692405005917
0.03174500307068229, 2364.883678004844, 0.04378799349069595, 4.097704993910156, 1.842284997110255, 33.054615996661596, 0.4452760040294379, 69.40726000175346, 900.0963299913565
0.04330799856688827, 2379.6118359896354, 0.05297100869938731, 4.097275988897309, 1.8945439951494336, 32.95658699062187, 0.47591401380486786, 69.60685001104139, 908.1822820007801
0.04219300171826035, 2410.583090997534, 0.03465199552010745, 4.034786994452588, 1.8698339990805835, 33.92824299226049, 0.4317620041547343, 69.73820499842986, 912.319655995816
0.031652001780457795, 2378.0578509904444, 0.03422801091801375, 4.099974001292139, 1.8625139928190038, 33.538178002345376, 0.3791329945670441, 69.09909901150968, 906.4620909921359
0.03176499740220606, 2349.6744470030535, 0.052898001740686595, 4.05802000022959, 1.948196004377678, 33.989635994657874, 0.49032800598070025, 69.38487199658994, 896.3627030025236
0.04304399772081524, 2345.7130960014183, 0.02389300789218396, 3.9607780054211617, 1.8498900026315823, 33.320504997391254, 0.4491050058277324, 68.87422800355125, 892.5129209965235
0.041566003346815705, 2365.4533520020777, 0.044810003601014614, 4.090453003300354, 1.8943800096167251, 34.24870800517965, 0.4883680085185915, 69.96840999636333, 903.0192469945177
0.04308199277147651, 2360.8912250056164, 0.05306600360199809, 4.028480994747952, 1.9244020077167079, 33.20875200734008, 0.4813930136151612, 69.31575199996587, 897.4708660098258
0.031745992600917816, 2380.354441003874, 0.0616449979133904, 4.252614991855808, 1.916946013807319, 34.241383997141384, 0.45878399396315217, 70.14013899606653, 907.6372150011593
0.04177998926024884, 2356.893187999958, 0.04516199987847358, 4.120714991586283, 1.8802210106514394, 32.82295000099111, 0.4526309930952266, 68.98497400106862, 898.182087999885
0.04276901017874479, 2398.825721000321, 0.03322100383229554, 4.089680005563423, 1.8721710075624287, 33.61700399545953, 0.428076004027389, 69.30984399514273, 919.8630410101032
0.03213901072740555, 2343.6238970025443, 0.046141998609527946, 3.975124011049047, 1.9465980003587902, 33.018133995938115, 0.4883219953626394, 69.81382200319786, 891.5342909895116
0.04138000076636672, 2356.304977001855, 0.049991998821496964, 4.029233998153359, 1.8921250011771917, 32.74465800495818, 0.4512000014074147, 68.73832900600974, 897.9180259921122
0.042428000597283244, 2329.798134000157, 0.05534000229090452, 4.087164998054504, 1.9019569881493226, 33.34128599090036, 0.4120859957765788, 69.5488000055775, 889.9424730043393
0.04113299655728042, 2355.4072420083685, 0.034046999644488096, 4.104356994503178, 1.8387599993729964, 33.191569993505254, 0.4124609986320138, 69.46150600560941, 905.2570349886082
0.04405700019560754, 2384.5577759930165, 0.03566998930182308, 4.030306008644402, 1.9382850005058572, 33.91165498760529, 0.45179500011727214, 69.16850099514704, 911.5961500065168
0.046226996346376836, 2357.698595005786, 0.044630010961554945, 4.1005859966389835, 1.8638390029082075, 33.215716990525834, 0.45647700608242303, 69.60306900145952, 898.264374001883
0.042041006963700056, 2360.6958919990575, 0.050139002269133925, 4.107321001356468, 1.9526370015228167, 33.27362200070638, 0.4363409971119836, 69.13531299505848, 899.9820949975401
0.03218899655621499, 2377.7449399931356, 0.059165002312511206, 4.135903000133112, 1.897400987218134, 33.700960004352964, 0.44590501056518406, 68.83377500344068, 906.593255000189
0.04158299998380244, 2343.704239989165, 0.036586003261618316, 3.9766469999449328, 1.8269699939992279, 33.95427399664186, 0.40657800855115056, 69.47505299467593, 894.8138999985531
0.030755996704101562, 2355.8599679963663, 0.05381600931286812, 4.114444003789686, 1.8247550033265725, 33.40527799446136, 0.43014599941670895, 69.63876099325716, 895.6688420003047
0.0415419926866889, 2389.8417849995894, 0.023298998712562025, 4.066010995302349, 1.809405002859421, 33.50731999671552, 0.42859399400185794, 69.22909700369928, 910.8117650030181
0.04291499499231577, 2372.5824629946146, 0.023316009901463985, 4.0450100059388205, 1.8452730000717565, 33.93628400226589, 0.4087749985046685, 70.92673798615579, 906.3196770002833
0.031044997740536928, 2356.446086007054, 0.023536005755886436, 4.041274994960986, 1.8731639866018668, 33.80773701064754, 0.4093870084034279, 69.12153300072532, 897.0415069925366
0.031755000236444175, 2378.984932001913, 0.04732499655801803, 4.115227013244294, 1.8164020002586767, 33.44398499757517, 0.4660130070988089, 69.57058400439564, 907.2977839969099
0.03177199687343091, 2389.3773629970383, 0.05337299080565572, 4.099514000699855, 1.9095859897788614, 34.18622301251162, 0.42833099723793566, 69.35232099203859, 912.1928679960547
0.05595499533228576, 2377.2668530000374, 0.032131996704265475, 4.106082997168414, 1.9059320038650185, 33.804430000600405, 0.4254040104569867, 69.64780199632514, 905.0521449971711
0.04220499249640852, 2359.538598000654, 0.06799399852752686, 4.148719002841972, 1.861088996520266, 33.479987003374845, 0.4949129943270236, 69.04336799925659, 899.5242770033656
0.0308519956888631, 2356.607077992521, 0.03755399666260928, 3.9889740000944585, 1.882791009848006, 34.26405000209343, 0.4273730010027066, 69.95114000164904, 901.2573220097693
0.04308999632485211, 2355.0642560003325, 0.03361099516041577, 4.049433002364822, 1.8420269916532561, 33.77022600034252, 0.39496801036875695, 69.74852300481871, 897.6974619872635
0.042585001210682094, 2360.3754389914684, 0.023389991838485003, 4.0163290104828775, 1.865655998699367, 33.04117999505252, 0.43261000246275216, 68.90709699655417, 899.4900899997447
0.041840990888886154, 2352.5481849937933, 0.04315099795348942, 4.008092000731267, 1.8639000045368448, 32.89498700178228, 0.43319199176039547, 69.4291020045057, 899.6345329942415
0.047245004680007696, 2374.254722002661, 0.04203399294055998, 4.025235000881366, 1.9096119940513745, 34.31048300990369, 0.4152690089540556, 69.52960800845176, 905.35802100203
0.041449995478615165, 2366.938573002699, 0.02492999192327261, 4.113070986932144, 1.8460379942553118, 33.7790089979535, 0.4176840011496097, 68.59380500100087, 903.1048510078108
0.031256990041583776, 2356.863096996676, 0.03231999289710075, 4.113810995477252, 1.8314940098207444, 33.004314987920225, 0.48712300485931337, 69.7278690058738, 902.2941570001421
0.04241600981913507, 2378.6226740048733, 0.03724500129465014, 4.03020199155435, 1.889588005724363, 33.27707700373139, 0.3983109927503392, 69.25459699414205, 902.2300299984636
0.03156799357384443, 2385.7660579960793, 0.03260000084992498, 4.086186003405601, 1.8608980026328936, 33.732126001268625, 0.5087969911983237, 70.27275100699626, 910.3351199883036
0.030536000849679112, 2373.899647995131, 0.02298199979122728, 4.118595999898389, 1.8602430063765496, 32.49405900714919, 0.4344769986346364, 68.69752499915194, 902.6775430102134
0.04199400427751243, 2359.1031699907035, 0.023109008907340467, 4.109319008421153, 1.86497499817051, 32.86331699928269, 0.4648500034818426, 69.71605899161659, 895.9109040006297
0.04231699858792126, 2378.5788089880953, 0.0534919963683933, 4.041510008391924, 1.8879650015151128, 33.96414600138087, 0.4589080053847283, 69.78964299196377, 904.844029006199
0.04212900239508599, 2378.992013997049, 0.03367199678905308, 4.123111997614615, 1.8982250039698556, 34.15952299837954, 0.43728199671022594, 68.77798699133564, 906.4767240051879
0.04246499156579375, 2358.9528699958464, 0.04333700053393841, 4.094657997484319, 1.8775329954223707, 32.48317900579423, 0.4456140013644472, 68.34160099970177, 899.1976019897265
0.039637001464143395, 2370.418973005144, 0.03168900730088353, 3.9837100048316643, 1.8461040017427877, 34.185445998446085, 0.5328889965312555, 70.01980900531635, 901.2080160027836
0.03157799073960632, 2363.3838899986586, 0.024012988433241844, 4.017671002657153, 1.842450990807265, 32.9050550062675, 0.47026999527588487, 70.13058599841315, 898.1361499900231
0.04217900277581066, 2355.7436950068222, 0.0367760076187551, 4.034458004753105, 1.8946149939438328, 33.08958699926734, 0.4487109981710091, 69.102206005482, 900.3707860101713
0.04145699494984001, 2365.145100004156, 0.033575997804291546, 4.0955069998744875, 1.8462389998603612, 32.88674700888805, 0.41415799933020025, 68.7124300020514, 900.9044929989614
0.04266899486538023, 2358.5153729945887, 0.03644800744950771, 4.0252769977087155, 1.8288300052518025, 33.430323004722595, 0.4130710003664717, 69.847992999712, 898.2177330035483
0.033392003388144076, 2370.0146329938434, 0.053288997150957584, 4.034331999719143, 1.828576991101727, 33.50888699060306, 0.4049260023748502, 70.12587699864525, 901.7688530002488
0.05162300658412278, 2356.691540990141, 0.059421989135444164, 4.0352170035475865, 1.914328007842414, 34.0654839965282, 0.4407639935379848, 69.59501600067597, 899.4627689971821
0.030612005502916873, 2382.1777460107114, 0.03247900167480111, 4.084080996108241, 1.8365599971730262, 34.21886199794244, 0.44098400394432247, 69.76320300600491, 906.4472260070033
0.031978997867554426, 2368.4310750104487, 0.03196999023202807, 4.074206008226611, 1.8584589997772127, 33.12114899745211, 0.43962200288660824, 69.80255599773955, 901.7318620026344
0.0309899915009737, 2375.3596040041884, 0.054213000112213194, 4.021050001028925, 1.904695003759116, 33.546831997227855, 0.4178039962425828, 69.9145469989162, 903.5925649950514
0.0414870009990409, 2380.743308996898, 0.04637200618162751, 4.06995699449908, 1.8754140037344769, 34.276813006727025, 0.42447898886166513, 69.1830659925472, 904.2187220038613
0.05172600504010916, 2366.4300440141233, 0.034106007660739124, 4.102582010091282, 1.8264230020577088, 33.29006300191395, 0.502787996083498, 69.58475899591576, 901.8948630109662
0.04679198900703341, 2381.6913640039274, 0.039327991544269025, 4.0543830109527335, 1.9160369993187487, 33.4610790014267, 0.40270898898597807, 69.38615399121772, 905.5867920105811
0.032737996662035584, 2385.264461991028, 0.053902011131867766, 4.075482996995561, 1.9069480040343478, 34.688511994318105, 0.4278779961168766, 69.66763600939885, 908.233422000194
0.031006988137960434, 2351.87405400211, 0.0341849954565987, 4.041652995510958, 1.8298920040251687, 33.67959300521761, 0.45735499588772655, 70.41965999815147, 896.5484630025458
0.042354004108347, 2364.6130459965207, 0.034119992051273584, 4.019672007416375, 1.8641500064404681, 34.39276499557309, 0.4424470098456368, 70.12289600970689, 904.643693997059
0.03134598955512047, 2354.5317630050704, 0.054128002375364304, 3.968782999436371, 1.8447029870003462, 33.51526500773616, 0.4373699921416119, 69.51907199982088, 898.2443020067876
0.03158301115036011, 2361.2147489911877, 0.03206799738109112, 4.028506999020465, 1.8990649987244979, 34.2302259959979, 0.42904799920506775, 69.47892399330158, 895.450861993595
0.04200800321996212, 2358.609652001178, 0.024295994080603123, 4.007637995528057, 1.815643990994431, 33.05867999733891, 0.4251760110491887, 68.67946399142966, 902.230730993324
0.04266499308869243, 2349.73629299202, 0.05308800609782338, 4.031497999676503, 1.8675539904506877, 33.44277299765963, 0.42633499833755195, 68.61901198863052, 892.3395090096164
0.0420440046582371, 2388.0195199890295, 0.03299499803688377, 4.109814006369561, 1.8677769985515624, 33.74073099985253, 0.4311219963710755, 69.49115698807873, 912.7033350087004
0.042432991904206574, 2341.1959829973057, 0.04453300789464265, 4.007727999123745, 1.8179629987571388, 32.84167700621765, 0.416433991631493, 69.00906100054272, 895.4250690003391
0.030924988095648587, 2370.7799279945903, 0.033357006032019854, 4.053012991789728, 1.8875009991461411, 33.11220199975651, 0.43602399819064885, 69.04400400526356, 904.067234005197
0.031146002584137022, 2368.5711449943483, 0.032679992727935314, 4.030928990687244, 1.9138989882776514, 33.22025699890219, 0.4221580020384863, 69.05571599781979, 901.4251990010962
0.031068004318512976, 2392.3110680043465, 0.03298699448350817, 4.154781010583974, 1.9107989937765524, 33.3302229992114, 0.44312300451565534, 70.1111399976071, 915.0444460101426
0.04175600770395249, 2359.5492800086504, 0.03299499803688377, 4.084321000846103, 1.8693939928198233, 32.53992699319497, 0.47451999853365123, 69.31224999425467, 900.0392710004235
0.041997001972049475, 2369.6974250051426, 0.05448301089927554, 4.112391994567588, 1.9516469910740852, 33.04444100649562, 0.4457970062503591, 69.61580799543299, 901.0619949985994
0.04649499896913767, 2349.880406007287, 0.0484670017613098, 4.108630993869156, 1.915572996949777, 33.231002002139576, 0.4464189987629652, 69.20601100136992, 893.2885779940989
0.040206999983638525, 2343.4267550037475, 0.0426010083174333, 4.008577001513913, 1.8955359992105514, 33.94588400260545, 0.42216099973302335, 70.9407789981924, 894.7116310009733
0.042270999983884394, 2349.809021994588, 0.0335689983330667, 4.031770993606187, 1.8186649976996705, 33.70794600050431, 0.5154609971214086, 70.00947899359744, 897.1869800006971
0.032607000321149826, 2362.458235002123, 0.03428201307542622, 3.9998400025069714, 1.9193659973097965, 33.888157006003894, 0.44405300286598504, 70.1873100042576, 902.6056330039864
0.041302002500742674, 2366.304183000466, 0.03276599454693496, 4.075072007253766, 1.868509003543295, 34.35503899527248, 0.4687260079663247, 69.67009299842175, 901.9214780128095
0.03196799661964178, 2364.211701002205, 0.04485200042836368, 4.0133000002242625, 1.884069002699107, 33.86994499305729, 0.4646699962904677, 69.48596298752818, 901.3824310095515
0.04562300455290824, 2361.5244740067283, 0.053504991228692234, 4.05526599206496, 1.8364130082773045, 33.50716800196096, 0.4227419995004311, 69.35056801012252, 898.7720860022819
0.05218600563239306, 2351.179396006046, 0.03424700116738677, 4.0280969988089055, 1.8288459978066385, 32.885791995795444, 0.44505200639832765, 69.08314100292046, 894.5546290051425
0.04247899050824344, 2368.51213099726, 0.03328701131977141, 4.017273007775657, 1.853624009527266, 33.58773799845949, 0.46510298852808774, 69.12566600658465, 903.3764880005037
0.041983992559835315, 2357.7615820104256, 0.05300799966789782, 4.09650600340683, 1.8601030024001375, 33.92231499310583, 0.45531700015999377, 70.16213500173762, 898.5936740064062
0.052620001952163875, 2377.831672987668, 0.04488999547902495, 4.088439993211068, 1.9811599922832102, 33.12098000606056, 0.4937610065098852, 69.75608799257316, 905.9896460094023
0.030427996534854174, 2382.4452630069572, 0.023925007553771138, 4.169480002019554, 1.8690440047066659, 33.98226501303725, 0.45981099538039416, 68.9236940088449, 910.4909820016474
0.04305499896872789, 2360.824766990845, 0.03603199729695916, 4.015965998405591, 1.846646991907619, 33.59658000408672, 0.42416898941155523, 68.98009999713395, 898.0173180025304
0.04234300286043435, 2364.6896629943512, 0.03377698885742575, 4.13393801136408, 1.8693869933485985, 33.66497300157789, 0.4442789941094816, 69.4635969994124, 904.522195996833
0.03172000288031995, 2353.2884910091525, 0.03342200943734497, 3.9999110013013706, 1.8801410042215139, 33.991268996032886, 0.47818399616517127, 69.60816400533076, 901.4517489995342
0.043208012357354164, 2355.496400006814, 0.033208998502232134, 4.000105996965431, 1.8404750007903203, 33.28607899311464, 0.4381439939606935, 69.930451005348, 898.1789990066318
0.04444899968802929, 2350.525560992537, 0.033042000723071396, 3.985033996286802, 1.964173003216274, 33.648251002887264, 0.4276160034351051, 68.81994599825703, 897.9354850016534
0.03131700213998556, 2368.9032340043923, 0.034002994652837515, 4.061933999764733, 1.8738950020633638, 34.02860299684107, 0.4837000014958903, 69.52595799521077, 904.2026559909573
0.045724998926743865, 2368.3756579994224, 0.055060998420231044, 4.109127999981865, 1.8720369989750907, 34.17919600906316, 0.5110810016049072, 69.51914000092074, 904.0292179997778
0.031149000278674066, 2363.6262840009294, 0.035627002944238484, 4.033302000607364, 1.9251670019002631, 33.44764900975861, 0.4619370010914281, 69.82477998826653, 901.8160849955166
0.042808998841792345, 2360.5563739984063, 0.04373499541543424, 4.0163840021705255, 1.8626630044309422, 33.671507000690326, 0.4176009970251471, 69.28442500066012, 900.6100990081904
0.04728500789497048, 2353.618748995359, 0.053929994464851916, 4.114545998163521, 1.8893360102083534, 34.28983301273547, 0.40200499643106014, 69.88052200176753, 896.6823230002774
0.03275700146332383, 2328.8151629967615, 0.032651994843035936, 3.9791720046196133, 1.908322999952361, 33.59124199778307, 0.44960099330637604, 69.23586600169074, 886.2722830090206
0.0540490000275895, 2379.3935629946645, 0.04260399146005511, 4.0662649989826605, 1.8964079936267808, 34.14391899423208, 0.41241099825128913, 69.7580550040584, 907.1588340011658
0.04239300324115902, 2382.34361600189, 0.04725100006908178, 4.232448001857847, 1.9267239986220375, 32.94902500056196, 0.47409700346179307, 69.11298999330029, 905.9464309975738
0.031028990633785725, 2368.584114010446, 0.04331801028456539, 4.088525005499832, 1.9059430051129311, 33.590653009014204, 0.45535100798588246, 69.09550601267256, 903.038574004313
0.04267699841875583, 2364.20160101261, 0.03367300087120384, 4.025228001410142, 1.8528979999246076, 33.63013300986495, 0.40148200059775263, 69.30669200664852, 904.4277409993811
0.0392929941881448, 2350.6289240031037, 0.04201399860903621, 4.057296988321468, 1.9254440121585503, 34.01016899442766, 0.43820199789479375, 69.9663010018412, 896.4457659894833
0.03204798849765211, 2362.519299000269, 0.024474007659591734, 4.0194320026785135, 1.817313997889869, 33.422677995986305, 0.476016997708939, 70.31746399297845, 898.9461790042697
0.04193300264887512, 2348.949683990213, 0.052467003115452826, 4.055981000419706, 1.909767001052387, 33.72276699519716, 0.40814498788677156, 69.3948310072301, 899.9643659917638
0.042557003325782716, 2381.193583001732, 0.034658005461096764, 4.109438988962211, 1.877644011983648, 33.13239599810913, 0.3992349957115948, 69.42452398652676, 908.9002679975238
0.0316809891955927, 2395.8161209884565, 0.0530440011061728, 4.090279995580204, 1.811973997973837, 33.66795500915032, 0.46608300181105733, 68.61555499199312, 915.4783579870127
0.0316640071105212, 2369.4128210045164, 0.03345799632370472, 4.011690994957462, 1.8807320011546835, 34.21711600094568, 0.4264089948264882, 69.65503799438011, 903.844910004409
0.04160100070293993, 2375.9995010041166, 0.032917989301495254, 4.000882006948814, 1.8872410000767559, 33.47734200360719, 0.42772300366777927, 69.26526399911381, 900.5891300039366
0.032297990401275456, 2352.697171008913, 0.05324999801814556, 3.9879569958429784, 1.9606699934229255, 33.07001999928616, 0.42036800005007535, 69.23610100056976, 896.2359519937309
0.043988009565509856, 2359.4127379910788, 0.03484099579509348, 4.0814319945639, 1.8694740138016641, 33.856733003631234, 0.42750999273266643, 69.83718399715144, 904.6180400036974
0.04425500810611993, 2358.5075449955184, 0.0424250029027462, 4.0287560113938525, 1.8887499900301918, 33.31989300204441, 0.4339869919931516, 68.73056798940524, 896.9006119878031
0.03312499029561877, 2376.1092139902757, 0.04445400554686785, 4.151226006797515, 1.9181210082024336, 33.24989900283981, 0.42611200478859246, 69.96363900543656, 904.677584010642
0.053921001381240785, 2364.116123993881, 0.03162201028317213, 4.005412003607489, 1.8767029978334904, 33.776864991523325, 0.4408310051076114, 69.69355700130109, 902.0718399988255
0.04727000487037003, 2349.394620003295, 0.04418299067765474, 4.02380499872379, 1.8287819984834641, 33.442633008235134, 0.43672899482771754, 69.16726000781637, 895.3051119897282
0.045239998144097626, 2348.065191996284, 0.05634200351778418, 4.005324008176103, 1.9385449995752424, 33.11399099766277, 0.45899400720372796, 69.44035200285725, 896.716365008615
0.04234799416735768, 2409.2460149986437, 0.03797899989876896, 4.123070000787266, 1.8369699973845854, 33.58229900186416, 0.41572199552319944, 69.16566799918655, 919.0928290045122
0.032419004128314555, 2380.3847639937885, 0.04315299156587571, 4.106613007024862, 1.9062149949604645, 34.07073199923616, 0.4459220072021708, 70.27419700170867, 905.6730159936706
0.042307001422159374, 2368.2833120110445, 0.03297699731774628, 4.068257010658272, 1.8887769983848557, 33.16793299745768, 0.4405009967740625, 70.04959099867847, 903.1857980007771
0.04208800964988768, 2354.9143749987707, 0.03302100230939686, 4.0103689971147105, 1.8270020082127303, 34.181991999503225, 0.48121900181286037, 69.11202298942953, 897.615930007305
0.04108299617655575, 2361.9168769946555, 0.04227600584272295, 4.127348991460167, 1.8375929939793423, 33.997548001934774, 0.5470780015457422, 69.36378999671433, 901.5986610029358
0.04805499338544905, 2383.2661180058494, 0.03319799725431949, 4.136103991186246, 1.871512009529397, 34.32817199791316, 0.43011999514419585, 69.25978099752683, 907.9860789934173
0.04540500231087208, 2388.071489011054, 0.033899996196851134, 4.09982301061973, 1.8917640118161216, 33.19582900439855, 0.38574199425056577, 69.62290201045107, 910.464126005536
0.04157700459472835, 2369.6283050085185, 0.05568499909713864, 4.074031006894074, 1.9010880059795454, 33.77831600664649, 0.4214869986753911, 68.85718001285568, 902.7176270028576
0.030798997613601387, 2345.3093440039083, 0.03359599213581532, 4.053317999932915, 1.88876899483148, 33.57243099890184, 0.504774012370035, 69.51174899586476, 893.1134750018828
0.03140300395898521, 2363.027643994428, 0.05334900924935937, 4.011295997770503, 1.8478749989299104, 33.59169099712744, 0.42129799840040505, 69.36448799388018, 899.6310450020246
0.04233600338920951, 2365.193324003485, 0.03356400702614337, 4.063692991621792, 1.8721689993981272, 33.93149600015022, 0.4094769974472001, 69.22605900035705, 900.6161730067106
0.041202991269528866, 2371.204677998321, 0.0322499981848523, 4.139301992836408, 1.8902520096162334, 33.669716998701915, 0.43288500455673784, 69.99234900285956, 904.1810850030743
0.031871008104644716, 2397.725237009581, 0.0328659953083843, 4.050540999742225, 1.8800179968820885, 33.457527999416925, 0.415636008256115, 69.4745939981658, 913.300883010379
0.042073006625287235, 2400.604267997551, 0.05286998930387199, 4.147052997723222, 1.9144660036545247, 33.527213003253564, 0.46861800365149975, 68.97470899275504, 916.2700640008552
0.03131000266876072, 2370.0547690095846, 0.033442003768868744, 4.068064008606598, 1.8544720078352839, 33.81240900489502, 0.4278730048099533, 69.72473800124135, 903.5298539965879
0.04163499397691339, 2377.5798519927775, 0.05015698843635619, 4.03774699952919, 1.8789140012813732, 33.04958499211352, 0.4398099990794435, 69.41876299970318, 903.8859349966515
0.04120200173929334, 2363.910047002719, 0.044742002501152456, 4.038084007333964, 1.8821840058080852, 33.556135997059755, 0.4091629962204024, 69.0816900023492, 900.9828129928792
0.04250799247529358, 2390.832434000913, 0.023966000298969448, 4.079168997122906, 1.83617600123398, 33.80927500256803, 0.3878429997712374, 69.53159200202208, 913.6031420057407
0.04462400102056563, 2364.200391995837, 0.03596401074901223, 3.999171996838413, 1.8070910009555519, 34.319648999371566, 0.4037999897263944, 68.93443899753038, 899.9666090094252
0.04199499380774796, 2351.731250004377, 0.0541159970453009, 4.028459996334277, 1.8174619908677414, 33.79322899854742, 0.42751799628604203, 69.25533400499262, 898.5500489943661
0.03072999243158847, 2349.8611630056985, 0.04955800250172615, 4.03756600280758, 1.9060630002059042, 33.61459200095851, 0.46132800343912095, 68.99102200986817, 894.1408789978595
0.05665900243911892, 2353.0309710040456, 0.033029005862772465, 4.00891101162415, 1.8717730126809329, 33.955168997636065, 0.43723599810618907, 69.05590700625908, 893.1181949883467
0.04226400051265955, 2372.5397320085904, 0.04351501411292702, 4.089816997293383, 1.926545999594964, 33.84863100654911, 0.48531399806961417, 69.99646499752998, 906.1868029966718
0.03164900408592075, 2351.0164439940127, 0.034522992791607976, 4.104375999304466, 1.929252000991255, 33.220787008758634, 0.3962439950555563, 69.23025799915195, 894.3110779946437
0.032127005397342145, 2355.1380319986492, 0.05364100798033178, 4.0477680013282225, 1.8828200118150562, 33.434051991207525, 0.42187700455542654, 69.01661500160117, 900.0867889990332
0.03222899977117777, 2351.365495007485, 0.053570998716168106, 4.0987539978232235, 1.8933249957626686, 33.31755299586803, 0.44557500223163515, 69.72806100384332, 893.8324320042739
0.0316640071105212, 2349.1526680008974, 0.05321500066202134, 4.009554002550431, 1.9771880033658817, 32.93870000925381, 0.4785939963767305, 69.0321669972036, 893.261422010255
0.03172000288031995, 2414.633550986764, 0.02454899367876351, 4.071602990734391, 1.8606149969855323, 33.70145699591376, 0.4421379999257624, 69.40719000704121, 921.8795470078476
0.045989989303052425, 2352.0277550123865, 0.04309399810153991, 4.196804002276622, 1.8863769946619868, 33.71613200579304, 0.48823100223671645, 69.76702499378007, 898.5752940061502
0.042656000005081296, 2352.9117190046236, 0.0319150130962953, 4.006000992376357, 1.956819003680721, 32.88764700118918, 0.4148239968344569, 69.345178999356, 897.370406994014
0.04221400013193488, 2391.6797779966146, 0.053499999921768904, 4.117983000469394, 1.827544008847326, 34.05737099819817, 0.4085369873791933, 69.58310399204493, 911.7075209942413
0.03320799442008138, 2362.6673849939834, 0.044679996790364385, 3.998343992861919, 1.9250869954703376, 33.997989987256005, 0.41368301026523113, 69.33967101213057, 896.9781079940731
0.03130800905637443, 2372.623591989395, 0.043553998693823814, 4.104758001631126, 1.8846610037144274, 33.71668899490032, 0.40754000656306744, 68.77018899831455, 902.3077379970346
0.030428011086769402, 2345.425504987361, 0.03240899241063744, 3.978391003329307, 1.8553429981693625, 33.19356399879325, 0.4171980108367279, 68.93078899884131, 892.5043399940478
0.03257399657741189, 2343.4737310017226, 0.04979499499313533, 4.071275005117059, 1.8532050016801804, 34.12097399996128, 0.5047229933552444, 69.1476159990998, 894.4827749946853
0.04157300281804055, 2359.9165589985205, 0.03257900243625045, 4.007615993032232, 1.9032639975193888, 32.91191499738488, 0.4432509886100888, 69.15405200561509, 895.0323730095988
0.03150699194520712, 2346.8860709981527, 0.0238130014622584, 3.985015006037429, 1.8140600004699081, 32.894224001211114, 0.4293259989935905, 69.09826399351005, 895.8430760103511
0.03108401142526418, 2357.3667369928444, 0.03434901009313762, 4.035584992379881, 1.9155220070388168, 34.11862600478344, 0.4414290015120059, 69.31443299981765, 900.708824992762
0.03215300966985524, 2326.12291201076, 0.024191002012230456, 3.945884993299842, 1.829909990192391, 32.58751300745644, 0.40209699363913387, 68.69876499695238, 888.5396030091215
0.03143999492749572, 2352.2862609970616, 0.025501009076833725, 4.034892001072876, 1.88300599984359, 33.837882001535036, 0.42095599928870797, 68.90646199462935, 896.5808850043686
0.031517993193119764, 2357.088114004, 0.02361999941058457, 4.0182160009862855, 1.8698950007092208, 33.06754000368528, 0.40812698716763407, 69.09168598940596, 898.4195259981789
0.03227699198760092, 2404.108490998624, 0.05437700019683689, 4.130038010771386, 1.8415009981254116, 32.87726399139501, 0.5051120097050443, 69.76334701175801, 915.2308789925883
0.0421779986936599, 2354.090577995521, 0.033813994377851486, 3.9896679954836145, 1.878191003925167, 33.683921006741, 0.41935300396289676, 70.02922699030023, 895.9758309938479
0.043469000956974924, 2395.2692659950117, 0.043620006181299686, 4.065743007231504, 1.940933012519963, 33.63676500157453, 0.3832060028798878, 68.78959799360018, 911.779732996365
0.03278799704276025, 2366.211790998932, 0.05408799916040152, 4.126892003114335, 1.9163910037605092, 33.615420004935004, 0.4480009956751019, 69.10627099568956, 899.6983049873961
0.03129900142084807, 2366.9574209925486, 0.03329699393361807, 4.125805004150607, 1.9106949912384152, 41.22536200156901, 0.45003899140283465, 69.07698999566492, 926.0052160097985
0.03204400127287954, 2348.605425999267, 0.03220599319320172, 4.020222011604346, 1.890072991955094, 33.89576499466784, 0.45428299927152693, 69.2265269899508, 894.9380599951837
0.04093100142199546, 2372.7393389999634, 0.043099993490614, 4.0398519922746345, 1.845241989940405, 33.591744999284856, 0.401245997636579, 69.64259599044453, 905.6648400000995
0.04472599539440125, 2352.7048980031395, 0.0532240082975477, 4.022187989903614, 1.9142209930578247, 33.472220005933195, 0.5220859893597662, 69.64430700463708, 896.8553570011863
0.03975701110903174, 2360.9084429917857, 0.031960997148416936, 4.054981007357128, 1.8564130004961044, 34.24949799955357, 0.41163599235005677, 70.78390900278464, 903.7457730009919
0.03156799357384443, 2351.1398330010707, 0.039081001887097955, 3.976709005655721, 1.9010410032933578, 34.20714598905761, 0.449056999059394, 69.24214999889955, 899.1539150010794
0.04666901077143848, 2357.2485619952204, 0.03333599306643009, 4.046699992613867, 1.8943619943456724, 33.00525600207038, 0.399173004552722, 69.98163899697829, 898.1438430055277
0.031110001145862043, 2352.382197001134, 0.04741399607155472, 4.023137997137383, 1.8888240010710433, 33.87957300583366, 0.44897700718138367, 68.85878399771173, 898.594227997819
0.040762999560683966, 2397.109521989478, 0.053620009566657245, 4.1116700012935326, 1.9655069918371737, 33.67786399030592, 0.4704689927166328, 69.87388400011696, 916.9037170067895
0.05673599662259221, 2362.8309789928608, 0.02352999581489712, 3.9836310024838895, 1.8437149992678314, 33.0195879942039, 0.4025999951409176, 69.1789720003726, 900.7326069986448
0.03167100658174604, 2355.33644600946, 0.0534839928150177, 4.018844003439881, 1.931393999257125, 33.446133995312266, 0.44019300548825413, 69.43310399947222, 896.396834999905
0.03265499253757298, 2361.277339994558, 0.04667500616051257, 4.1092190076597035, 1.8767990113701671, 33.605823991820216, 0.49083300109487027, 69.96599500416778, 899.6570890012663
0.045545006287284195, 2377.478422000422, 0.02323399530723691, 4.1055769979720935, 1.8321940005989745, 33.586210993235, 0.44448900735005736, 69.48366499273106, 904.7343069978524
0.03084600029978901, 2342.280254000798, 0.0439830037066713, 4.058468999573961, 1.84868200449273, 34.11051500006579, 0.4185779980616644, 69.1541299893288, 890.9596540033817
0.03119200118817389, 2366.1200669885147, 0.04787299258168787, 4.018056992208585, 1.874089997727424, 33.27329800231382, 0.4533760074991733, 69.80570299492683, 904.5226009911858
0.022427004296332598, 2375.1018140028464, 0.03393201041035354, 4.132114991080016, 1.8559299933258444, 33.683486995869316, 0.38818099710624665, 70.10775800154079, 907.206560994382
0.032163996365852654, 2348.449246987002, 0.03380700945854187, 4.072662006365135, 1.8666099931579083, 32.81312598846853, 0.45900599798187613, 68.90175999433268, 894.1197219974129
0.0321629922837019, 2411.529878998408, 0.0343060091836378, 4.151155008003116, 1.8649959965841845, 33.88673199515324, 0.4344209883129224, 70.18339000933338, 922.1240590122761
0.040601007640361786, 2394.4235450035194, 0.04798900044988841, 4.17274099891074, 1.8417530081933364, 34.29774800315499, 0.45873099588789046, 69.621171001927, 909.3934359989362
0.03190200368408114, 2361.89990999992, 0.05750800482928753, 4.0972999995574355, 1.9748060003621504, 33.415694007999264, 0.44269800127949566, 69.53239299764391, 901.770744996611
0.04233101208228618, 2383.459231990855, 0.032773998100310564, 4.078224010299891, 1.8262319936184213, 34.225964001961984, 0.44046700350008905, 68.85555399639998, 907.1981349989073
0.05953400977887213, 2358.966433996102, 0.023739004973322153, 4.0844979957910255, 1.875735993962735, 34.03734200401232, 0.5253230046946555, 69.13246899785008, 899.3380930041894
0.031253002816811204, 2363.003133010352, 0.0428569910582155, 4.085526001290418, 1.8644500087248161, 33.94434000074398, 0.45792800665367395, 69.42858699767385, 899.7931920021074
0.04841000190936029, 2359.364481002558, 0.0334859942086041, 4.071703995577991, 1.8551050015958026, 33.03783800220117, 0.4512370069278404, 69.23888699384406, 898.176157992566
0.04230499325785786, 2406.0822629980976, 0.04466499376576394, 4.174757996224798, 1.9909580005332828, 33.82192400749773, 0.4432319983607158, 69.57893700746354, 918.0972399917664
0.03208599810022861, 2350.1141800079495, 0.034042997867800295, 4.026439011795446, 1.9262590067228302, 32.955164002487436, 0.4531050071818754, 68.97619798837695, 896.6832070000237
0.0317859958158806, 2353.225327009568, 0.044294007238931954, 4.046499001560733, 1.9007689988939092, 33.19785199710168, 0.4373029951239005, 68.74662099289708, 893.0995769915171
0.059291007346473634, 2348.0960790038807, 0.023111992049962282, 4.012043995317072, 1.83458199899178, 33.66668100352399, 0.39303599623963237, 69.37039000331424, 893.4479020099388
0.048932997742667794, 2364.018236999982, 0.02324300294276327, 3.9849239983595908, 1.825004001148045, 33.88424099830445, 0.41497600614093244, 69.67800499114674, 903.2467479992192
0.04050800635013729, 2340.541551995557, 0.041701001464389265, 4.017781000584364, 1.920046008308418, 33.63290199195035, 0.44654500379692763, 70.17475699831266, 892.3707469948567
0.03175799793098122, 2376.0200850083493, 0.02409999433439225, 3.9822649996494874, 1.852628993219696, 33.034044012310915, 0.40586300019640476, 69.1064399870811, 904.8059530032333
0.03234900941606611, 2371.4646000007633, 0.04440400516614318, 4.038735991343856, 1.8656939937500283, 33.600846989429556, 0.3988390089944005, 68.95980999979656, 903.4645409992663
0.03222899977117777, 2340.8604369906243, 0.042359999497421086, 3.980038993177004, 1.8922000017482787, 33.79698100616224, 0.43189899588469416, 69.52000700403005, 893.2921550003812
0.03130099503323436, 2357.3470099945553, 0.04509100108407438, 4.018292995169759, 1.874160996521823, 33.744343993021175, 0.48378999053966254, 69.6930389967747, 897.5531850010157
0.031212999601848423, 2369.653355999617, 0.03185900277458131, 4.130574001464993, 1.8795149953803048, 33.45378099766094, 0.44947999413125217, 69.862821008428, 900.3027309954632
0.031198011129163206, 2354.6006989927264, 0.04390699905343354, 4.01853299990762, 1.858884992543608, 34.0362919960171, 0.46118600585032254, 69.2102549946867, 899.8695089976536
0.05168901407159865, 2350.3382070048247, 0.04209300095681101, 4.10057399130892, 1.8427489994792268, 33.69751099671703, 0.42345600377302617, 68.920731995604, 895.7796059985412
0.04224599979352206, 2341.4708750060527, 0.053652009228244424, 4.053572993143462, 1.8459030106896535, 33.06573200097773, 0.40412899397779256, 68.80930699117016, 892.9691399971489
0.03125899820588529, 2354.2181299999356, 0.037784004234708846, 4.017251994810067, 1.8812269991030917, 33.74514399911277, 0.41359500028192997, 69.15786399622448, 900.2807449869579
0.031311996281147, 2367.009933994268, 0.03416699473746121, 3.994686994701624, 1.9350439979461953, 33.98754200316034, 0.4833370039705187, 69.24125099612866, 902.7824190125102
0.02813200990203768, 2349.1250529914396, 0.04253700899425894, 4.030572003102861, 1.8420730048092082, 33.35430400329642, 0.5844639963470399, 69.3420360039454, 893.4321740089217
0.04205299774184823, 2363.3152620022884, 0.05349201092030853, 4.3261579994577914, 1.9192999898223206, 32.99016400706023, 0.43150999408680946, 69.76970499090385, 898.5311610013014
0.04411500412970781, 2369.355008006096, 0.042468003812246025, 4.075238000950776, 1.8708249990595505, 34.023867003270425, 0.4461390053620562, 69.65937200584449, 903.0449520068942
0.04410000110510737, 2354.391045999364, 0.05321799835655838, 4.017052997369319, 1.9636140059446916, 33.48454899969511, 0.5007769941585138, 69.6982770023169, 895.3892599965911
0.030690993298776448, 2360.2600770100253, 0.04394300049170852, 4.006385002867319, 1.9555680046323687, 33.42763399996329, 0.5062580021331087, 69.24824000452645, 898.3328019967303
0.059762009186670184, 2362.16195099405, 0.03322999691590667, 4.030552998301573, 1.848687999881804, 33.80879900942091, 0.445696001406759, 69.16347700462211, 901.7776269902242
0.04264000745024532, 2373.5352190124104, 0.04301298758946359, 4.13872700300999, 1.863919009338133, 33.28874800354242, 0.510523997945711, 68.92883199907374, 903.8480790040921
0.030486000468954444, 2342.60933000769, 0.05235899880062789, 4.028419993119314, 1.8665139941731468, 33.40165900590364, 0.4296590050216764, 70.08936499187257, 893.6099540005671
0.03178499173372984, 2343.5436290019425, 0.05807499110233039, 3.9942650037119165, 1.8999519961653277, 33.72412499447819, 0.46814199595246464, 70.10134399752133, 897.4452149996068
0.04187999002169818, 2370.90986900148, 0.035007993574254215, 3.9939069974934682, 1.984169997740537, 34.07996399619151, 0.4379619931569323, 69.78782200894784, 905.8440810040338
0.04164899291936308, 2363.9643299975432, 0.03171600110363215, 4.053822995047085, 1.907782003399916, 33.25325499463361, 0.40901999454945326, 69.46606500423513, 902.4570040055551
0.03188700065948069, 2371.880434002378, 0.0582490029046312, 4.0231059974757954, 1.8481769948266447, 33.315039006993175, 0.4426860105013475, 69.01464800466783, 902.0949289988494
0.03228799323551357, 2351.552721011103, 0.043002000893466175, 4.0156009927159175, 1.854916990851052, 32.69467600330245, 0.4303760069888085, 68.94149900472257, 898.3993209985783
0.031128001864999533, 2343.332404998364, 0.04920100036542863, 3.992109006503597, 1.8745319976005703, 33.55494199786335, 0.4954730102326721, 69.73892399400938, 892.9190289927647
0.03969299723394215, 2340.222618993721, 0.04285499744582921, 4.113118993700482, 1.8917679990408942, 33.667113006231375, 0.473307998618111, 69.11919399863109, 889.831103006145
0.03202799416612834, 2368.711338000139, 0.023397995391860604, 4.035363992443308, 1.8113749974872917, 33.0866389995208, 0.42869999015238136, 69.57247600075789, 902.924576002988
0.042530999053269625, 2378.9352040039375, 0.03270900924690068, 4.116878000786528, 1.8691989971557632, 32.69784900476225, 0.42429000313859433, 68.34427198919002, 905.3091189998668
0.03434199606999755, 2364.1784919891506, 0.032131007174029946, 4.039616003865376, 1.8783660052577034, 32.57160600333009, 0.4219959955662489, 68.92269600939471, 899.1154690011172
0.03180300700478256, 2393.0237790045794, 0.0336740049533546, 4.0847619966370985, 1.8569789972389117, 33.36766199208796, 0.3867799969157204, 69.902622999507, 912.7217500063125
0.04139900556765497, 2352.6859910052735, 0.03402600123081356, 4.06361700152047, 1.8436919926898554, 33.47846100223251, 0.4592199984472245, 69.30920299782883, 895.3804440097883
0.04215099033899605, 2400.51306199166, 0.03357000241521746, 4.1219779959646985, 1.8692879966693, 33.86271400086116, 0.43818399717565626, 69.0782780002337, 911.0467790014809
0.03159900370519608, 2383.283211005619, 0.03345399454701692, 4.0756859962129965, 1.8740359955700114, 32.81698499631602, 0.4656160017475486, 69.06059000175446, 906.9301100098528
0.04280399298295379, 2365.9422539931256, 0.03322400152683258, 4.0846780029824, 1.8848609906854108, 33.17253099521622, 0.4084840038558468, 69.12693999765906, 901.5335299918661
0.031257004593499005, 2368.744139006594, 0.023029002477414906, 3.9913540094858035, 1.900328992633149, 34.07783099100925, 0.42902500717900693, 69.28090199653525, 904.4057940045604
0.04092400195077062, 2372.2509079962038, 0.042669009417295456, 4.064595996169373, 1.9025369983864948, 34.33456701168325, 0.43583101069089025, 69.88508699578233, 906.5538940049009
0.03174498851876706, 2372.713017000933, 0.045926994062028825, 4.113723000045866, 1.908646008814685, 33.168023990583606, 0.45298199984245, 69.27068799268454, 906.5813970082672
0.03056300920434296, 2336.301594012184, 0.03207499685231596, 3.9895499940030277, 1.8957419961225241, 33.655791005003266, 0.4208390018902719, 68.67336398863699, 890.5026510037715
0.042378000216558576, 2363.1774530076655, 0.04289299249649048, 4.040778003400192, 1.8351629987591878, 33.24795300432015, 0.4436040035216138, 69.06788400374353, 898.9390039932914
0.051897994126193225, 2359.445798007073, 0.054442003602162004, 4.118016004213132, 1.8948119977721944, 33.66047301096842, 0.41464201058261096, 69.57623700145632, 898.622234002687
0.039111997466534376, 2354.669679989456, 0.03598000330384821, 4.028381998068653, 1.9355049880687147, 33.74115999031346, 0.41020099888555706, 69.8726069967961, 897.6033759972779
0.04342698957771063, 2381.26912000007, 0.034118012990802526, 4.060748004121706, 1.9494709995342419, 33.714008997776546, 0.4741949960589409, 70.04944699292537, 907.2848619980505
0.03166199894621968, 2365.8875660039485, 0.04897499457001686, 4.128799002501182, 1.8739380029728636, 33.55951099365484, 0.4778889997396618, 69.27843399171252, 900.342382999952
0.03359599213581532, 2368.9795000100276, 0.058478995924815536, 4.086414002813399, 1.8589960091048852, 34.460413007764146, 0.4286709881853312, 69.38948799506761, 903.2374639937188
0.03231799928471446, 2358.0006360134576, 0.0428729981649667, 4.073367003002204, 1.9068999972660094, 32.86111399938818, 0.430749001679942, 68.82858599419706, 902.9623830138007
0.04190999607089907, 2350.848952002707, 0.05458400119096041, 4.050657997140661, 1.9364939944352955, 33.89048199460376, 0.4241290007485077, 70.07229299051687, 899.0981630049646
0.030809998861514032, 2370.8153879997553, 0.03479899896774441, 4.046690999530256, 1.82677099655848, 34.142071002861485, 0.42772700544446707, 69.54076400143094, 901.3779289962258
0.042359999497421086, 2371.4645430009114, 0.03432900120969862, 4.053633994772099, 1.893024003948085, 33.68961199885234, 0.4285379982320592, 69.25647900789045, 905.4691019991878
0.030744995456188917, 2407.5626139965607, 0.05435000639408827, 4.133414011448622, 1.9693869980983436, 33.306053999694996, 0.44017100299242884, 69.84238000586629, 922.1117879933445
0.033446995075792074, 2380.1647310028784, 0.04429099499247968, 4.097286990145221, 1.849345993832685, 33.270957006607205, 0.48255598812829703, 69.59428200207185, 905.4405770002631
0.05272601265460253, 2352.728458994534, 0.032871990697458386, 3.9905330049805343, 1.864739999291487, 34.11737499118317, 0.4071060102432966, 69.11054899683222, 897.2344719950343
0.05672199768014252, 2367.797068989603, 0.03371200000401586, 4.046909001772292, 1.8798800010699779, 33.18959000171162, 0.39822800317779183, 69.16997999360319, 903.3713599928888
0.04252399958204478, 2392.3345520015573, 0.03415699757169932, 4.048792005050927, 1.914113003294915, 34.14547900320031, 0.4158289957558736, 69.90454299375415, 914.2113349953433
0.0431160005973652, 2365.0228760088794, 0.023658998543396592, 4.042535001644865, 1.8980919994646683, 33.064148999983445, 0.4927509871777147, 69.76441299775615, 899.9957619962515
0.02251099795103073, 2378.0663469951833, 0.03738200757652521, 4.083665000507608, 1.8525789928389713, 33.344594994559884, 0.5730700067942962, 69.39401901036035, 903.5206080006901
0.031746007152833045, 2390.130075000343, 0.043463005567900836, 4.1512839961797, 1.9255369988968596, 33.926425996469334, 0.40128600085154176, 69.68223399599083, 913.3655570039991
0.031925010262057185, 2372.0306150062243, 0.02384799881838262, 4.014427002402954, 1.8214709998574108, 33.4438090067124, 0.4506469995249063, 69.3465669901343, 904.8042520007584
0.03872098750434816, 2378.065761993639, 0.03254500916227698, 4.12115799554158, 1.8739259976428002, 33.73161600029562, 0.4320959997130558, 69.13512200117111, 904.3721749912947
0.032266005291603506, 2359.005081001669, 0.04685600288212299, 4.088315996341407, 1.8549149972386658, 33.246931998291984, 0.4270350036676973, 68.9750090095913, 899.8764560092241
0.04110099689569324, 2380.3429899999173, 0.03265899431426078, 4.097188008017838, 1.8795799987856299, 34.46655200968962, 0.5567279877141118, 69.58927899540868, 904.0215440036263
0.04138499207329005, 2380.1130689971615, 0.04555200575850904, 4.12565800070297, 1.9005009962711483, 33.01245300099254, 0.47659299161750823, 69.61464199412148, 906.5479459968628
0.02128299092873931, 2378.1730229966342, 0.03491100505925715, 4.066435998538509, 1.858201008872129, 33.81531999912113, 0.41988000157289207, 69.33233099698555, 909.9798599927453
0.041184990550391376, 2367.2724239877425, 0.04433598951436579, 4.01772499026265, 1.8520659941714257, 32.92887999850791, 0.525188006577082, 69.71928699931595, 900.6661000021268
0.03141500928904861, 2374.9318680056604, 0.0427310005761683, 4.145819999394007, 1.8967100040754303, 33.81892399920616, 0.38572899939026684, 69.90443399990909, 901.3782649999484
0.03727400326170027, 2355.3025139990496, 0.054311007261276245, 4.021118002128787, 1.82089299778454, 33.209535002242774, 0.4090430011274293, 68.9672820008127, 900.4462089942535
0.03260800440330058, 2367.9323899996234, 0.043271007598377764, 4.01708998833783, 1.8601330084493384, 33.36433199001476, 0.42126700282096863, 69.82186499226373, 901.4027290104423
0.03878399729728699, 2354.914571988047, 0.03177500911988318, 3.965794006944634, 1.9061639904975891, 34.159496004576795, 0.43660700612235814, 70.54950899328105, 900.1765959983459
0.04169800376985222, 2347.4196389870485, 0.03266301064286381, 4.026612004963681, 1.8037599948002025, 33.95573000307195, 0.4991979949409142, 68.95092700142413, 892.0000810030615
0.04277199332136661, 2363.6664469959214, 0.04280300345271826, 4.022092995001003, 1.9307690090499818, 33.901529997820035, 0.43991999700665474, 70.01833499816712, 899.6941030054586
0.03928400110453367, 2353.287181002088, 0.042270999983884394, 4.026744994916953, 1.8467689951648936, 34.71003299637232, 0.5305480008246377, 69.69919000403024, 897.6800759992329
0.031167000997811556, 2354.2168230051175, 0.034334996598772705, 4.045533001772128, 1.923846997669898, 34.13773600186687, 0.5101659917272627, 69.43741800205316, 897.7282159903552
0.04135799827054143, 2374.170150011196, 0.05484800203703344, 4.0573939913883805, 1.8520989979151636, 33.09846599586308, 0.4091540031367913, 69.74844700016547, 903.8302920089336
0.022092004655860364, 2356.7785150080454, 0.04439600161276758, 4.101829006685875, 2.1339070081012323, 34.04659700754564, 0.4066640103701502, 69.17842100665439, 902.776642004028
0.03182000364176929, 2355.4872199893, 0.043171996367163956, 4.042303000460379, 1.8859209958463907, 33.20722500211559, 0.4434870061231777, 69.72658600716386, 898.0411829979857
0.041624007280915976, 2366.3470069877803, 0.03291398752480745, 3.9938340050866827, 1.8274219910381362, 33.42171300027985, 0.43323000136297196, 70.4494289966533, 899.633074994199
0.045662003685720265, 2344.2763009952614, 0.04949999856762588, 4.059739003423601, 1.8785670108627528, 33.50969999155495, 0.42669300455600023, 69.05977900896687, 893.1693800113862
0.0445100013166666, 2368.5382660041796, 0.04172101034782827, 4.036213998915628, 1.8812570051522925, 34.93822099699173, 0.4628160095307976, 69.92950299172662, 905.8018289942993
0.032513999030925333, 2363.9572630054317, 0.03491200914140791, 4.031634001876228, 1.8901990115409717, 33.947074989555404, 0.415802001953125, 69.35156699910294, 901.9605399953434
0.05081399285700172, 2358.661234989995, 0.04237701068632305, 4.052364995004609, 1.8533160036895424, 34.382879006443545, 0.4717250121757388, 69.63948399061337, 901.8124659924069
0.030908006010577083, 2351.7541239998536, 0.05325001257006079, 4.066046996740624, 1.8814630020642653, 33.600505004869774, 0.41540199890732765, 69.88835700030904, 897.0038249972276
0.044903994421474636, 2351.792839996051, 0.058649995480664074, 4.03437799832318, 1.8908600031863898, 33.31205199356191, 0.4376019933260977, 69.27887799974997, 895.0971009908244
0.031634990591555834, 2361.5357460075757, 0.05380698712542653, 4.1140370012726635, 1.8548569933045655, 33.723569998983294, 0.47998299123719335, 70.26305499312002, 902.1743990015239
0.05409499863162637, 2347.018473999924, 0.04931099829263985, 4.034686004160903, 1.8980599998030812, 34.35262200946454, 0.4802329931408167, 70.30834699980915, 892.3571490013273
0.030813011107966304, 2353.7384560040664, 0.04502601223066449, 4.017394006950781, 1.9199319940526038, 33.61112700076774, 0.44345798960421234, 69.4130840129219, 899.6659919939702
0.0417889968957752, 2356.035320990486, 0.054019998060539365, 4.100741003639996, 1.9356099946890026, 33.14817299542483, 0.45168200449552387, 69.477317010751, 897.5230079959147
0.040875005652196705, 2361.2259770015953, 0.04184999852441251, 4.071014991495758, 1.9209109887015074, 33.78807099943515, 0.4225100128678605, 69.29485000728164, 899.9050660058856
0.0315549987135455, 2362.0624909963226, 0.044836007873527706, 4.026630995213054, 1.8805919971782714, 33.7820249987999, 0.3913200052920729, 69.88781099789776, 904.1661250084871
0.03236399788875133, 2369.517981991521, 0.03246401320211589, 4.059115992276929, 1.8663950031623244, 34.32252199854702, 0.4341809981269762, 68.95202699524816, 898.752206005156
0.040184997487813234, 2350.2653169998666, 0.04449000698514283, 4.062620995682664, 1.8427159957354888, 33.88759300287347, 0.4500719951465726, 70.06227900274098, 898.7001920031616
0.032809999538585544, 2373.1426790036494, 0.023611006326973438, 4.0483279881300405, 1.816424002754502, 33.76838000258431, 0.42721800855360925, 69.65323899930809, 904.001528993831
0.042342988308519125, 2372.778664008365, 0.03352599742356688, 4.055249999510124, 1.8825440056389198, 34.19354600191582, 0.4611750046024099, 69.11378199583851, 902.4802900094073
0.032010997529141605, 2372.753493997152, 0.03393000224605203, 4.005761991720647, 1.8690439901547506, 33.65530600422062, 0.44049599091522396, 71.17657200433314, 902.4816979945172
0.04190500476397574, 2336.950273005641, 0.04748099308926612, 4.0132090070983395, 1.8925210024463013, 33.10124600830022, 0.47734299732837826, 68.72909700905439, 891.6736239916645
0.04236100357957184, 2363.0014920054236, 0.05436599894892424, 4.0925700013758615, 1.9064789958065376, 33.354746003169566, 0.4293990059522912, 69.05516199185513, 900.0323789950926
0.04235499363858253, 2380.089971993584, 0.05406299897003919, 4.090178001206368, 1.8828039901563898, 34.32164799596649, 0.47245799214579165, 69.34915800229646, 905.590785012464
0.042558007407933474, 2377.884722998715, 0.031988995033316314, 4.0707350126467645, 1.881578005850315, 33.26873100013472, 0.41604899161029607, 69.34410899702925, 904.2685750027886
0.03955399733968079, 2356.088140004431, 0.04191999323666096, 4.055851997691207, 1.8681049987208098, 34.005188004812226, 0.4345420020399615, 68.75063199549913, 898.5030990006635
0.040251004975289106, 2380.743417990743, 0.042382001993246377, 4.073833013535477, 1.9213519990444183, 33.417138998629525, 0.49726900761015713, 69.54343999677803, 905.1693560031708
0.03291599568910897, 2380.6844169885153, 0.045572000090032816, 4.101584010641091, 1.9092309958068654, 33.796099000028335, 0.3771419869735837, 69.50380800117273, 910.3662700072164
0.044571992475539446, 2367.4525910028024, 0.033096992410719395, 4.063861997565255, 1.8662549991859123, 33.4540920011932, 0.45198599400464445, 68.83929800824262, 900.1605740049854
0.0314089993480593, 2362.8231809998397, 0.043441003072075546, 4.040258005261421, 1.9830480014206842, 34.33022699027788, 0.4843079950660467, 69.6369049983332, 900.3136949904729
0.046886998461559415, 2381.460820004577, 0.03302400000393391, 4.076102006365545, 1.8517520074965432, 33.762812992790714, 0.4164669953752309, 70.08564000716433, 909.7491689899471
0.041792998672463, 2350.8289549936308, 0.044216998503543437, 3.979840999818407, 1.854514004662633, 33.68575400963891, 0.45613299880642444, 69.24594099109527, 899.9093159945915
0.021101004676893353, 2393.312176995096, 0.03444100730121136, 4.05859800230246, 1.9402559992158785, 33.61400301218964, 0.4059130005771294, 69.38698700105306, 911.2181499949656
0.04180999530944973, 2363.138740998693, 0.031764007871970534, 4.080497004906647, 1.9283190049463883, 32.5826720072655, 0.4420549958012998, 69.03444000636227, 900.4594449943397
0.031257004593499005, 2342.8154819994234, 0.05174700345378369, 4.058719001477584, 1.9025970104848966, 33.24121900368482, 0.44695699762087315, 69.3547370028682, 893.1729089963483
0.044146989239379764, 2351.0725809901487, 0.04325200279708952, 4.009402997326106, 1.9888850074494258, 33.73759599344339, 0.4551650054054335, 68.98839899804443, 895.0055799941765
0.03172100696247071, 2364.698278004653, 0.033074000384658575, 4.041506996145472, 1.8561670003691688, 33.878157002618536, 0.40836101106833667, 68.61563299025875, 900.9767490060767
0.03220900543965399, 2365.6531059968984, 0.043666004785336554, 4.033074001199566, 1.8973779951920733, 33.50061899982393, 0.43248600559309125, 69.5751739986008, 901.8814230075805
0.04377200093585998, 2373.390897002537, 0.03640900831669569, 4.179387993644923, 1.8365170108154416, 33.634532999712974, 0.4257100081304088, 69.28724401223008, 906.0718260006979
0.020966996089555323, 2341.695126000559, 0.04444099613465369, 4.114205003133975, 1.9013450073543936, 32.84969599917531, 0.47169999743346125, 70.08644800225738, 893.2946889981395
0.022248990717343986, 2368.5473469959106, 0.044047003029845655, 4.126694999285974, 1.9210109894629568, 33.5321659949841, 0.42228499660268426, 69.7593219956616, 903.6293229873991
0.04161900142207742, 2376.882519994979, 0.03306599683128297, 4.028087991173379, 1.8754339980660006, 34.114973997930065, 0.5213049880694598, 69.27122200431768, 906.8940199940698
0.04731000808533281, 2370.840435003629, 0.03372199716977775, 4.030634998343885, 1.9480670016491786, 34.37612499692477, 0.49507300718687475, 69.18832199880853, 906.4309599925764
0.03077900328207761, 2399.635654001031, 0.03214199387002736, 4.163192003034055, 1.88259499554988, 33.55740899860393, 0.4454449954209849, 69.65861200296786, 919.7885540052084
0.031871008104644716, 2370.4087560035987, 0.04862100468017161, 4.0600119973532856, 1.8984830094268546, 34.19999899051618, 0.4926160036120564, 70.36170401261188, 902.3749219923047
0.041355000576004386, 2355.7481649913825, 0.04987399734091014, 4.084939995664172, 1.8595949950395152, 33.35376600443851, 0.40536699816584587, 69.6134009922389, 895.4053389898036
0.04246599564794451, 2361.6796209971653, 0.034648008295334876, 4.014010992250405, 1.855728987720795, 33.79306799615733, 0.44242000149097294, 69.70726999861654, 902.876260006451
0.04227699537295848, 2354.5935889997054, 0.03239398938603699, 4.0091760020004585, 1.8490229995222762, 34.506905009038746, 0.45513699296861887, 69.23570900107734, 897.5252239906695
0.042168001527898014, 2373.9549379970413, 0.04406299558468163, 4.12406500254292, 1.8926040065707639, 34.110654989490286, 0.43733300117310137, 69.48352399922442, 904.1265250125434
0.031122996006160975, 2366.8665680015692, 0.05425499693956226, 4.158556999755092, 1.914442007546313, 33.851736996439286, 0.4522889939835295, 69.2744559928542, 899.8743550037034
0.031773000955581665, 2359.327188998577, 0.033329997677356005, 4.084991000127047, 1.8200139893451706, 34.05462400405668, 0.507025994011201, 69.25478800258134, 897.983018992818
0.04561399691738188, 2369.4014310021885, 0.03217799530830234, 4.064798005856574, 1.853255002060905, 34.025189001113176, 0.44789300591219217, 69.89160399825778, 904.9781439971412
0.05256700387690216, 2371.8705409992253, 0.04180699761491269, 4.147272004047409, 1.8533230031607673, 34.77363398997113, 0.5042559932917356, 70.07961599447299, 903.2409439969342
0.03126500814687461, 2352.018325997051, 0.03235299664083868, 4.0316109952982515, 1.8942490132758394, 33.55878000729717, 0.4408839886309579, 68.88111100124661, 897.0205499936128
0.03174900484737009, 2342.4809660064057, 0.04286199691705406, 4.059441009303555, 1.8541299941716716, 33.15713000483811, 0.4048830014653504, 69.34198499948252, 890.6928000069456
0.033891003113240004, 2368.8827979931375, 0.03316999936942011, 4.044209999847226, 1.8565500067779794, 33.78557700489182, 0.4311200027586892, 69.0862699993886, 903.9742229942931
0.041983003029599786, 2365.6562590040267, 0.05338099435903132, 4.063550994032994, 1.883122997242026, 33.72751201095525, 0.4345539928181097, 69.8309790022904, 901.5911239985144
0.045406006393022835, 2350.524214998586, 0.03177899634465575, 4.050535004353151, 1.8631880084285513, 33.604543990804814, 0.4318069986766204, 69.54317200870719, 895.8313110051677
0.04157600051257759, 2388.5246560093947, 0.04291099321562797, 4.041310996399261, 1.9102700025541708, 33.37943500082474, 0.4218829999445006, 69.20083198929206, 911.8807420018129
0.032002004445530474, 2342.8515099949436, 0.04629799514077604, 4.040361993247643, 1.8809839966706932, 32.98284100310411, 0.41137200605589896, 69.86128100834321, 895.727765004267
0.03143001231364906, 2346.930446990882, 0.048820002120919526, 3.971463011112064, 1.8484769971109927, 33.993611999903806, 0.37712899211328477, 69.23863499832805, 899.0898449992528
0.03192000440321863, 2355.2096159983194, 0.03465400368440896, 4.08187200082466, 1.8912230007117614, 33.36092199606355, 0.43404400639701635, 69.72400100494269, 901.3557329890318
0.045437991502694786, 2395.6101989897434, 0.04749499203171581, 4.003117006504908, 1.8937660061055794, 33.9507899916498, 0.4224949952913448, 69.74989800073672, 914.6123539976543
0.03270200977567583, 2354.790089011658, 0.0432880042353645, 4.060303996084258, 1.8839169933926314, 33.62047798873391, 0.43966900557279587, 69.24586200329941, 895.7537870010128
0.053561991080641747, 2362.3534990038024, 0.05395599873736501, 4.044924993650056, 1.8994520069099963, 33.44258801371325, 0.4701889993157238, 69.18544101063162, 903.3896549954079
0.03215500328224152, 2352.180521003902, 0.03383500734344125, 4.019804997369647, 1.8511289963498712, 33.81929500028491, 0.40374998934566975, 69.44053201004863, 897.6972179953009
0.04230999911669642, 2361.335338995559, 0.044576008804142475, 4.098920006072149, 1.867710001533851, 33.70682199602015, 0.4191249900031835, 70.01634700282011, 903.1127570051467
0.03186101093888283, 2387.476175004849, 0.04850899858865887, 4.08196599164512, 1.9199380039935932, 34.089332999428734, 0.426733007770963, 69.49333299417049, 911.3150729972403
0.04264900053385645, 2341.8312889989465, 0.05593399691861123, 4.054517994518392, 1.8542409961810336, 33.61479099839926, 0.3895190020557493, 70.25499900919385, 893.628219011589
0.022720007109455764, 2392.326607994619, 0.02288899850100279, 4.105461994186044, 1.8906740006059408, 33.347329997923225, 0.4239999980200082, 69.0833310072776, 909.2478989914525
0.04368601366877556, 2365.1307779946364, 0.03490199742373079, 4.182104006758891, 1.8931810045614839, 33.21113499987405, 0.41042100929189473, 69.81068900495302, 900.7137029984733
0.04303500463720411, 2362.631706011598, 0.04602700937539339, 4.114578012377024, 1.8733750039245933, 33.36096100974828, 0.5109490011818707, 69.59385199297685, 900.2011180127738
0.031454008421860635, 2373.2418159925146, 0.0424879981437698, 4.06757699965965, 1.883657998405397, 33.108262010500766, 0.4068809939781204, 68.8060829997994, 903.0256779951742
0.04241599526721984, 2351.3824679976096, 0.032607000321149826, 3.984793002018705, 1.8585710058687255, 33.9947130123619, 0.43695399654097855, 70.68821199936792, 894.6613930020249
0.04263699520379305, 2367.183965994627, 0.0440419971710071, 4.002414003480226, 1.8592489941511303, 34.03323100064881, 0.39214199932757765, 69.52296200324781, 904.1761010012124
0.04433700814843178, 2341.7235810047714, 0.02488000609446317, 4.05095299356617, 1.8300040101166815, 33.73697699862532, 0.4222370043862611, 69.0209699969273, 894.4278029957786
0.05034900095779449, 2366.4785389992176, 0.024916997062973678, 4.0481820033164695, 1.851324996096082, 34.3229089921806, 0.4767299978993833, 69.730155999423, 902.951188996667
0.043306004954501987, 2346.9246409949847, 0.05375700129661709, 4.049189010402188, 1.8768820009427145, 34.17054000601638, 0.4806829965673387, 69.62929599103518, 892.9116149956826
0.031018003937788308, 2345.535629996448, 0.03470199590083212, 3.9941319992067292, 1.8782190018100664, 33.76437499537133, 0.5334210000000894, 69.34927099791821, 892.458379996242
0.04068399721290916, 2382.053126988467, 0.04315099795348942, 4.111674992600456, 1.9077919860137627, 33.76118000596762, 0.449918006779626, 70.45935100177303, 909.3499770096969
0.04165200516581535, 2388.988241000334, 0.0545009970664978, 4.101289989193901, 1.8986069917446002, 33.68442600185517, 0.40271400939673185, 69.55275700602215, 911.5072830027202
0.04320500011090189, 2346.5983939968282, 0.03385299351066351, 3.9743590023135766, 1.8754580087261274, 33.97892200155184, 0.4751310043502599, 69.4579349947162, 895.8438760018907
0.04155600618105382, 2344.437374995323, 0.033370990422554314, 4.032576995086856, 1.8545180064393207, 33.07643599691801, 0.4544369876384735, 69.79969299572986, 896.18676599639
0.051180992159061134, 2365.956620007637, 0.04312899545766413, 4.040672007249668, 1.8615190056152642, 33.041735005099326, 0.401453988160938, 69.34091699076816, 900.3728399984539
0.04423700738698244, 2363.006270999904, 0.03399299748707563, 4.1296200070064515, 1.8963570037158206, 33.46075699664652, 0.421220000134781, 70.03040600102395, 898.7267580087064
0.0436730042565614, 2406.1965820001205, 0.02244899224024266, 4.113882998353802, 1.8526119965827093, 32.55539000383578, 0.40166699909605086, 69.13310500385705, 915.6103179993806
0.03168599505443126, 2361.2327790033305, 0.033541000448167324, 4.029048010124825, 1.8459959974279627, 33.0991849914426, 0.3946189972339198, 69.18923500052188, 904.8652150086127
0.042961997678503394, 2387.2158419981133, 0.034527998650446534, 4.032023993204348, 1.8793490016832948, 33.72755700547714, 0.39140600711107254, 69.38663499022368, 911.7583440092858
0.041997001972049475, 2370.974004996242, 0.023608998162671924, 4.056990990648046, 1.8305239937035367, 33.38096498919185, 0.48777299525681883, 70.76745400263462, 902.389230002882
0.032258001738227904, 2387.804853002308, 0.02462900010868907, 4.060043997014873, 1.9004909991053864, 33.65648299222812, 0.42022400884889066, 68.78457900893409, 910.0032470014412
0.031777992262504995, 2354.419147988665, 0.03864899917971343, 3.9941249997355044, 1.8172870040871203, 33.392472003470175, 0.4473890003282577, 68.93352800398134, 896.4484309981344
0.031422998290508986, 2365.0580889952835, 0.04948298737872392, 4.07860400446225, 1.8632669962244108, 34.38402799656615, 0.4495579923968762, 69.60446899756789, 902.7671809890307
0.03220599319320172, 2355.1321559934877, 0.022884996724314988, 4.0229259902844205, 1.8302840035175905, 33.464676002040505, 0.44492800952866673, 69.14156800485216, 897.2648839990143
0.031477000447921455, 2342.4555329984287, 0.049147987738251686, 4.088236004463397, 1.886688987724483, 34.00674200383946, 0.4169349995208904, 69.45725200057495, 892.4449689948233
0.03168999683111906, 2366.2009879917605, 0.04373899719212204, 4.06388400006108, 1.8645449890755117, 32.75914999539964, 0.44397499004844576, 69.66918500256725, 901.4199160010321
0.044635002268478274, 2376.167965005152, 0.03645299875643104, 4.102046004845761, 1.904887001728639, 33.83945199311711, 0.4722949961433187, 69.56450299185235, 906.0857169970404
0.031436007702723145, 2347.987949993694, 0.05514400254469365, 4.003808004199527, 1.8957150023197755, 34.434172994224355, 0.43714098865166306, 68.83443999686278, 895.0214929936919
0.031217001378536224, 2348.3884379966184, 0.05269399844110012, 4.0924310014816, 1.89197099825833, 33.22866899543442, 0.47287299821618944, 69.6455959987361, 895.2304330014158
0.04368298687040806, 2359.918109010323, 0.02373599272686988, 4.032710989122279, 1.8471350049367175, 34.217136999359354, 0.43564899533521384, 69.90780799242202, 901.3942330057034
0.041938008507713675, 2362.852740989183, 0.03441699664108455, 4.071378993103281, 1.9252250058343634, 33.99072198953945, 0.4326960042817518, 69.88451200595591, 897.2551430051681
0.03140399348922074, 2372.93609099288, 0.03416599065531045, 3.9986860065255314, 1.9512059952830896, 34.22716799832415, 0.44131200411356986, 69.17960999999195, 901.4776979893213
0.04320700827520341, 2388.57724799891, 0.052495001000352204, 4.177128997980617, 1.8782659899443388, 33.73582199856173, 0.4072129959240556, 72.47426200774498, 908.7231920129852
0.05901000986341387, 2375.244973998633, 0.0451849919045344, 4.069029004313052, 1.8948279903270304, 33.69164699688554, 0.42911700438708067, 69.43127699196339, 904.8777649877593
0.0321160041494295, 2366.518430004362, 0.02344099630136043, 4.059676997712813, 1.8365110008744523, 33.02866200101562, 0.45908198808319867, 69.56191700010095, 901.0454029921675
0.03144699439872056, 2365.894299990032, 0.025161003577522933, 4.047326001455076, 1.9063490035478026, 34.12074298830703, 0.4612240009009838, 69.60354899638332, 905.1079000055324
0.03183398803230375, 2353.967995994026, 0.03582300269044936, 3.979462999268435, 1.8637629982549697, 33.717491998686455, 0.4239190020598471, 69.50894599140156, 898.3064899948658
0.031051007681526244, 2359.772943003918, 0.04331000673118979, 4.040326006361283, 1.9843629997922108, 33.4311170008732, 0.4350380040705204, 69.03458500164561, 899.121765003656
0.031076997402124107, 2365.855381998699, 0.05355599569156766, 4.0753079956630245, 1.891348001663573, 33.36850200139452, 0.4023429937660694, 69.19088900031056, 901.6965749906376
0.039107995689846575, 2358.4834259963827, 0.04329500370658934, 4.0400769939878955, 1.9027670059585944, 33.702027998515405, 0.451711006462574, 70.54847999825142, 900.5582109966781
0.04128500586375594, 2348.197589002666, 0.04476300091482699, 4.053910990478471, 1.8540849996497855, 33.495394003693946, 0.4201010015094653, 69.02722199447453, 895.8298020006623
0.03351899795234203, 2418.2354229997145, 0.044939006329514086, 4.164732003118843, 1.9028289971174672, 34.00052399956621, 0.4589369927998632, 69.3237380037317, 921.470927001792
0.042324987589381635, 2380.6191320036305, 0.05281600169837475, 4.082302999449894, 1.8751659954432398, 33.62884299713187, 0.4251360078342259, 69.13538099615835, 905.3583339991746
0.022050007828511298, 2357.700873995782, 0.05385199619922787, 4.053905009641312, 1.8709169962676242, 33.44333000131883, 0.5007959989598021, 69.91787700098939, 897.440770000685
0.030754992621950805, 2339.880190003896, 0.039389997255057096, 4.132717993343249, 1.8736850033747032, 32.727237994549796, 0.44043500383850187, 69.18103000498377, 893.9739039924461
0.04267299664206803, 2367.125089993351, 0.05418900400400162, 4.062671010615304, 1.9334300013724715, 33.49229499872308, 0.4707629996119067, 69.58983199729118, 903.8827309996122
0.042603001929819584, 2355.692822005949, 0.023397995391860604, 4.097255005035549, 1.8184009968535975, 33.08710099372547, 0.3880840085912496, 69.28698600677308, 898.9260730013484
0.031190007575787604, 2380.085651995614, 0.04498100315686315, 4.022106993943453, 1.8534239934524521, 33.69239000312518, 0.41060599323827773, 69.84497999656014, 909.3719240045175
0.039848004234954715, 2358.395708986791, 0.04250601341482252, 4.051667987369001, 1.8710599979385734, 33.56935500050895, 0.40867499774321914, 70.21905400324613, 900.5840480094776
0.041719002183526754, 2397.6128490030533, 0.02306399983353913, 4.20049499371089, 1.8534280097810552, 33.325308992061764, 0.4066719993716106, 70.80898300046101, 913.3527020021575
0.039548001950606704, 2362.0089140022174, 0.042168001527898014, 4.1131629986921325, 1.9310510106151924, 34.62171999854036, 0.44999600504525006, 69.94027800101321, 904.3955359957181
0.031742005376145244, 2404.0805389959132, 0.033998003345914185, 4.153039000811987, 1.884452998638153, 33.49514800356701, 0.4444579972187057, 69.8553739930503, 918.2165270030964
0.041243998566642404, 2351.074071993935, 0.04214700311422348, 4.018439998617396, 1.8537919968366623, 33.14470101031475, 0.40595800965093076, 69.18456898711156, 897.2926599963102
0.04113400063943118, 2366.7776220099768, 0.042333005694672465, 4.04024199815467, 1.879837000160478, 33.091288001742214, 0.4870959965046495, 69.3093139998382, 903.9675269887084
0.04336299025453627, 2364.3611349980347, 0.043567008106037974, 4.080455997609533, 1.9762760057346895, 34.586866007884964, 0.4313550016377121, 70.03219099715352, 900.8855749998474
0.04148000152781606, 2360.429555992596, 0.03646299592219293, 4.072688010637648, 1.9243889983044937, 33.28438400058076, 0.4067350091645494, 69.45468300546054, 898.3162209915463
0.04228099714964628, 2342.315850997693, 0.060254998970776796, 4.059828002937138, 1.8597359885461628, 33.817385003203526, 0.426448998041451, 70.28185699891765, 891.1036609933944
0.03165300586260855, 2350.7196989958175, 0.032814001315273345, 4.04511000670027, 1.9710789929376915, 34.41634900809731, 0.43449200165923685, 68.99854699440766, 897.4173829919891
0.03196499892510474, 2356.9152999989456, 0.04425900988280773, 4.057140002259985, 1.9760769937420264, 33.52838799764868, 0.441975993453525, 69.08823900448624, 900.2534009923693
0.04237100074533373, 2387.3684979917016, 0.022755004465579987, 4.08594700274989, 1.8745810084510595, 33.79005700116977, 0.44224000885151327, 70.14892699953634, 910.8474219974596
0.03234100586269051, 2377.874037003494, 0.03305300197098404, 4.10207400273066, 1.884716999484226, 33.513871996547095, 0.4266460018698126, 69.32704700739123, 905.4072349972557
0.042405008571222425, 2379.2580340086715, 0.04807701043318957, 4.236216002027504, 1.9044509972445667, 32.95540300314315, 0.544880997040309, 70.13885000196751, 904.2752000095788
0.051817987696267664, 2385.901248009759, 0.024832013878040016, 4.147892992477864, 1.8210109992651269, 33.53931399760768, 0.4270530043868348, 69.44240900338627, 907.2710469918093
0.04567300493363291, 2341.9209129933733, 0.03322999691590667, 4.015312006231397, 1.8949949881061912, 33.99803600041196, 0.42355300683993846, 69.81641499442048, 895.4851269954816
0.04178000381216407, 2351.6602529998636, 0.053351002861745656, 4.026483991765417, 1.8148600065615028, 33.00388000207022, 0.5279290053294972, 69.30119400203694, 891.2733980105259
0.031454997952096164, 2345.226764009567, 0.04312901000957936, 3.968619988881983, 1.8316429923288524, 33.08780099905562, 0.45845699787605554, 69.22958299401216, 893.7339459953364
0.04510799772106111, 2367.109568003798, 0.034308002796024084, 4.080231999978423, 1.9223529961891472, 33.77597600047011, 0.4295249964343384, 69.59704500332009, 900.6132320064353
0.05160999717190862, 2372.8486159961903, 0.042387997382320464, 4.0647640125826, 1.8931810045614839, 34.462791998521425, 0.40923000779002905, 70.21040600375272, 905.7056629972067
0.042315994505770504, 2376.0680580016924, 0.023586006136611104, 4.019119005533867, 1.831428991863504, 33.66771498986054, 0.43717800872400403, 68.92592100484762, 904.5941749936901
0.03189701237715781, 2346.39371499361, 0.045396998757496476, 4.003787005785853, 1.910848994157277, 33.313099993392825, 0.45321199286263436, 69.302339994465, 892.8014039993286
0.0409640051657334, 2384.3693990056636, 0.042894011130556464, 4.132970992941409, 1.8976989958900958, 34.01938900060486, 0.4618019884219393, 69.53988999885041, 907.023191000917
0.03136800660286099, 2364.283831004286, 0.0566910021007061, 4.192777996649966, 1.8884339951910079, 33.42868799518328, 0.43505500070750713, 69.51901799766347, 901.7410680098692
0.05284600774757564, 2359.5220610004617, 0.060350008425302804, 4.055284007336013, 1.8064169998979196, 33.437274003517814, 0.4821920010726899, 69.78584500029683, 898.9008520002244
0.03186399408150464, 2363.3812900079647, 0.034235999919474125, 4.079827995155938, 1.8801799888024107, 33.50297200086061, 0.46347800525836647, 69.89631299802568, 904.1707069991389
0.043203006498515606, 2352.109893996385, 0.0229339930228889, 4.121619000216015, 1.8693989986786619, 33.417593003832735, 0.4492009902605787, 69.51395500800572, 899.5415259996662
0.04174800415057689, 2337.8402149974136, 0.03729699528776109, 4.0034769917838275, 1.8744980043265969, 33.39249799319077, 0.43005900806747377, 70.28302899561822, 894.043807988055
0.04203699063509703, 2371.237523999298, 0.04902100772596896, 4.049217997817323, 1.8951149977510795, 33.20406399143394, 0.4585209971992299, 69.62574500357732, 903.1127900088904
0.03167300019413233, 2383.042133995332, 0.03379800182301551, 4.139050011872314, 1.8444229935994372, 34.04070599935949, 0.4275559913367033, 69.80181200196967, 908.0022489943076
0.04174800415057689, 2374.353159000748, 0.033827993320301175, 4.136849005590193, 1.8802740087267011, 33.17926199815702, 0.42236599256284535, 69.93529001192655, 904.7776590014109
0.021410000044852495, 2375.6979949976085, 0.023393004084937274, 4.129348002607003, 1.831581990700215, 33.69572800875176, 0.42296999890822917, 68.86858900543302, 904.1311679902719
0.03981999179814011, 2395.520496997051, 0.04235700180288404, 4.072774012456648, 1.906406003399752, 33.99176998937037, 0.4405109939398244, 69.52307900064625, 914.1549650084926
0.03176699101459235, 2360.453121000319, 0.04565400013234466, 4.016061007860117, 1.8651819991646335, 33.76779799873475, 0.41797499579843134, 69.42629400873557, 899.1699969919864
0.04184100544080138, 2347.5236000085715, 0.05339400377124548, 4.1090300073847175, 1.867215003585443, 33.857245987746865, 0.5110039928695187, 69.25080600194633, 894.4430180126801
0.03196000761818141, 2367.4836730060633, 0.023859000066295266, 3.989523000200279, 1.8558000010671094, 33.66792500310112, 0.4623480053851381, 69.0870830003405, 904.328592994716
0.05691801197826862, 2360.686760992394, 0.04258101398590952, 4.031400007079355, 1.8823139980668202, 34.54877600597683, 0.42362199747003615, 70.34383800055366, 900.6595770042622
0.0433630048064515, 2467.367261007894, 0.03462900349404663, 4.244215000653639, 1.93176900211256, 34.215687002870254, 0.4280909925000742, 69.31336200796068, 936.9719430105761
0.041588995372876525, 2361.2035249971086, 0.055617987527512014, 4.062444000737742, 1.8687150004552677, 33.382121997419745, 0.4921709914924577, 69.45377300144173, 897.3065960017266
0.03141799243167043, 2345.9468979999656, 0.03284600097686052, 4.003529000328854, 1.9211900071240962, 33.81635899131652, 0.43824600288644433, 69.59898299828637, 892.8026460052934
0.0209319987334311, 2352.0691619924037, 0.03414899401832372, 3.9870440086815506, 1.8816070078173652, 34.059387995512225, 0.43586199171841145, 69.52693000494037, 900.3736610029591
0.0414079986512661, 2392.342748004012, 0.0499540037708357, 4.153654997935519, 1.8497849960112944, 33.07147300802171, 0.46634300088044256, 68.81370100018103, 910.9794609976234
0.03195399767719209, 2397.068713005865, 0.05461499677039683, 4.166874001384713, 1.868610008386895, 33.75807800330222, 0.4414430004544556, 70.12216899602208, 913.6970649997238
0.03152301360387355, 2392.0108070014976, 0.023599990527145565, 4.05755901010707, 1.8813509959727526, 33.038835012121126, 0.39745299727655947, 69.81972898938693, 910.1368429983268
0.04171099863015115, 2400.570568992407, 0.04918700142297894, 4.122532001929358, 1.883255987195298, 33.62514800392091, 0.3867610066663474, 69.86729100754019, 917.8544870082987
0.03235899202991277, 2362.5033879943658, 0.05346600664779544, 4.072928000823595, 1.8863879959098995, 33.45727900159545, 0.4685440071625635, 69.32473200140521, 901.474590995349
0.03206799738109112, 2371.70071399305, 0.03373599611222744, 4.083988998900168, 1.8906800105469301, 33.13468499982264, 0.4262290021870285, 69.89025900838897, 904.6623119938886
0.052503004553727806, 2362.2171610040823, 0.021897998522035778, 4.092824005056173, 1.885969002614729, 33.158156991703436, 0.4574750055326149, 69.25133800541516, 897.082577997935
0.04290600190870464, 2388.8149690028513, 0.032727999496273696, 4.10890398779884, 1.8410030024824664, 33.968807008932345, 0.5049579922342673, 70.1559110020753, 912.3874150100164
0.031104995287023485, 2373.005732995807, 0.044234999222680926, 4.035600999486633, 1.9408549997024238, 34.16546700464096, 0.45006899745203555, 69.60194499697536, 908.3832570031518
0.04201599222142249, 2335.0876860058634, 0.03213499439880252, 4.016904000309296, 1.9179739902028814, 33.10365900688339, 0.4164099955232814, 68.63610399886966, 889.9923569988459
0.04893999721389264, 2380.464378002216, 0.03239400393795222, 4.084952000994235, 1.809676003176719, 32.7855079958681, 0.43270899914205074, 69.190489986795, 905.8153969963314
0.03135700535494834, 2344.3005940061994, 0.035671007935889065, 3.9991770026972517, 1.852318993769586, 33.322438001050614, 0.41347299702465534, 69.79496098938398, 897.8172119968804
0.0321629922837019, 2368.533472006675, 0.033567004720680416, 4.017461993498728, 1.818157994421199, 33.00237900111824, 0.4533280007308349, 69.84310499683488, 905.266916990513
0.04297100531402975, 2345.16470899689, 0.04342899774201214, 4.022740991786122, 1.936322994879447, 33.35884600528516, 0.46162599755916744, 69.74822300253436, 895.390593999764
0.03110298712272197, 2369.8457070131553, 0.031948002288118005, 4.12703599431552, 1.8833850044757128, 33.29176700208336, 0.4950419970555231, 69.7366030071862, 908.4600430069258
0.04679999256040901, 2384.0108789881924, 0.049848007620312274, 4.083594001713209, 1.8856719980249181, 33.11634199053515, 0.43399799324106425, 69.0250119951088, 908.1582309881924
0.03158599429298192, 2360.052464006003, 0.05783898814115673, 4.102467995835468, 1.8577349983388558, 33.0104000022402, 0.46060699969530106, 68.89784899249207, 898.3990080014337
0.03465500776655972, 2369.689910992747, 0.04695300594903529, 4.048563001560979, 1.9099410128546879, 33.65393899730407, 0.41364500066265464, 69.42389901087154, 901.2997440004256
0.0355629890691489, 2361.196566009312, 0.053001000196672976, 4.073695003171451, 1.9197869987692684, 32.91851699759718, 0.4599960084306076, 68.80558500415646, 899.7254630085081
0.03252700844313949, 2366.683633008506, 0.023769011022523046, 4.111683010705747, 1.8174029974034056, 33.51184699567966, 0.39905100129544735, 69.88766099675559, 901.5993539942428
0.031231989851221442, 2361.6873060091166, 0.04470901330932975, 4.009836004115641, 1.8513340037316084, 32.70733200770337, 0.42014499194920063, 68.83274600841105, 900.7945420016767
0.042440995457582176, 2378.239458994358, 0.053898009355179965, 4.087328998139128, 1.8993069970747456, 33.56027801055461, 0.41642699216026813, 69.51105999178253, 904.5234350051032
0.040103011997416615, 2357.452170996112, 0.03627099795266986, 4.032248005387373, 1.8811759946402162, 34.01883899641689, 0.41299201257061213, 68.79065999237355, 896.3206660118885
0.031087009119801223, 2367.932433000533, 0.033841002732515335, 4.077675999724306, 1.8298310023965314, 33.4794590016827, 0.39744400419294834, 69.78036600048654, 904.0865860006306
