0.17221400048583746, 2528.507918003015, 3.916431000106968, 6.480533003923483, 29.504949998226948, 1.0025039955507964, 17.25057599833235, 2791.8437370099127
0.15995399735402316, 2530.2272609987995, 3.8358690071618184, 6.809871003497392, 29.83403400867246, 1.0502660006750375, 16.787027998361737, 2819.312213003286
0.17661199672147632, 2440.0277590029873, 3.814438998233527, 6.514667998999357, 29.39916800823994, 1.0065289970953017, 17.94898799562361, 2730.3031310002552
0.1666349999140948, 2411.2480939948, 3.7703479902120307, 6.652472002315335, 29.044688999420032, 1.0642760025803, 15.221601002849638, 2691.430214996217
0.16894600412342697, 2416.534807998687, 3.8537429936695844, 6.659351012785919, 28.926687999046408, 1.0326370102120563, 15.921231999527663, 2700.7213580072857
0.17934100469574332, 2458.07328200317, 3.9034320070641115, 6.618504005018622, 28.907917003380135, 1.1825700057670474, 15.882609994150698, 2758.2295700121904
0.16555399633944035, 2457.0127799961483, 3.85377999919001, 6.500938005046919, 29.595697997137904, 0.9910749940900132, 16.450816008727998, 2710.8509819954634
0.17087000014726073, 2422.042270001839, 3.917438007192686, 6.472702007158659, 29.22335399489384, 0.9769250027602538, 17.07995000469964, 2693.518418003805
0.1729540090309456, 2454.773862991715, 3.9044879958964884, 6.6370959975756705, 29.64146199519746, 1.0100179933942854, 17.041865998180583, 2750.311020994559
0.22235099459066987, 2464.9591589986812, 3.889437997713685, 6.586499002878554, 30.69981199223548, 1.1632139940047637, 16.464600994368084, 2742.124882002827
0.17219199799001217, 2432.3868390056305, 3.8249510107561946, 6.421457990654744, 28.624601996853016, 1.0654520010575652, 14.74964500812348, 2708.656817994779
0.17187900084536523, 2432.2351529990556, 3.9350269944407046, 6.287744996370748, 28.608930995687842, 1.0346780036343262, 15.859363993513398, 2705.552137005725
0.19041298946831375, 2419.4376319937874, 3.8643220032099634, 6.842803995823488, 29.54005799256265, 1.075156993465498, 15.79382699856069, 2678.161876014201
0.17670101078692824, 2444.797282005311, 3.8460490031866357, 6.53071999840904, 28.72660399589222, 1.072004990419373, 16.177505007362925, 2738.821020000614
0.15909600188024342, 2403.1839999952354, 3.7334210064727813, 6.4293659961549565, 28.805000009015203, 1.025021992973052, 16.46084499952849, 2678.271721000783
0.17986999591812491, 2455.4702260065824, 3.9342159871011972, 6.679052006802522, 29.291400001966394, 1.1605600011534989, 15.603409003233537, 2734.852224995848
0.17891799507196993, 2445.577903999947, 3.866644998197444, 6.733115005772561, 29.480315002729185, 1.092397011234425, 16.580685012741014, 2737.12662300386
0.17518999811727554, 2450.3535219992045, 3.8848749973112717, 6.953639007406309, 30.121806004899554, 1.18889199802652, 17.452530999435112, 2745.706767003867
0.157272006617859, 2415.570787998149, 3.8317669968819246, 6.3316509913420305, 28.88329900451936, 1.0256819950882345, 15.038444005767815, 2699.012262004544
0.1791399990906939, 2453.2528020063182, 3.8654829986626282, 6.56913299462758, 29.291678001754917, 1.2328669981798157, 16.561633005039766, 2737.355026998557
0.1517699856776744, 2407.7199089952046, 3.768185997614637, 6.741284989402629, 29.36870300618466, 1.0438659955980256, 15.064384002471343, 2677.0805999985896
0.18065000767819583, 2429.907728001126, 3.908843995304778, 6.990237001446076, 29.177074000472203, 1.0869489924516529, 14.91362799424678, 2712.762754992582
0.18031599756795913, 2409.058263001498, 3.813365998212248, 6.608198003959842, 30.011656999704428, 1.0098380007548258, 16.93480600079056, 2717.5986189977266
0.3089669917244464, 2424.693433000357, 3.887098006089218, 6.865349001600407, 29.330200006370433, 0.9983729978557676, 15.144324002903886, 2701.5497099928325
0.18165000074077398, 2467.8134429996135, 3.927354991901666, 6.646522000664845, 30.56432999437675, 0.9576730080880225, 17.09289400605485, 2748.9011569996364
0.1735780097078532, 2422.459359993809, 3.938052002922632, 6.55383599223569, 29.08074999868404, 1.0731130023486912, 16.187695000553504, 2705.3450890089152
0.1571750035509467, 2415.3766530071152, 3.87378700543195, 6.591793004190549, 29.655009013367817, 1.085670999600552, 16.470028000185266, 2697.04209700285
0.16521998622920364, 2425.6725040031597, 3.89005099714268, 6.37648199335672, 29.464399005519226, 1.0721210128394887, 15.380848999484442, 2710.4565049958182
0.19166698621120304, 2445.888720001676, 3.8754050037823617, 6.7159030004404485, 29.805546990246512, 1.1771300050895661, 16.401343993493356, 2709.1410709981574
0.18901399744208902, 2413.64722000435, 3.758188002393581, 6.365602006553672, 29.497570998501033, 1.0327869968023151, 16.700240012141876, 2700.517282995861
0.18035499670077115, 2432.172001004801, 3.8492369931191206, 6.21957000112161, 29.66149299754761, 0.9331889887107536, 16.206264990614727, 2711.2411749985768
0.1730740041239187, 2423.565122007858, 3.827611988526769, 6.861268004286103, 29.444933999911882, 0.9868739871308208, 15.161036993958987, 2701.7399049946107
0.15952200919855386, 2408.617323002545, 3.8908639980945736, 6.5353679965483025, 29.77019498939626, 0.9982500050682575, 16.80209800542798, 2702.4363599921344
0.19201099348720163, 2436.5470110060414, 3.882172008161433, 6.444966988055967, 29.37220399326179, 1.0175850038649514, 15.680322001571767, 2707.24400698964
0.19153099856339395, 2447.596872007125, 3.8072790048317984, 6.45180900755804, 29.54310800123494, 1.0173649934586138, 16.492359005496837, 2717.503880005097
0.18550499225966632, 2426.4977809943957, 3.8053809985285625, 6.706290005240589, 29.542769989348017, 1.0608419979689643, 16.89851999981329, 2729.8278590023983
0.17088399908971041, 2438.727380009368, 3.8398680044338107, 6.805037002777681, 30.81815200857818, 0.9952300024451688, 17.021428007865325, 2730.070969002554
0.16300099377986044, 2475.313784001628, 3.873566005495377, 6.797706009820104, 29.224067999166436, 1.0298339911969379, 15.863444990827702, 2758.7719639996067
0.18348499725107104, 2422.031545997015, 3.8433040026575327, 6.794853994506411, 29.70668599300552, 1.0840540053322911, 15.345228006481193, 2714.2357109987643
0.16467299428768456, 2438.01008000446, 3.8200249982764944, 6.79596999543719, 29.141356993932277, 1.041277006152086, 16.395312995882705, 2730.7959419995314
0.18959800945594907, 2427.61608499859, 4.011722994619049, 6.773940011044033, 30.303626001114026, 1.1241199972573668, 16.019132002838887, 2710.4259799962165
0.1881460048025474, 2427.215898002032, 3.8708679931005463, 6.648405993473716, 29.578183995909058, 0.981834004051052, 15.21441200748086, 2708.8975719962036
0.18816000374499708, 2434.8634079942713, 3.8110559980850667, 6.562504000612535, 28.802834000089206, 0.9373049979330972, 16.201085003558546, 2715.2558929956285
0.16862399934325367, 2445.360026002163, 3.8163349963724613, 6.486968006356619, 29.379672996583395, 1.0363809997215867, 17.053917006705888, 2734.9683140055276
0.1720730069791898, 2457.093071003328, 3.8716760027455166, 6.612562996451743, 29.62286000547465, 1.016483991406858, 16.426653994130902, 2728.5798829980195
0.2139009884558618, 2417.4512330064317, 3.8278630090644583, 6.7313360050320625, 29.6382359956624, 0.9999769972637296, 16.842954995809123, 2705.764273996465
0.1711939985398203, 2425.895834006951, 3.8231049984460697, 6.611085991607979, 28.934736008523032, 1.097002997994423, 16.557198992813937, 2703.197014008765
0.1749680086504668, 2421.291269012727, 3.8734629924874753, 6.6433590109227225, 29.27091899618972, 0.9653199958847836, 16.320556998834945, 2699.7385099966777
0.1639669935684651, 2428.036975004943, 4.007051989901811, 6.401278005796485, 28.61028100596741, 1.08216299850028, 16.140841995365918, 2711.889838989009
0.16917000175453722, 2404.457384996931, 3.8338929880410433, 6.9794570008525625, 29.30112200556323, 1.1627610074356198, 15.62696999462787, 2687.6559389929753
0.1620940020075068, 2443.628428009106, 3.8813030114397407, 6.336743987048976, 29.32360500562936, 1.0965980036417022, 16.081180001492612, 2738.2816129975254
0.1584919955348596, 2423.8988849974703, 3.9504399901488796, 6.749786000000313, 29.397238002275117, 1.0755399998743087, 15.620594000210986, 2712.405049998779
0.18147700757253915, 2418.1434259953676, 3.833593989838846, 6.593448997591622, 28.93190000031609, 0.9978430025512353, 16.214119998039678, 2704.2938049999066
0.17132099310401827, 2407.1922800067114, 3.7584459932986647, 6.591486002434976, 29.018552013440058, 0.9581670019542798, 16.683772002579644, 2702.393754996592
0.1735319965519011, 2418.281947990181, 3.8399470067815855, 6.858232998638414, 29.49839099892415, 1.124923990573734, 15.137401001993567, 2700.9620479948353
0.16153599426615983, 2420.4665400029626, 3.8079989899415523, 6.615266000153497, 29.537805006839335, 1.1003550025634468, 15.447554003912956, 2701.355954995961
0.17184700118377805, 2437.144167997758, 3.8158719980856404, 6.632206990616396, 28.9880169875687, 1.117000007070601, 15.538588995696045, 2720.2877569943666
0.17112601199187338, 2416.745833994355, 3.892369000823237, 6.47978599590715, 29.192543996032327, 1.0001170012401417, 16.566338003030978, 2707.491556997411
0.17348400433547795, 2422.0459110074444, 4.03291400289163, 6.551405997015536, 29.231865002657287, 1.0801789903780445, 16.912129998672754, 2702.865440005553
0.1909669954329729, 2451.9762550044106, 3.970745994593017, 6.46386000153143, 29.2038329935167, 1.0806729987962171, 16.711930991732515, 2743.2685579988174
0.17057200602721423, 2417.3063970083604, 3.79652799165342, 6.695117990602739, 29.854402993805707, 0.9907010098686442, 14.93420300539583, 2702.0888319966616
0.1978270011022687, 2428.3316990040476, 3.8652559887850657, 6.8069249973632395, 30.549549002898857, 1.0119020007550716, 16.91352999478113, 2721.400892987731
0.17423799727112055, 2420.813963995897, 3.8143889978528023, 6.809850005083717, 29.60457801236771, 0.9918330033542588, 16.401758010033518, 2696.2973790068645
0.1629250036785379, 2421.5859639953123, 3.797457000473514, 6.619378997129388, 29.38482198806014, 1.0052370053017512, 15.255758000421338, 2696.471848001238
0.16129299183376133, 2451.979820005363, 3.8477180059999228, 6.6525680013000965, 29.288220990565605, 1.1999060079688206, 16.13923200056888, 2729.296241988777
0.19492900173645467, 2440.0716590025695, 3.8706619961885735, 6.529612001031637, 29.169483997975476, 0.9577579912729561, 16.636946995276958, 2727.367162995506
0.17183000454679132, 2402.266695993603, 3.817206001258455, 6.490457002655603, 29.367930997977965, 0.988393003353849, 14.773610004340298, 2688.190708999173
0.1684969902271405, 2438.449748005951, 3.852103996905498, 6.61773000319954, 29.53960601007566, 1.0493400041013956, 16.584505996434018, 2734.908874001121
0.17772900173440576, 2439.6291860030033, 3.897072994732298, 6.658650992903858, 29.036567997536622, 1.0261619900120422, 16.84317299805116, 2710.373599009472
0.18826698942575604, 2423.7008479976794, 3.808366003795527, 6.659855993348174, 29.848677004338242, 1.1935200018342584, 15.484165996895172, 2692.676927006687
0.17566699534654617, 2460.8798650006065, 3.8767709920648485, 6.794604996684939, 29.55233999819029, 1.2448780034901574, 16.14647298993077, 2732.038896996528
0.17358000332023948, 2445.206862001214, 3.897694987244904, 6.379607992130332, 29.141520004486665, 1.0172740003326908, 16.102245994261466, 2731.842653010972
0.17757501336745918, 2409.2967019969365, 3.85748699773103, 6.483987002866343, 29.196909003076144, 1.1563869920792058, 16.0303420125274, 2690.500067998073
0.16396399587392807, 2402.455228002509, 3.8652810035273433, 6.708256012643687, 29.739026998868212, 0.9967090009013191, 15.33470000140369, 2680.0872680032626
0.19438800518400967, 2433.22779898881, 3.8351679977495223, 6.373886993969791, 30.01343400683254, 1.0717889963416383, 16.456087003462017, 2716.1145159916487
0.17454999033361673, 2412.3440090043005, 3.7971139972796664, 6.245316006243229, 29.0376689954428, 0.9583270002622157, 16.65857199986931, 2682.403623999562
0.23822899674996734, 2428.2190880039707, 3.8626080058747903, 6.946724999579601, 30.00032099953387, 1.072304992703721, 15.669664993765764, 2709.9417749996064
0.1596990041434765, 2453.8744619931094, 3.8985709979897365, 6.592354999156669, 29.402626998489723, 1.1086199956480414, 15.233272992190905, 2734.872102009831
0.1855870068538934, 2400.0050329923397, 3.8883959932718426, 6.476434005890042, 29.252412990899757, 1.1649210064206272, 17.05382199725136, 2673.5900930070784
0.16814300033729523, 2431.9892760104267, 3.895998001098633, 6.3885829877108335, 29.79588099697139, 0.9780890104593709, 16.96711299882736, 2710.7016390073113
0.16312200750689954, 2415.698363998672, 3.7930910038994625, 6.622804998187348, 29.51947000110522, 1.0840239992830902, 16.753741991124116, 2711.81703399634
0.1740000006975606, 2425.1224720064783, 3.826025000307709, 6.808382997405715, 28.734978011925705, 1.033384003676474, 15.272463002474979, 2710.6006760004675
0.16374500410165638, 2439.4593720062403, 3.880404998199083, 6.834747997345403, 29.58682700409554, 1.0786610073409975, 16.579726987401955, 2725.337716998183
0.16503799997735769, 2447.5935579976067, 3.8336849975166842, 6.535514010465704, 29.31300700583961, 1.1484989954624325, 15.681919001508504, 2729.8222750105197
0.1760220038704574, 2427.496742006042, 3.8424669910455123, 6.645538000157103, 30.20706599636469, 0.9918769937939942, 16.61755799432285, 2723.787896000431
0.16853600391186774, 2437.1097110124538, 3.9173230034066364, 6.62482000188902, 29.690335999475792, 1.0307079937774688, 16.899444002774544, 2728.825701997266
0.18178499885834754, 2411.3173830119194, 3.7994800077285618, 6.42273599805776, 29.544670003815554, 0.9685990080470219, 16.078029002528638, 2686.942454005475
0.19097000767942518, 2430.273562000366, 3.9289269916480407, 6.7154559947084635, 29.544852004619315, 1.1317680036881939, 15.922385995509103, 2709.554874993046
0.17451800522394478, 2425.339876994258, 3.849924003588967, 6.637259008130059, 28.648291001445614, 1.1435920023359358, 15.834890000405721, 2712.6102250040276
0.17677601135801524, 2405.0459819991374, 3.831081005046144, 6.84981000085827, 29.27924999676179, 1.0787589999381453, 15.719627001089975, 2696.5707819908857
0.1675910025369376, 2427.2264649916906, 3.8909679860807955, 6.849522003903985, 29.750810004770756, 1.025593010126613, 15.419948002090678, 2701.100904989289
0.19859199528582394, 2440.2371530013625, 3.8330680108629167, 6.537901004776359, 29.503065001335926, 0.9695530025055632, 14.960943008190952, 2731.231897996622
0.1841019984567538, 2410.2164009964326, 3.746987000340596, 6.52284300304018, 29.64383600919973, 1.098495995393023, 16.94972200493794, 2707.106133995694
0.16521100769750774, 2448.4720669861417, 3.830497997114435, 6.607068993616849, 29.680152001674287, 1.0409000096842647, 15.02287200128194, 2742.1894510043785
0.1689509954303503, 2462.876880003023, 3.819884004769847, 6.338302991935052, 29.171939007937908, 1.1908180022146553, 16.381649998947978, 2726.7869930074085
0.1616079971427098, 2463.182802996016, 3.8708509964635596, 6.631165990256704, 29.766755003947765, 1.0413080017315224, 16.86219099792652, 2753.0412259948207
0.17225000192411244, 2426.537380000809, 3.819033008767292, 6.560335008543916, 29.31673800048884, 1.1465389980003238, 15.720669005531818, 2702.3612080083694
0.19678199896588922, 2447.7032339927973, 3.9279369957512245, 6.550980004249141, 28.71164800308179, 1.1099139956058934, 16.8334740010323, 2727.4644110002555
0.17973101057577878, 2460.175659012748, 3.89416899997741, 6.435400995542295, 28.41842800262384, 1.0232019994873554, 16.38310200360138, 2751.035118009895
0.1526099949842319, 2465.0104320026003, 3.979394998168573, 6.5171970054507256, 29.473137998138554, 1.1021420068573207, 15.24578599492088, 2761.124294993351
0.17732799460645765, 2439.666935999412, 3.852609996101819, 6.665042004897259, 30.269807000877336, 0.9500250016571954, 17.021007006405853, 2722.686644003261
0.18564700440037996, 2414.3027590034762, 3.774746000999585, 6.891579003422521, 29.103503009537235, 1.1164610041305423, 16.088012998807244, 2698.0828570085578
0.17046699940692633, 2459.2700119974324, 3.885311001795344, 6.523554999148473, 29.292443010490388, 1.0731130023486912, 16.64926800003741, 2743.6779769923305
0.179445996764116, 2396.227691991953, 3.901514006429352, 6.642233987804502, 28.792184006306343, 1.0811859974637628, 16.164207001565956, 2665.809102007188
0.1713459932943806, 2416.742225002963, 3.856946001178585, 6.575972991413437, 29.365251990384422, 1.0520859941607341, 16.3665510044666, 2699.4166939985007
0.1615229994058609, 2425.2948030043626, 3.955075007979758, 6.44320399442222, 28.694653999991715, 1.0514860041439533, 15.48146500135772, 2711.7811310017714
0.174328000866808, 2446.1524819926126, 3.905783989466727, 6.651104995398782, 29.731649992754683, 1.0129010042874143, 16.680465007084422, 2734.8406610108213
0.19469800463411957, 2440.0365270121256, 3.913943000952713, 6.902531997184269, 30.202560999896377, 1.0996460041496903, 15.732604995719157, 2740.052156994352
0.19493700528983027, 2433.8809619948734, 3.8616810052189976, 6.7075539991492406, 29.4314679922536, 0.9835509990807623, 16.550083993934095, 2724.837250993005
0.15865499153733253, 2426.014267010032, 3.799063997576013, 6.52402600098867, 29.428636000375263, 1.1914150090888143, 16.827934989123605, 2709.797114992398
0.17142800788860768, 2422.0547120057745, 4.0320999978575855, 6.455248993006535, 30.16529699380044, 1.0107510024681687, 15.396412010886706, 2697.930358990561
0.18017699767369777, 2411.244289003662, 3.7631640007020906, 6.765847996575758, 29.722191000473686, 0.9631430002627894, 16.13418199121952, 2690.0197560025845
0.17187300545629114, 2416.978826993727, 3.826029002084397, 6.680352991679683, 29.784322003251873, 1.1783249938162044, 15.597104997141287, 2703.5727450129343
0.17304600623901933, 2452.277411997784, 4.053969998494722, 6.552285005454905, 29.357223000261, 1.054555003065616, 16.673660997184925, 2737.695577001432
0.1715769903967157, 2415.6765110092238, 3.8592400087509304, 6.8006660003447905, 29.327133001061156, 1.0918039915850386, 16.87823199608829, 2702.5356850062963
0.20293200213927776, 2464.241466994281, 3.8835750019643456, 6.516067995107733, 29.318225002498366, 0.9803719876799732, 16.330138008925132, 2743.9356649992988
0.16837299335747957, 2432.2943089937326, 3.8414330047089607, 6.688536988804117, 29.19682599895168, 1.0426410008221865, 16.44778999616392, 2712.3124790086877
0.17306700465269387, 2435.2045059931697, 3.846245992463082, 7.025444996543229, 30.509292002534494, 0.9598409960744902, 16.804049999336712, 2716.086822998477
0.1589860039530322, 2433.557037002174, 3.812715003732592, 6.53631599561777, 29.321257999981754, 1.1803520028479397, 16.39053600956686, 2712.5893920019735
0.18359700334258378, 2427.4974610016216, 3.8124679995235056, 6.534478990943171, 28.737318993080407, 1.0270040074829012, 16.622889001155272, 2722.5317800039193
0.17744999786373228, 2407.2511230042437, 3.8940170052228495, 6.51319399185013, 28.722013012156822, 1.1485620052553713, 16.603258991381153, 2688.0930030019954
0.16159100050572306, 2429.389644006733, 3.883960991515778, 6.4025140018202364, 28.728945006150752, 1.0286299948347732, 14.84901100047864, 2720.0248059962178
0.17220799054484814, 2443.9564569911454, 3.892378997988999, 6.648962997132912, 29.022326998529024, 1.0399460006738082, 16.104231995996088, 2727.3968430090463
0.18057398847304285, 2442.793164998875, 3.8570579927181825, 6.78709099884145, 29.61659101129044, 1.0524799872655421, 15.251350007019937, 2695.3478600044036
0.17091799236368388, 2442.595792002976, 3.9951650105649605, 6.674488991848193, 29.448100991430692, 1.0000549955293536, 16.67165099934209, 2721.03379201144
0.18303799151908606, 2422.095349000301, 3.957160995923914, 6.496387999504805, 29.533135006204247, 1.0197310039075091, 15.96085200435482, 2696.900157010532
0.19226499716751277, 2439.8013000027277, 3.788472997257486, 6.543647003127262, 29.322600006707944, 0.9709580044727772, 16.384379006922245, 2716.0077199951047
0.17258900334127247, 2434.18518701219, 3.7917080044280738, 6.600584994885139, 28.99471299315337, 0.9824040025705472, 16.22395600134041, 2674.0027310006553
0.15833800716791302, 2411.850955992122, 3.8127739971969277, 6.338439998216927, 28.85515699745156, 0.9894820104818791, 16.069133998826146, 2701.8384090042673
0.1698989944998175, 2457.530166997458, 3.9179119921755046, 6.622336994041689, 29.88354400440585, 1.2498650030465797, 16.58422499895096, 2730.351211997913
0.16024599608499557, 2455.6818819983164, 3.899283998180181, 6.63855999300722, 29.29127900279127, 1.0472680005477741, 16.963385001872666, 2741.724570005317
0.15895700198598206, 2438.9154450036585, 3.8378830067813396, 6.536335989949293, 28.56854398851283, 1.0320539877284318, 16.613445986877196, 2722.135931995581
0.1943749957717955, 2422.4154459952842, 4.072217998327687, 6.555164000019431, 29.073733996483497, 1.0168570006499067, 15.04089000809472, 2698.9012230042135
0.16982899978756905, 2422.8194870083826, 3.8595530058955774, 6.832097002188675, 29.592128994408995, 0.9569319954607636, 16.393462006817572, 2713.3058730105404
0.17346200183965266, 2434.5781070005614, 3.8617659884039313, 6.606755996472202, 29.27453200391028, 1.071854989277199, 16.103665009723045, 2693.54588999704
0.16917698667384684, 2430.7505640026648, 3.941615010262467, 6.725796993123367, 28.223273999174125, 1.0351299861213192, 16.00445099757053, 2720.2185979986098
0.15977901057340205, 2468.057375997887, 3.851116998703219, 6.743402991560288, 28.721374008455314, 1.0342820023652166, 16.304775010212325, 2743.9418669964653
0.16517098993062973, 2421.208227999159, 3.841040001134388, 6.699209014186636, 29.856447014026344, 0.9609650005586445, 16.655729996273294, 2700.0369770103134
0.1608500024303794, 2432.004219008377, 3.9474420045735314, 6.397956996806897, 28.80148499389179, 1.0814859997481108, 16.533699992578477, 2714.08341100323
0.16365200281143188, 2444.998494000174, 3.820302998065017, 6.4766489958856255, 28.93614600179717, 1.0463960061315447, 15.903084000456147, 2710.9512650058605
0.19150499429088086, 2443.859113001963, 3.7632680032402277, 6.406137996236794, 28.757566993590444, 0.9213370067300275, 14.684126988868229, 2729.3779340106994
0.16034900909289718, 2447.480043003452, 3.854525988572277, 6.758301999070682, 29.20143101073336, 1.1070559994550422, 16.777659999206662, 2732.8577720036265
0.19563800015021116, 2448.3591719908873, 3.9071060018613935, 6.580902001587674, 29.009507008595392, 1.0295129904989153, 15.405785001348704, 2736.610132007627
0.15517200517933816, 2403.126267992775, 3.8760339957661927, 6.4375059882877395, 29.044602997601032, 1.178454011096619, 16.39271099702455, 2682.7703139861114
0.1601510011823848, 2393.963912007166, 3.8751980027882382, 6.364568005665205, 28.94979999109637, 1.0644470021361485, 15.756295993924141, 2677.515746996505
0.16477899043820798, 2436.6528399987146, 3.9155720005510375, 6.670903996564448, 29.65332799067255, 1.0760050063254312, 17.076907999580726, 2718.1120159948478
0.1572010078234598, 2435.425004994613, 3.849691987852566, 6.685521002509631, 29.30101599486079, 1.0531540028750896, 16.834647991345264, 2693.7152140017133
0.1750759984133765, 2449.444981990382, 3.882948003592901, 6.639535000431351, 29.401137988315895, 0.9897169948089868, 16.526242994586937, 2724.247371996171
0.1611420011613518, 2414.9161799869034, 3.769651011680253, 6.474747002357617, 29.223311008536257, 1.0183589911321178, 16.62818698969204, 2685.595603994443
0.1810569956433028, 2439.7517960023833, 3.869626991217956, 6.1795369983883575, 29.08950900018681, 1.005236990749836, 14.880718998028897, 2719.4236210052622
0.1720730069791898, 2436.4383540087147, 3.8429219857789576, 6.672073999652639, 29.838493996066973, 0.9971599938580766, 16.717195001547225, 2715.391902005649
0.17489699530415237, 2419.196346992976, 3.745228998013772, 6.321295004454441, 28.97130200290121, 1.1435610067564994, 16.059952991781756, 2717.1092329954263
0.17463299445807934, 2420.4390879895072, 3.898492010193877, 6.649842995102517, 29.309590987395495, 0.9795469959499314, 16.85032200475689, 2700.0924250023672
0.1525289990240708, 2426.5973639994627, 3.8982260011835024, 6.5391849930165336, 29.452034999849275, 1.0563839896349236, 16.93492100457661, 2706.6668390034465
0.18219799676444381, 2427.7302410046104, 3.8667990011163056, 6.733393995091319, 29.285463999258354, 1.0873279970837757, 16.441778003354557, 2712.1016179880826
0.16463101201225072, 2440.927688992815, 3.8200299895834178, 6.590439996216446, 29.65238298929762, 0.9555139986332506, 16.391212993767112, 2725.457178996294
0.18041400471702218, 2422.996991997934, 3.8667500048177317, 6.501586991362274, 29.527178005082533, 1.0154060000786558, 15.026417997432873, 2715.204720996553
0.1661629939917475, 2432.4995470087742, 3.8181429990800098, 6.292641002801247, 29.120368999429047, 1.104324997868389, 16.128350005601533, 2701.144517995999
0.16964800306595862, 2446.8830850091763, 3.870177999488078, 6.660446000751108, 29.698955011554062, 1.16220599738881, 15.559822000795975, 2731.2231889955
0.17287999799009413, 2415.5065410013776, 3.7892999971518293, 6.707153006573208, 30.95842599577736, 1.1540639970917255, 16.851263004355133, 2700.967444005073
0.15230999269988388, 2423.5637490055524, 3.882545992382802, 6.732131005264819, 28.937316994415596, 0.9913030080497265, 16.451711009722203, 2812.1468979952624
0.17825700342655182, 2418.331530992873, 3.8656439865007997, 6.650587005424313, 30.370104999747127, 1.1294899886706844, 17.00641799834557, 2701.999451004667
0.16583199612796307, 2400.673092008219, 3.834467992419377, 6.568153999978676, 29.582085000583902, 1.1888510052813217, 14.932335005141795, 2679.8170380061492
0.17211098747793585, 2426.3224949972937, 3.831349007668905, 6.889415992191061, 31.052812992129475, 1.0478559997864068, 16.16813500004355, 2714.3070200108923
0.17352199938613921, 2418.6145740095526, 3.7771720089949667, 6.576501007657498, 29.557050991570577, 1.0309539939044043, 15.845692993025295, 2698.225469997851
0.17626899352762848, 2408.070054007112, 3.8402510108426213, 6.332723001833074, 28.603421989828348, 0.9755819919519126, 15.893247997155413, 2685.4172849998577
0.17371699505019933, 2406.9949890108546, 3.775990000576712, 6.388758003595285, 29.10425800655503, 1.1197349958820269, 14.939271990442649, 2690.845866003656
0.16111099103000015, 2404.5565650012577, 3.8823070062790066, 6.343859990010969, 29.66166399710346, 1.1453529878053814, 16.901056995266117, 2690.128330999869
0.1697269908618182, 2399.9213380011497, 3.801849001320079, 6.306060997303575, 29.658466010005213, 1.033986991387792, 14.471884991507977, 2684.4150010001613
0.19865100330207497, 2399.3230469932314, 3.852975001791492, 6.480708994786255, 29.395514997304417, 1.0441409976920113, 14.697923004860058, 2674.9401729903184
0.17570299678482115, 2442.690046998905, 3.805515996646136, 6.4671400032239035, 29.77109000494238, 1.0243249998893589, 14.748389992746525, 2729.001187995891
0.18218299373984337, 2401.54502299265, 3.865634003886953, 6.582949994481169, 29.728794004768133, 1.0539469949435443, 14.74975400196854, 2679.9142520030728
0.16566499834880233, 2431.3788839936024, 3.9134140097303316, 6.525315009639598, 30.255010002292693, 1.0195630020461977, 14.887816010741517, 2725.2291119948495
0.16064199735410511, 2436.5165810013423, 3.789454000070691, 6.431524001527578, 28.83203800593037, 1.1434750049374998, 15.647079999325797, 2720.3218820068287
0.16895199951250106, 2394.2769470013445, 3.8159109972184524, 6.3233780092559755, 30.40544099349063, 0.982203011517413, 16.410216994700022, 2677.601274001063
0.15626200183760375, 2434.5186600112356, 3.830462010228075, 6.580828005098738, 29.64109399181325, 1.057632005540654, 14.73708999401424, 2695.5144889943767
0.16937100735958666, 2431.690608995268, 3.8418210024246946, 6.334706995403394, 29.050722005194984, 1.0968540009343997, 15.41674300096929, 2711.6731880087173
0.16272500215563923, 2401.4899309986504, 3.8199080008780584, 6.313353005680256, 29.801558004692197, 1.026393991196528, 14.589913000236265, 2688.689283997519
0.15598800382576883, 2420.312225003727, 3.8701769954059273, 6.209555998793803, 28.994332998991013, 1.109588993131183, 14.447773006395437, 2698.794195006485
0.14781900972593576, 2492.438626999501, 3.9160180022008717, 6.608133990084752, 30.959165989770554, 1.1615059920586646, 16.513732000021264, 2772.8136899968376
0.1678300031926483, 2418.12525500427, 3.8739449955755845, 6.423062004614621, 29.27560600801371, 0.9876510011963546, 14.68730199849233, 2701.9240950030508
0.17036600911524147, 2405.7145949918777, 3.7889829982304946, 6.477290997281671, 28.899031996843405, 1.1454550112830475, 14.70968799549155, 2685.4800279979827
0.15291100135073066, 2387.8896530077327, 3.8585480069741607, 6.438709009671584, 28.601310987141915, 1.0274590022163466, 14.746881992323324, 2664.7562370053492
0.18838899268303066, 2416.58053600986, 3.8964389968896285, 6.385827990015969, 29.04167700035032, 1.0239840048598126, 14.758595993043855, 2700.074037988088
0.1510419970145449, 2418.565681990003, 3.8433619920397177, 6.520955997984856, 29.33860500343144, 1.0511500004213303, 14.83907199872192, 2714.301421001437
0.1614640059415251, 2412.4274120113114, 3.870280008413829, 6.522088995552622, 29.524224999477156, 1.163000997621566, 15.235560000292026, 2696.0628390079364
0.18384300346951932, 2442.215635004686, 3.9360939990729094, 6.556422013090923, 29.106936999596655, 1.0887789976550266, 14.887401994201355, 2726.8371429963736
0.15991399413906038, 2418.472721998114, 3.867573002935387, 6.650481998804025, 29.639012995176017, 1.0141219972865656, 15.594366996083409, 2710.7420139946043
0.15858400729484856, 2431.3510110077914, 3.89944898779504, 6.652925003436394, 29.407335998257622, 1.1014549963874742, 14.695013000164181, 2697.1065089892363
0.16559699724894017, 2419.529431994306, 3.801262006163597, 6.553650004207157, 29.460416990332305, 1.0714660020312294, 14.810935012064874, 2705.153029994108
0.17393800953868777, 2392.759947004379, 3.7906980141997337, 6.603400994208641, 29.014044004725292, 1.0913649894064292, 15.752456994960085, 2684.005790986703
0.15904699102975428, 2424.1292099904967, 3.8272460078587756, 6.802920994232409, 29.208329011453316, 1.0617850057315081, 15.038172990898602, 2717.1489160100464
0.15620599151588976, 2419.2880019982113, 3.8782209885539487, 6.943022002815269, 29.11365800537169, 1.1078030074713752, 14.606291995733045, 2725.316521988134
0.18159700266551226, 2443.9806809969014, 3.8365470099961385, 6.484104989795014, 28.93199899699539, 1.0682060092221946, 14.716898003825918, 2728.1010080041597
0.1716960105113685, 2432.840783003485, 3.819049001322128, 6.158120988402516, 29.21948100265581, 1.152038006694056, 14.376364997588098, 2712.445580007625
0.1669000048423186, 2424.351930996636, 3.83201299700886, 6.481224001618102, 29.567518999101594, 1.0361379972891882, 14.423887987504713, 2702.8958790033357
0.1683830050751567, 2449.419169992325, 3.8817159947939217, 6.434394992538728, 29.75828900525812, 1.0260109993396327, 16.593590000411496, 2738.601926001138
0.1668879995122552, 2408.34922400245, 3.8102049875305966, 6.573959006345831, 29.63166900735814, 1.1092430067947134, 15.572365009575151, 2693.859261009493
0.16454099386464804, 2440.040942004998, 3.906211000867188, 6.376320001436397, 29.469464992871508, 0.975086004473269, 14.777085001696832, 2724.096819991246
0.15511500532738864, 2418.8541019975673, 3.8251700025284663, 6.627525988733396, 29.520422001951374, 1.0798889998113737, 15.852698998060077, 2700.8795750007266
0.17078299424611032, 2455.4499670048244, 3.8805229996796697, 6.440091005060822, 29.024438001215458, 1.1681809992296621, 14.808880994678475, 2711.4525310025783
0.17286599904764444, 2437.1264969959157, 3.79814300686121, 6.573480000952259, 30.97084899491165, 1.0826539946720004, 15.12407099653501, 2716.9964109925786
0.14849400031380355, 2411.0448530118447, 3.885926998918876, 6.655860008322634, 29.432918003294617, 1.0078680061269552, 14.905720003298484, 2683.3974760083947
0.16374299593735486, 2421.1484600091353, 3.9354799955617636, 6.527823003125377, 29.243793003843166, 1.040457995259203, 14.523063000524417, 2712.1549940056866
0.1710799988359213, 2425.94100999122, 3.8654590025544167, 6.27056100347545, 29.1187220136635, 1.005451995297335, 14.88321099895984, 2712.7216259978013
0.1798919984139502, 2422.76614200091, 3.8272789970505983, 6.520353999803774, 29.119935992639512, 1.0071010037790984, 14.639050990808755, 2716.4881079952465
0.1604229910299182, 2426.097147996188, 3.8445830141426995, 6.4805940055521205, 29.479015996912494, 1.1149670026497915, 15.708427992649376, 2702.0307069906266
0.17140999261755496, 2394.537364001735, 3.816184005700052, 6.319077991065569, 29.785919992718846, 1.0623740090522915, 14.658979998785071, 2679.1047519946005
0.189049998880364, 2412.29672600457, 3.7899149901932105, 6.672400995739736, 28.614612005185336, 1.1935149959754199, 14.629583994974382, 2694.213030001265
0.16577800852246583, 2423.405684006866, 3.839393990347162, 6.766687001800165, 30.226030998164788, 0.9857889963313937, 14.946265000617132, 2714.8812450031983
0.1743989996612072, 2421.8329480063403, 3.7558320036623627, 6.560393987456337, 30.091203007032163, 1.080255999113433, 14.541563999955542, 2699.55296900298
0.15423000149894506, 2410.9243550046813, 3.8358489982783794, 6.889851007144898, 28.96952800801955, 1.175236000563018, 15.30766100040637, 2686.5569070068887
0.15952799003571272, 2399.2540780018317, 3.7889179948251694, 6.095670003560372, 28.325228005996905, 1.1412479943828657, 14.766255000722595, 2678.3648999989964
0.20937398949172348, 2420.221410007798, 3.8353150011971593, 6.362350002746098, 29.200691991718486, 1.1036469950340688, 14.647656003944576, 2705.6795160024194
0.17418799689039588, 2431.619409995619, 3.85367899434641, 6.156119998195209, 29.06243001052644, 1.0391530086053535, 15.7754300016677, 2728.2397499948274
0.16514299204573035, 2416.7204219993437, 3.849326996714808, 6.399752004654147, 29.218833995400928, 1.100191002478823, 14.514918002532795, 2695.407160994364
0.1710479991743341, 2413.7295330001507, 4.0092249982990324, 6.430262001231313, 30.33817200048361, 1.0744979954324663, 16.206553002120927, 2684.4878730044
0.15089299995452166, 2420.454302991857, 3.8909010036149994, 6.458062998717651, 29.441228005453013, 1.0209300089627504, 14.589238009648398, 2714.2928290122654
0.15878300473559648, 2431.3787350110942, 3.812840994214639, 6.168034000438638, 28.871768998214975, 1.0098130005644634, 14.84611000341829, 2715.651960010291
0.1902189978864044, 2423.4622860094532, 3.829495995887555, 6.762731005437672, 29.461748999892734, 1.0547920101089403, 14.987067988840863, 2709.4191829964984
0.1619969989405945, 2427.0134379912633, 3.8771200051996857, 6.287989002885297, 29.399756997008808, 1.0427090019220486, 14.619046996813267, 2667.852194994339
0.1823759957915172, 2403.5065290081548, 3.786033994401805, 6.45838599302806, 29.05788499629125, 0.9862059960141778, 16.14389699534513, 2687.46221899346
0.16325799515470862, 2430.9912449971307, 3.8030569994589314, 6.84263400034979, 29.39349799999036, 1.128905001678504, 16.21563799562864, 2716.65888800635
0.18090300727635622, 2446.094266997534, 3.897464004694484, 6.555699001182802, 29.91028099495452, 1.0177849908359349, 15.963589990860783, 2733.4053209924605
0.17708400264382362, 2400.280832996941, 3.9286899991566315, 6.822676994488575, 30.40200700343121, 1.0279580019414425, 15.83511799981352, 2674.8719409952173
0.17911600298248231, 2421.505239995895, 3.783413994824514, 6.639368002652191, 30.057886993745342, 1.0416800068924204, 15.455728993401863, 2703.13037399319
0.16128600691445172, 2431.3812280015554, 3.8152460037963465, 6.4932980021694675, 29.183778999140486, 0.9871400106931105, 14.630500998464413, 2715.625718992669
0.17233499966096133, 2418.7983539886773, 3.8259330030996352, 6.488884988357313, 29.738751996774226, 1.0036029998445883, 16.749590999097563, 2701.086373999715
0.182679999852553, 2414.8905979964184, 3.839445998892188, 6.669991998933256, 29.193472990300506, 0.9985000069718808, 14.63462099491153, 2698.83411101182
0.16921399219427258, 2402.1553810016485, 3.8569910102523863, 6.527885008836165, 29.858155001420528, 1.2249749997863546, 14.841491996776313, 2685.607585008256
0.1729200012050569, 2443.2171619992005, 3.83507800870575, 6.692769005894661, 29.786872008116916, 1.0568330035312101, 15.031064001959749, 2720.20072399755
0.14431799354497343, 2393.447626993293, 3.7230010057101026, 6.4614060102030635, 29.74081999855116, 1.0391949908807874, 15.584854001644999, 2672.3387129895855
0.18892699154093862, 2461.3100309943547, 3.939864007406868, 6.225133998668753, 30.281957995612174, 1.0829209932126105, 14.818342999205925, 2753.189007999026
0.1665720046730712, 2438.606534007704, 3.919668000889942, 6.627157999901101, 29.8924340022495, 1.0765059996629134, 14.953780992073007, 2722.3301390040433
0.18866399477701634, 2420.750364995911, 3.8655770040350035, 6.737372998031788, 29.733509989455342, 1.0671360068954527, 15.361016005044803, 2693.745634998777
0.15917500422801822, 2408.6231590044918, 3.8742250035284087, 6.565900010173209, 28.775010010576807, 1.111502991989255, 14.488228000118397, 2685.171707009431
0.17029700393322855, 2416.906957005267, 3.8768029917264357, 6.602768000448123, 32.82689000479877, 1.037130001350306, 15.322357008699328, 2734.6604349877452
0.18131399701815099, 2438.749294989975, 3.848485997878015, 6.349358009174466, 29.066481001791544, 1.0447399981785566, 14.75957599177491, 2723.99741600384
0.18778898811433464, 2450.8495989866788, 3.847378000500612, 6.547216995386407, 29.1157490137266, 1.1160200083395466, 14.991162999649532, 2711.823937992449
0.16458499885629863, 2431.1729399923934, 3.982272988650948, 6.571948004420847, 28.8875120022567, 1.091906990041025, 16.36045800114516, 2710.1156690041535
0.17988099716603756, 2399.577906006016, 3.790126007515937, 6.38395499845501, 28.961724994587712, 1.0580480011412874, 16.085976996691898, 2682.19558900455
0.16127400158438832, 2469.1580969956703, 3.8678030105074868, 6.734050999511965, 29.626112009282224, 1.1310129921184853, 14.82630500686355, 2733.1279259960866
0.1859479962149635, 2424.3578939931467, 3.8296290003927425, 6.663484004093334, 30.21664099651389, 1.0854809952434152, 15.496706997510046, 2711.673499987228
0.1606980076758191, 2403.0470279976726, 3.852962006931193, 6.446974002756178, 28.768473988748156, 0.9820459963520989, 14.683951012557372, 2685.9333619941026
0.16526499530300498, 2415.958875004435, 3.8689960056217387, 6.734994996804744, 29.221624994534068, 1.0889849945669994, 14.72669601207599, 2694.3344379978953
0.1613990025362, 2445.329648995539, 3.845118000754155, 6.586118004634045, 28.997374000027776, 1.0266589961247519, 15.252850003889762, 2734.774484008085
0.16849199892021716, 2416.1943729995983, 3.872052999213338, 6.334447985864244, 29.203044992755167, 1.0744089959189296, 15.182842005742714, 2696.480276004877
0.1564530102768913, 2428.0995940061985, 3.9390540041495115, 6.5689649927662686, 29.557809000834823, 1.1614290124271065, 16.583171003730968, 2702.9751029913314
0.1752480020513758, 2419.5567540009506, 3.8481279916595668, 6.321487002423964, 29.328239004826173, 1.011458007269539, 14.656697007012554, 2703.147716994863
0.18346699653193355, 2419.507051992696, 3.836351999780163, 6.316717990557663, 30.113018001429737, 1.0605739953462034, 15.720745999715291, 2711.5704639873
0.18169099348597229, 2421.4846470131306, 3.8684129976900294, 6.594714999664575, 29.378097999142483, 1.0437650053063408, 14.7114550054539, 2701.5800539957127
0.15649299893993884, 2435.4154909960926, 3.8369829999282956, 6.498069007648155, 29.76297000714112, 1.17353699170053, 15.032611001515761, 2722.5648070016177
0.18981299945153296, 2460.3906169941183, 3.8688930071657524, 6.462407996878028, 29.29462300380692, 0.9864489984465763, 14.642559995991178, 2733.0246289930074
0.2146969927707687, 2407.9545220010914, 3.859108008327894, 6.618289000471123, 30.18304299621377, 1.1465010029496625, 16.01101699634455, 2688.6668229999486
0.18164799257647246, 2425.5662969953846, 3.8469270075438544, 6.4069770014612, 29.31538099073805, 1.0777579882415012, 14.607754012104124, 2700.698021988501
0.16062699432950467, 2443.3104990021093, 3.873038003803231, 6.564155002706684, 29.80955399107188, 1.0728100023698062, 15.063430008012801, 2727.028577995952
0.17984100850299, 2414.0851039992413, 3.836239004158415, 6.722717007505707, 29.295840009581298, 1.1724940122803673, 17.06335500057321, 2700.96798799932
0.17970599583350122, 2415.40768800769, 3.799847007030621, 6.446323008276522, 29.38795500085689, 1.1083979916293174, 14.739646998350509, 2689.442382994457
0.1557770010549575, 2426.7412059998605, 3.8011889992048964, 6.661602994427085, 29.9886299908394, 1.1995270033366978, 16.434941993793473, 2712.948948988924
0.17029698938131332, 2427.799031996983, 3.8681559963151813, 6.577036008820869, 29.331519006518647, 1.0982150124618784, 14.542145989253186, 2726.003487012349
0.17368300177622586, 2391.8578930024523, 3.7143950030440465, 6.75244300509803, 29.511928994907066, 1.0568110010353848, 14.92269198934082, 2673.0469739995897
0.15976699069142342, 2438.6645699996734, 3.7926320073893294, 6.8273460055934265, 29.52085799188353, 1.1175359977642074, 14.585129989427514, 2743.2977460121037
0.15892898954916745, 2424.708812002791, 3.7632909952662885, 6.655720004346222, 30.402664007851854, 1.1387059930711985, 15.64885801053606, 2708.6654330050806
0.1671189966145903, 2428.8781659997767, 3.894845998729579, 6.599801999982446, 28.94757800095249, 1.0600980021990836, 14.849314000457525, 2719.20839798986
0.15910100773908198, 2404.96134001296, 3.7947140081087127, 6.279174005612731, 29.28389099542983, 1.017026006593369, 14.603431991417892, 2694.9351070070406
0.21384000137913972, 2460.893513998599, 3.9638479938730597, 6.392066003172658, 29.281504001119174, 1.1799000058090314, 14.691900010802783, 2751.9827380019706
0.17096400551963598, 2420.2345910016447, 3.8949659938225523, 6.571282996446826, 29.571289007435553, 1.2055060069542378, 14.783688995521516, 2699.5820090087363
0.18143300258088857, 2426.987904997077, 3.866519997245632, 6.658913000137545, 29.533068009186536, 1.1219189909752458, 14.651262987172231, 2707.823543008999
0.17118699906859547, 2426.657738003996, 3.764695007703267, 6.612630997551605, 29.872355997213162, 1.1658470029942691, 15.499942004680634, 2732.7610239881324
0.18137801089324057, 2410.2524889894994, 3.796713994233869, 6.783457996789366, 30.676826005219482, 1.1173270031576976, 14.95553000131622, 2704.7158040077193
0.1716130063869059, 2395.444531997782, 3.7744439905509353, 6.469892992754467, 29.677534999791533, 1.0857340093934909, 14.686527996673249, 2667.453888003365
0.16303500160574913, 2430.4743410029914, 3.8601459964411333, 6.609388001379557, 29.29601199866738, 1.0543579992372543, 15.222529997117817, 2708.8000459916657
0.18788799934554845, 2457.879238005262, 3.8745820056647062, 6.89782400149852, 29.784152007778175, 1.1626140039879829, 15.489929995965213, 2713.610043996596
0.1743989996612072, 2433.19365401112, 3.8164379948284477, 6.287347991019487, 28.867935005109757, 1.0157979995710775, 14.821571996435523, 2708.8867069978733
0.17630800721235573, 2415.3949650062714, 3.816765994997695, 6.386494991602376, 29.19513700180687, 1.0090750001836568, 14.501031007966958, 2703.6145229940303
0.16589499136898667, 2439.826045985683, 4.100302001461387, 6.34165400697384, 29.717490993789397, 1.0487749968888238, 14.710283008753322, 2720.321469998453
0.1698749983916059, 2435.1677170052426, 3.953766994527541, 6.6472869948484, 29.585701005999, 1.1661409953376278, 14.786953004659154, 2719.18684701086
0.16884699289221317, 2422.014449010021, 3.8528340082848445, 6.653107993770391, 29.13376400829293, 1.0933860030490905, 16.380234999815002, 2698.4190699877217
0.16586000856477767, 2425.5401169939432, 3.946593002183363, 6.6711570107145235, 28.83509499952197, 1.0765440092654899, 16.72006500302814, 2707.2408590029227
0.16202300321310759, 2453.684207997867, 3.872518995194696, 6.469026004197076, 28.992416002438404, 1.0991879971697927, 14.91509001061786, 2717.425420996733
0.17214500985573977, 2431.1778509872966, 3.946058001019992, 6.9805590028408915, 29.88139800436329, 1.0211999906459823, 15.143805998377502, 2716.463056000066
0.16208500892389566, 2416.3544990005903, 3.8322329928632826, 6.878636006149463, 29.663766996236518, 1.188152004033327, 14.81551599863451, 2706.899887009058
0.1721279986668378, 2390.5221660097595, 3.794332005782053, 6.501709998701699, 29.292046005139127, 1.0918199986917898, 15.336689990363084, 2672.7334010065533
0.19314000383019447, 2402.542579002329, 3.912004001904279, 6.68336299713701, 29.046851996099576, 1.0292560036759824, 15.254547994118184, 2676.716755013331
0.16335899999830872, 2417.71761700511, 3.796271004830487, 6.091085000662133, 29.100766987539828, 1.1023440019926056, 14.718270002049394, 2710.8724339923356
0.17113798821810633, 2429.710012002033, 3.9014259964460507, 6.496403002529405, 28.41844300564844, 1.0967800044454634, 16.182891005882993, 2715.024118995643
0.1691939978627488, 2462.2090279881377, 3.801920000114478, 6.485795995104127, 29.737074000877328, 1.050584003678523, 15.637399992556311, 2724.851020000642
0.16786801279522479, 2441.543041000841, 3.9246520027518272, 6.56775500101503, 30.233458994189277, 1.0897899919655174, 14.957178005715832, 2729.522901994642
0.1927880075527355, 2411.5423770126654, 3.8203599979169667, 6.715900992276147, 29.620425993925892, 1.1167710035806522, 14.747540990356356, 2689.118448004592
0.17256599676329643, 2413.1803970085457, 3.7836570118088275, 6.727234998834319, 29.682095992029645, 1.0775260016089305, 15.456463996088132, 2701.9905780034605
0.16307600890286267, 2418.94188101287, 3.8739189913030714, 6.406499000149779, 29.464490013197064, 1.0720559948822483, 14.660438988357782, 2709.333962004166
0.1482619991293177, 2424.5256669964874, 3.891576998285018, 6.156219998956658, 29.282431001774967, 1.0319610009901226, 14.576278990716673, 2707.676306992653
0.17007600399665534, 2420.33116199309, 3.8573229976464063, 6.667702007689513, 29.624105998664163, 1.0679260012693703, 14.630778998252936, 2702.2457330022007
0.18374000501353294, 2394.4326100026956, 3.7834569957340136, 6.4402349962620065, 29.429906004224904, 1.080493995686993, 14.685055008158088, 2675.8070350042544
0.1622500130906701, 2401.8925609998405, 3.840077988570556, 6.260430003749207, 28.958060996956192, 0.9852789953583851, 14.61746499990113, 2683.025637001265
0.18434401135891676, 2401.2898549990496, 3.968814999097958, 6.483238001237623, 29.48753398959525, 1.0825990029843524, 14.79992399981711, 2683.306923994678
0.15265900583472103, 2421.109631002764, 3.854281996609643, 6.489359002443962, 29.80143499735277, 1.0640239925123751, 14.607252000132576, 2707.706297005643
0.16868099919520319, 2445.816889012349, 3.8476890040328726, 6.610731012187898, 29.994295007782057, 1.046710996888578, 14.966453993110918, 2738.020614007837
0.17489399760961533, 2424.4856199948117, 3.883746001520194, 6.171394998091273, 29.14000500459224, 1.184927998110652, 14.783907012315467, 2703.3848479914013
0.1768020010786131, 2435.1925140072126, 3.8008010014891624, 6.392060007783584, 29.497836003429256, 1.1375769972801208, 14.682232998893596, 2706.942335993517
0.16594500630162656, 2402.2193730052095, 3.8675910036545247, 6.558584005688317, 28.663464996498078, 1.0377569997217506, 14.97035101056099, 2688.730376001331
0.16821699682623148, 2425.6599779910175, 3.773502990952693, 6.5409980015829206, 29.082461012876593, 1.0122919920831919, 14.521616001729853, 2700.6456369999796
0.1830690016504377, 2454.3131009995705, 3.8519730005646124, 6.817938003223389, 29.275933004100807, 1.111311008571647, 16.271926011540927, 2729.8496250004973
0.1792859984561801, 2434.295218990883, 3.8651130016660318, 6.602041990845464, 29.84318500966765, 1.1737799941329286, 14.980844003730454, 2710.5492879927624
0.16099499771371484, 2419.909877004102, 3.8796380104031414, 6.19283999549225, 29.29710400348995, 1.06630299706012, 14.685526009998284, 2701.341642998159
0.1726990012684837, 2395.8945680060424, 3.8126349973026663, 6.524976008222438, 29.326357995159924, 0.9969329985324293, 14.764260005904362, 2671.7137359955814
0.171994004631415, 2421.6803300078027, 3.814942989265546, 6.60344900097698, 29.253806002088822, 1.077898996300064, 15.308125002775341, 2702.2425000031944
0.15712300955783576, 2434.1488119971473, 3.832454007351771, 6.47778800339438, 29.042548005236313, 1.028786995448172, 14.695403006044216, 2717.3823800112586
0.1692970108706504, 2422.060313008842, 3.9466659945901483, 6.5446389926364645, 29.35029201034922, 1.093132988899015, 14.692388998810202, 2701.491089988849
0.19195899949409068, 2419.055196005502, 3.8959800003794953, 6.609407006180845, 29.290792008396238, 0.9973339911084622, 14.711291005369276, 2679.3622660043184
0.17137799295596778, 2434.797014997457, 3.861906996462494, 6.653251999523491, 30.096428003162146, 1.1012160102836788, 14.775488001760095, 2715.164751993143
0.1621890114620328, 2425.7127909950214, 3.8597000093432143, 6.562636001035571, 29.894740000599995, 1.064245996531099, 14.824426005361602, 2708.89566000551
0.173787004314363, 2405.4908770049224, 3.8617140089627355, 6.5571710001677275, 29.25910599878989, 1.192576004541479, 15.062421007314697, 2682.8723030048423
0.16648198652546853, 2405.6983619957464, 3.826641011983156, 6.463746991357766, 29.835838999133557, 1.0808699880726635, 14.686866998090409, 2692.152342002373
0.177393012563698, 2419.843363997643, 3.896399008226581, 6.55366999853868, 29.83688999665901, 1.0548620048211887, 14.63493199844379, 2708.6915310064796
0.16701100685168058, 2432.440909993602, 3.752214994165115, 6.529713005875237, 29.485266000847332, 1.1044790007872507, 14.77004100161139, 2713.558382994961
0.1736980048008263, 2407.3271559900604, 3.8246650074142963, 6.509447994176298, 29.419504004181363, 0.9898099960992113, 14.639625005656853, 2692.4434849934187
0.19299400446470827, 2424.349234002875, 3.7803309969604015, 6.6585659951670095, 29.975798999657854, 1.0444210056448355, 14.776816009543836, 2700.433841004269
0.18879599520005286, 2416.4952550054295, 3.796407996560447, 6.387923000147566, 29.36247798788827, 1.01170499692671, 14.677879997179843, 2707.825771998614
0.1673849910730496, 2443.114178997348, 3.928128004190512, 6.399277001037262, 28.468963006162085, 1.0638859967002645, 14.584332995582372, 2735.0974090077216
0.1893439912237227, 2459.649430005811, 3.8222580042202026, 6.873482998344116, 29.327035997994244, 1.066167009412311, 14.976291990024038, 2715.2958669903455
0.1691759971436113, 2439.7249900066527, 3.8293349934974685, 6.836783999460749, 29.48955199099146, 1.0533519962336868, 16.374948012526147, 2729.8683900007745
0.17474000924266875, 2467.9314629902365, 3.9316309994319454, 6.525882999994792, 30.149298007017933, 1.1730960104614496, 14.81586899899412, 2759.4198739971034
0.18050099606625736, 2424.2211890086764, 3.7627759884344414, 6.313998004770838, 29.45058800105471, 1.1604040046222508, 14.697022008476779, 2710.110625004745
0.17187999037560076, 2432.302859990159, 3.816800002823584, 6.227745005162433, 29.440528989653103, 1.1322459904477, 14.77629599685315, 2723.6668539990205
0.17350399866700172, 2429.144975991221, 3.848353007924743, 6.623099994612858, 29.495110997231677, 1.0118539939867333, 14.568474987754598, 2716.0199579957407
0.16732201038394123, 2480.109767013346, 3.8403090002248064, 6.6442709940019995, 30.104867997579277, 1.1145949974888936, 15.002708008978516, 2765.1442759961355
0.16405098722316325, 2418.749830001616, 3.775543998926878, 6.37655500031542, 29.100961997755803, 1.0609560122247785, 16.79075699939858, 2692.0844319975004
0.16744600725360215, 2412.2444439999526, 3.7576910108327866, 6.381733997841366, 29.275392997078598, 1.0052160068880767, 14.559292001649737, 2693.443866999587
0.15940099547151476, 2433.1242720072623, 3.8431219873018563, 6.356051002512686, 29.415790995699354, 0.9965899953385815, 15.573400989524089, 2712.270117001026
0.200653012143448, 2404.9156260007294, 3.8083609979366884, 6.602772991755046, 29.0349690039875, 0.99717199918814, 16.93919200624805, 2684.7964949993184
0.16972598677966744, 2444.5957010029815, 3.8385070074582472, 6.468352992669679, 29.02490898850374, 1.090247998945415, 14.844980993075296, 2725.6934799952433
0.17667199426796287, 2429.009722007322, 3.76905599841848, 6.353160992148332, 29.608036988065578, 1.0572269966360182, 14.75702499737963, 2708.6893590021646
0.15674000314902514, 2445.97374300065, 3.8477769994642586, 6.540265996591188, 29.48498800105881, 1.040754999849014, 14.735272998223081, 2729.8419710132293
0.17434899928048253, 2450.3317430062452, 3.8905060064280406, 6.341385000268929, 30.07377999892924, 1.1572700022952631, 14.883310010191053, 2740.4294540028786
0.17788699187804013, 2429.6686190064065, 3.8749489904148504, 6.569352000951767, 29.7545219946187, 1.015906993416138, 15.06231099483557, 2707.177086995216
0.15912199160084128, 2434.8498010076582, 3.771538002183661, 6.547024007886648, 29.15489100269042, 1.122558009228669, 15.494167993892916, 2717.900452000322
0.18317399371881038, 2442.368960008025, 3.9747669943608344, 6.280344998231158, 29.022078000707552, 0.9809979965211824, 16.158058002474718, 2729.85791300016
0.17404499521944672, 2416.031562999706, 3.8030599971534684, 6.315269987680949, 28.772288002073765, 1.0504409874556586, 14.560227995389141, 2680.8882300101686
0.17114799993578345, 2414.2545520007843, 3.8280380103969947, 6.682182996883057, 29.894808001699857, 1.136035003582947, 14.731696996022947, 2695.9718680009246
0.17287899390794337, 2422.108733007917, 3.8142200064612553, 6.4383510034531355, 29.668525006854907, 1.0015779989771545, 15.592202995321713, 2708.4551000007195
0.1640760019654408, 2420.3398209938314, 3.7971519923303276, 6.753160007065162, 29.674149001948535, 1.0447109962115064, 14.675197991891764, 2703.5899409966078
0.17176401161123067, 2411.2442880141316, 3.9572499954374507, 6.5745350002544, 29.962907006847672, 1.0745289910119027, 14.999766994151287, 2691.5267069998663
0.16661800327710807, 2403.437221000786, 3.828423999948427, 6.466570994234644, 29.043866990832612, 1.004370002192445, 14.614173996960744, 2677.8375290014083
0.17380299686919898, 2424.0239369974006, 3.866340994136408, 6.477713002823293, 28.53182901162654, 0.9748910088092089, 14.530561995343305, 2711.6606069903355
0.16732800577301532, 2415.5313660012325, 3.766303008887917, 6.551609010784887, 29.31486800662242, 1.1616529955063015, 14.650265002273954, 2700.606117999996
0.16469000547658652, 2422.2627770068357, 3.8927160057937726, 6.6251999960513785, 30.278746009571478, 1.211262002470903, 14.724521010066383, 2708.603082995978
0.15609600814059377, 2420.012732007308, 3.802097009611316, 6.5590809972491115, 29.168398992624134, 1.1059370008297265, 15.607615991029888, 2711.8484509992413
0.1663209986872971, 2397.925159006263, 3.898390001268126, 6.386281005688943, 29.5840640028473, 1.0722349979914725, 15.025200002128258, 2673.5846679948736
0.15937200805637985, 2408.801005993155, 3.893408997100778, 6.438027005060576, 28.766253002686426, 1.107988995499909, 14.700207000714727, 2695.860719002667
0.15217599866446108, 2424.5926669973414, 3.79592900571879, 6.4306150015909225, 29.48980599467177, 1.0651490010786802, 14.724385997396894, 2702.414047002094
0.17604698950890452, 2425.4863179958193, 3.8303299952531233, 6.452461995650083, 30.03471900592558, 1.170289993751794, 14.5049429993378, 2716.608422007994
0.17714199202600867, 2453.8796489941888, 3.926158999092877, 6.6324049985269085, 29.692155003431253, 1.086407995899208, 16.80230199417565, 2745.1855139952386
0.162690004799515, 2407.114545989316, 3.836875010165386, 6.695200005196966, 29.914279002696276, 1.0207430023001507, 14.645155999460258, 2693.1481909996364
0.16080899513326585, 2423.4376459935447, 3.945176998968236, 6.666184010100551, 29.867446995922364, 1.2271820014575496, 14.752930001122877, 2707.093603006797
0.158353999722749, 2424.555142992176, 3.8612079952144995, 6.556673994055018, 28.89093400153797, 1.0577380016911775, 14.762222999706864, 2712.411840009736
0.17701000615488738, 2429.8069380020024, 3.804553998634219, 6.558023000252433, 29.56317999633029, 1.028159007546492, 15.085780993103981, 2712.9960730089806
0.1624160067876801, 2412.6933709922014, 3.9056669920682907, 6.8181879905750975, 29.917808002210222, 1.2368850002530962, 14.599924994399771, 2690.03462800174
0.16884499927982688, 2412.0673650031677, 3.849199987598695, 6.536164990393445, 29.12895400368143, 1.0664199944585562, 14.515429007587954, 2684.4973460101755
0.1873800065368414, 2422.094878013013, 3.7394709943328053, 6.210933992406353, 28.96904399676714, 1.0579210065770894, 14.579822003724985, 2692.2740129957674
0.16959400090854615, 2404.981036990648, 3.8283769972622395, 6.656855999608524, 30.089353007497266, 1.0604129929561168, 15.50908200442791, 2688.3887149888324
0.1684360031504184, 2474.376932994346, 3.956269007176161, 6.309471005806699, 29.948056006105617, 1.1258390004513785, 15.5195109982742, 2762.010405000183
0.16711400530766696, 2425.132214993937, 3.8500889932038262, 6.548104007379152, 29.96129301027395, 1.0437219898449257, 14.612254002713598, 2701.6765890002716
0.15916700067464262, 2429.584215002251, 3.9201010076794773, 6.262443988816813, 29.80711800046265, 1.0284810123266652, 16.050664999056607, 2704.6132149989717
0.1710560027277097, 2419.1999010072323, 3.9087710028979927, 6.472943990956992, 29.298093999386765, 1.0263940057484433, 14.585447002900764, 2697.7963730023475
0.1766479981597513, 2408.968616000493, 3.817264994722791, 6.929484996362589, 30.691416992340237, 0.9778040111996233, 17.076596996048465, 2701.2490290071582
0.1683790032984689, 2407.045961008407, 3.771103991311975, 6.46164600038901, 29.172929003834724, 1.1226470087422058, 15.606353990733624, 2691.6766009962885
0.16810100350994617, 2408.0105780012673, 3.82917100796476, 6.749287000275217, 29.767622996587306, 1.0459090117365122, 14.9581260047853, 2689.501038999879
0.1620390103198588, 2411.3967360026436, 3.8003680092515424, 6.620034997467883, 29.94500500790309, 1.0186040017288178, 15.431222011102363, 2700.441832988872
0.1613649947103113, 2428.965013998095, 3.823813996859826, 6.387236004229635, 29.002863011555746, 1.088571996660903, 14.55276100023184, 2704.7573040035786
0.16791500092949718, 2447.944532003021, 3.947799006709829, 6.626943999435753, 29.961588006699458, 1.2474899995140731, 15.596912999171764, 2735.276012987015
0.16179100202862173, 2397.0500610012095, 3.792167000938207, 6.493256005342118, 28.549075999762863, 1.0543079988565296, 14.637401996878907, 2677.850735009997
0.17176200344692916, 2429.245027989964, 3.8640279963146895, 6.823888994404115, 29.813308996381238, 1.136845996370539, 15.064862993313, 2718.7448190088617
0.1605709985597059, 2413.0773529905127, 3.9039849943947047, 6.425696003134362, 29.920586006483063, 1.1663749901345, 15.58458199724555, 2691.127628000686
0.1693520025582984, 2422.8691189928213, 3.8784399948781356, 6.260473994188942, 28.804119006963447, 1.0097890044562519, 14.855471003102139, 2704.279862999101
0.1635069929761812, 2434.6036149945576, 3.8293059915304184, 6.690926005830988, 30.23769799619913, 1.1721990013029426, 15.488196993828751, 2715.1548950059805
0.17078100063372403, 2420.60209500778, 3.802121995249763, 6.2628300074720755, 29.447474007611163, 1.097903004847467, 15.64724199124612, 2707.5071900035255
0.16504900122527033, 2407.082484991406, 3.86374001391232, 6.354726996505633, 29.41503399051726, 0.9785899892449379, 14.585201002773829, 2686.2454560032347
0.18082700262311846, 2460.888002999127, 3.7388210039353, 6.3921629916876554, 29.625138005940244, 1.0942819935735315, 14.952279001590796, 2707.0016420038883
0.18303398974239826, 2393.505643005483, 3.8560020038858056, 6.615489008254372, 28.939901996636763, 1.1112320062238723, 16.72326600237284, 2671.38814801001
0.17781600763555616, 2433.962719995179, 3.9196369907585904, 6.565827992744744, 29.57906799565535, 1.1349400010658428, 15.782040005433373, 2719.912532993476
0.191404003999196, 2412.7640329970745, 3.814878989942372, 6.292000005487353, 30.116859008558095, 1.1577639961615205, 15.393823006888852, 2707.6981870050076
0.15914699179120362, 2428.409282991197, 3.7894889974268153, 6.560805006301962, 29.693125004996546, 1.1425499978940934, 15.932463997160085, 2718.6640620057005
0.18936199194286019, 2420.042703000945, 3.8394410075852647, 6.589336000615731, 29.70793600252364, 1.104030990973115, 14.816964001511224, 2707.689681003103
0.17179899441543967, 2408.3662509947317, 3.743162000318989, 6.6614420065889135, 30.39422600704711, 1.2103219924028963, 17.075978990760632, 2689.722013004939
0.17180800205096602, 2417.4020200007362, 3.8555249921046197, 6.766364997019991, 29.597401997307315, 1.1736209999071434, 14.723551998031326, 2705.6417709973175
0.19210399477742612, 2425.5916879919823, 3.7893330008955672, 6.4860699931159616, 29.489912005374208, 1.1262600019108504, 14.709625000250526, 2708.8528820022475
0.1604229910299182, 2409.840627995436, 3.799689991865307, 6.726004998199642, 29.27706399350427, 1.0347330098738894, 14.674699996248819, 2681.0583359911107
0.1770450035110116, 2429.561343000387, 3.939571004593745, 6.63632400392089, 30.089259991655126, 1.063303992850706, 14.850766005110927, 2715.4838560090866
0.16370599041692913, 2436.088592003216, 3.90024199441541, 6.551559999934398, 29.873712992412038, 1.1343390069669113, 15.568547009024769, 2712.3300739913248
0.17096100782509893, 2425.6557720073033, 3.885403013555333, 6.6047759901266545, 29.157224998925813, 1.1989089980488643, 16.235812014201656, 2699.1669419949176
0.14834600733593106, 2420.836645993404, 3.772645999561064, 6.57949699962046, 28.69805799855385, 1.0480089986231178, 14.699599996674806, 2712.1372269903077
0.16879300528671592, 2422.4788570136297, 3.880885007674806, 6.552339007612318, 29.913379999925382, 1.1180449946550652, 15.952891000779346, 2697.691384004429
0.17322899657301605, 2423.2325719931396, 3.823789011221379, 6.6415430046617985, 29.590870006359182, 1.0913330042967573, 17.452783999033272, 2701.748014005716
0.17584000306669623, 2438.9434269978665, 3.8825160008855164, 6.272211991017684, 28.98252400336787, 1.076144995749928, 15.768746001413092, 2728.725264008972
0.17207699420396239, 2417.258628993295, 3.7481809995369986, 6.506498990347609, 29.475361996446736, 0.9973629930755123, 14.468131004832685, 2693.85054698796
0.18245799583382905, 2462.502530994243, 3.813178002019413, 6.439556003897451, 29.99855398957152, 1.1677150032483041, 14.684011999634095, 2748.9766670041718
0.19337701087351888, 2472.13820599427, 3.884080011630431, 6.506701000034809, 30.473343998892233, 1.0624059941619635, 14.804628997808322, 2760.6050570029765
0.17510000907350332, 2409.7013129940024, 3.9089249912649393, 6.458518008003011, 29.480400000466034, 1.0150750022148713, 15.812632002052851, 2696.690362005029
0.1694270031293854, 2440.8605469943723, 3.814498006249778, 6.537943001603708, 29.228828992927447, 1.1010330053977668, 14.765496001928113, 2725.00599900377
0.16930399578996003, 2422.631168999942, 3.9198390004457906, 6.576300002052449, 29.923706999397837, 1.0588209988782182, 14.68799299618695, 2710.6256440019934
0.19274900841992348, 2420.1442820049124, 3.8347819936461747, 6.347011003526859, 29.234543995698914, 1.0739560093497857, 14.581657000235282, 2710.3500149969477
0.15256799815688282, 2420.911534005427, 3.8149310130393133, 6.284627001150511, 29.44700699299574, 1.0042619978776202, 14.622425005654804, 2712.898926998605
0.1719089923426509, 2413.0611849977868, 3.8180240080691874, 6.690516995149665, 29.416612000204623, 1.1614440008997917, 16.417149003245868, 2696.6884800058324
0.16933699953369796, 2429.0116320044035, 3.8857830077176914, 6.376819001161493, 29.41900999576319, 1.142084991442971, 14.636564999818802, 2711.276235000696
0.18474699754733592, 2456.1274199950276, 3.9365129923680797, 6.5193969930987805, 29.840468996553682, 1.1930299951927736, 16.349286990589462, 2749.849225001526
0.17108199244830757, 2426.286961999722, 3.8333490083459765, 6.159014999866486, 28.551569994306192, 1.0894500010181218, 14.627433993155137, 2716.418698008056
0.1758639991749078, 2398.521968993009, 3.7943500065011904, 6.635405996348709, 29.556508001405746, 0.990612999885343, 16.16905099945143, 2679.5876959949965
0.1550129964016378, 2393.3134809922194, 3.8997829979052767, 6.787557009374723, 28.67150300880894, 1.010149993817322, 15.549221992841922, 2667.39492600027
0.1605099969310686, 2429.517090000445, 3.909471008228138, 6.32480600324925, 29.456441989168525, 1.2424929882399738, 16.57534099649638, 2706.181754998397
0.16696700186003, 2443.60784899618, 3.873204012052156, 6.566978001501411, 29.75341300771106, 1.037520996760577, 14.713876007590443, 2697.724375000689
0.16967300325632095, 2424.3969670060324, 3.75697499839589, 6.7147430090699345, 29.704454995226115, 1.21280099847354, 14.615859996411018, 2707.3233120027
0.1743460015859455, 2416.8365860095946, 3.8087319990154356, 6.612027995288372, 29.229718988062814, 0.9691390005173162, 14.6536779939197, 2698.776129007456
0.15756901120766997, 2414.039897004841, 3.8094180054031312, 6.501449999632314, 29.60427499783691, 0.9835210075834766, 14.579330003471114, 2690.515296999365
0.1672060025157407, 2421.2647899985313, 3.976630003307946, 6.233227002667263, 29.10149999661371, 1.1000270023941994, 14.768138993531466, 2704.1759050043765
0.19414001144468784, 2441.5528469980927, 3.996725004981272, 6.47170000593178, 29.354029000387527, 1.0328569915145636, 14.665154987596907, 2699.245387004339
0.17067400040104985, 2418.7217819999205, 3.8883880042703822, 6.513628002721816, 28.75451900763437, 0.9704059921205044, 14.6740820055129, 2695.567683011177
0.18090399680659175, 2435.179056992638, 3.847022002446465, 6.592239995370619, 29.259194008773193, 1.0836950095836073, 14.753823998034932, 2727.066688996274
0.16865500947460532, 2400.405150008737, 3.839370998321101, 6.427686006645672, 29.48850000393577, 1.0102730011567473, 14.655021994258277, 2680.6073670013575
0.15773899212945253, 2438.731624002685, 3.877452007145621, 6.3128220062935725, 29.16375700442586, 1.1189139913767576, 14.698099999804981, 2729.9835570011055
0.17620599828660488, 2443.701672993484, 3.929405997041613, 6.624276007642038, 29.46620900183916, 1.0027329990407452, 14.885675002005883, 2732.4080339894863
0.17212500097230077, 2407.590581002296, 3.7525180086959153, 6.552748993271962, 29.11094800219871, 1.0086059919558465, 14.76337701024022, 2692.4939440068556
0.1691799989202991, 2428.1576969951857, 3.8081129896454513, 6.595842991373502, 29.743759994744323, 1.0817580041475594, 14.772321010241285, 2693.445562006673
0.182304996997118, 2451.043858003686, 3.9438000094378367, 6.591035999008454, 28.648192004766315, 1.087805998395197, 16.148566995980218, 2732.2195649903733
0.17339299665763974, 2430.478103007772, 3.8819409965071827, 6.599407002795488, 29.532327011111192, 1.16967799840495, 14.756015996681526, 2711.9398600043496
0.176196001120843, 2443.2729030086193, 3.9161680033430457, 6.480692987679504, 28.734859995893203, 1.0366609931224957, 14.702458007377572, 2721.908278996125
0.18538799486123025, 2421.537343005184, 3.8216040120460093, 6.8758220004383475, 30.298355995910242, 1.0905209928750992, 14.824736994341947, 2702.0145560090896
0.16026099910959601, 2394.5225969946478, 3.7888460065005347, 6.756959992344491, 29.185432998929173, 1.1486159928608686, 14.633538012276404, 2672.970816012821
0.15731999883428216, 2427.668807009468, 3.910530998837203, 6.511457002488896, 28.839085003710352, 1.0917790059465915, 15.959541997290216, 2707.8249510086607
0.18346100114285946, 2419.8051069979556, 3.933849002351053, 6.696762997307815, 29.245975994854234, 1.0794789995998144, 14.692103010020219, 2696.190792004927
0.1732969976728782, 2432.639784005005, 3.8051209994591773, 6.805479002650827, 30.438378002145328, 1.2027549964841455, 14.75765000213869, 2709.8637970048003
0.17637999553699046, 2414.6684059960535, 3.82631499087438, 6.2397939909715205, 28.930261003552005, 0.9937860013451427, 14.608932004193775, 2690.5261289939517
0.1742639869917184, 2427.389813004993, 3.9190569950733334, 6.402373997843824, 29.241493990411982, 1.009199011605233, 14.574584987713024, 2713.995532001718
0.14249800005927682, 2458.515517995693, 3.8892409938853234, 6.599601998459548, 29.92598101263866, 1.066532000550069, 14.70688299741596, 2743.641367997043
0.1767819921951741, 2426.9776410073973, 3.8538240041816607, 6.451941997511312, 29.918997999629937, 1.0698289988795295, 14.714880991959944, 2699.910187002388
0.17982999270316213, 2418.5569120018044, 3.7946490047033876, 6.87335200200323, 30.623767990618944, 0.986225000815466, 14.985581001383252, 2695.4537920100847
0.16196198703255504, 2422.8810649947263, 3.8315089914249256, 6.55715299944859, 29.195012990385294, 1.0742699960246682, 17.097802003263496, 2708.763229995384
0.1718119892757386, 2417.08358800679, 3.7970999983372167, 6.4341260003857315, 29.26950599066913, 1.2640700006159022, 14.656788000138476, 2731.3207219995093
0.16607000725343823, 2429.7816190082813, 3.857748000882566, 6.6671960084931925, 29.28498999972362, 1.1291699920548126, 14.715651996084489, 2712.383078003768
0.1774970005499199, 2414.9085480021313, 3.940759997931309, 6.490993007901125, 29.391776988632046, 1.0820540046552196, 14.748488989425823, 2693.077257994446
0.1686260075075552, 2426.465199998347, 3.8898600032553077, 6.445058999815956, 28.415133012458682, 1.0240730043733492, 14.74720099940896, 2701.136923991726
0.18023999291472137, 2433.8600320043042, 3.8760960014769807, 6.561950998730026, 29.175071002100594, 0.9959000017261133, 14.52634300221689, 2693.5888629959663
0.19902799976989627, 2412.3293989978265, 3.7844940088689327, 6.634212011704221, 29.383664994384162, 1.2149800022598356, 16.336599001078866, 2691.693889995804
0.15659400378353894, 2417.69064500113, 3.8510930025950074, 6.294951002928428, 28.83270100574009, 1.1040259996661916, 14.831526001216844, 2694.30062599713
0.18702101078815758, 2410.665515999426, 3.7928919919067994, 6.504557008156553, 28.679837996605784, 0.9942100004991516, 14.927897005691193, 2678.9516949938843
0.19115000031888485, 2424.686705999193, 3.824472994892858, 6.4900120050879195, 29.37073100474663, 1.0684790031518787, 14.507607003906742, 2706.5106950030895
0.16802399477455765, 2411.098907003179, 3.802902007009834, 6.37845900200773, 28.79371799645014, 1.0496330069145188, 14.548195991665125, 2686.962402993231
0.1806559885153547, 2443.046594999032, 3.881486991303973, 6.6734940046444535, 29.112290998455137, 1.0504189995117486, 16.72082400182262, 2745.7975930010434
0.16041500202845782, 2411.0632299998542, 3.8652889925288036, 6.439340999349952, 29.558483001892455, 1.1747029930120334, 14.716631005285308, 2693.4565599949565
0.1567209983477369, 2436.326081995503, 3.8058169884607196, 6.214820008608513, 28.882892002002336, 1.0141140082851052, 14.558148992364295, 2714.4139540032484
0.18732099852059036, 2435.723651011358, 3.8421050121542066, 6.316570987110026, 29.28769298887346, 1.075802996638231, 15.249065996613353, 2711.3985160103766
0.15740201342850924, 2442.5966150010936, 3.8876280013937503, 6.370470000547357, 29.350251992582344, 1.016828988213092, 15.418931987369433, 2736.6866760130506
0.1626919984119013, 2459.5984159968793, 3.892376000294462, 6.624009998631664, 29.563859992776997, 1.2423720036167651, 14.863422999042086, 2751.4501080004266
0.17874600598588586, 2429.34531699575, 3.766563007957302, 6.4521760068601, 29.29771100752987, 1.0366530041210353, 15.003604014054872, 2689.5575060043484
0.17178698908537626, 2395.624594995752, 3.8136740040499717, 6.1089189985068515, 29.301803006092086, 1.0823249904206023, 15.323778003221378, 2675.0546889961697
0.1634399959584698, 2435.5807259998983, 3.8441159995272756, 6.363827997120097, 29.422149003949016, 1.2029789941152558, 14.898414010531269, 2718.6257360008312
0.15080200682859868, 2426.5565589885227, 3.853501009871252, 6.427776999771595, 29.643924994161353, 1.0319220018573105, 15.359291995991953, 2713.490930007538
0.1668539916863665, 2438.3242729963968, 3.9105840114643797, 6.592161997104995, 29.42284199525602, 1.0848749952856451, 14.821826000115834, 2718.9501609973377
0.15564799832645804, 2425.996739999391, 3.908466998836957, 6.564765993971378, 30.100849995505996, 1.1204220063518733, 14.738779005710967, 2703.2495329913218
0.17314800061285496, 2424.2928230087273, 3.8661209982819855, 6.6614440002013, 29.400454994174652, 1.0480039927642792, 14.910064011928625, 2703.3830790023785
0.16003299970179796, 2398.913231998449, 3.8265409966697916, 6.52275700122118, 29.159714991692454, 1.0433489951537922, 14.772669994272292, 2691.475672996603
0.16834800771903247, 2401.158431006479, 3.8268640055321157, 6.613881996599957, 29.149301000870764, 1.124938004068099, 14.678920997539535, 2688.2143580005504
0.1757869904395193, 2450.8692499948665, 3.879128009430133, 6.614890997298062, 29.692370997508988, 1.2166519882157445, 14.882709991070442, 2735.350193004706
0.15816300583537668, 2472.6137870020466, 3.900023002643138, 6.54290801321622, 29.282011004397646, 1.0970060102408752, 14.74082599452231, 2739.837290995638
0.16936700558289886, 2431.1939570034156, 3.825890991720371, 6.526177006890066, 29.120352992322296, 1.1070229957113042, 14.630327990744263, 2706.0680729919113
0.17309300892520696, 2420.494365011109, 3.777067002374679, 6.266308002523147, 29.146855988074094, 1.174560995423235, 16.953718004515395, 2695.955873001367
0.18735299818217754, 2411.6225620091427, 3.826359999948181, 6.432259004213847, 29.79460200003814, 1.0145139967789873, 16.60918899870012, 2695.0250929949107
0.17401500372216105, 2435.3839620016515, 3.8581960106967017, 6.524131007608958, 29.348724012379535, 1.1342910001985729, 14.632430000347085, 2720.880761000444
0.1718179992167279, 2402.078295010142, 3.850597990094684, 6.953428004635498, 30.20591700624209, 1.080762012861669, 15.106987993931398, 2691.786866998882
0.1588239974807948, 2402.876326988917, 3.821867998340167, 6.541659997310489, 28.892429007100873, 1.0395330027677119, 14.583725991542451, 2677.265210004407
0.16382600006181747, 2456.978636007989, 3.839002994936891, 6.5663870045682415, 29.001924995100126, 1.1394229950383306, 14.730925002368167, 2748.5055410070345
0.15602499479427934, 2434.8505130037665, 3.8648469926556572, 6.663791005848907, 29.1759380052099, 1.2412969954311848, 15.056898002512753, 2712.1337480057264
0.16907599638216197, 2444.154555007117, 3.920957009540871, 6.543321986100636, 29.773886999464594, 1.1533630022313446, 14.775372997974046, 2734.5010260032723
0.16964800306595862, 2440.5679180053994, 3.9686910022282973, 6.604941008845344, 30.26243000931572, 1.064221010892652, 16.069463003077544, 2718.3250240050256
0.15378999523818493, 2402.470232002088, 3.801975995884277, 6.51281198952347, 29.314967003301717, 1.0092640004586428, 14.504032995318994, 2693.3870279899566
0.16870899708010256, 2418.6310520017287, 3.8817750028101727, 6.656777011812665, 30.220802000258118, 1.0483449877938256, 16.258855001069605, 2712.8073670028243
0.17992500215768814, 2444.5851399941603, 3.8673050003126264, 6.153381007607095, 29.061709996312857, 1.0862220078706741, 15.564660003292374, 2728.7733539997134
0.15755298954900354, 2420.6981010065647, 3.8486499979626387, 6.235996988834813, 29.678507999051362, 1.0478170006535947, 14.705301990034059, 2716.4508730056696
0.18795000505633652, 2431.845330997021, 3.928150996216573, 6.434688999434002, 29.165967003791593, 0.9841090068221092, 14.772536000236869, 2716.0579189949203
0.16708500334061682, 2404.329497992876, 3.7791700015077367, 6.407148001017049, 29.2504430108238, 1.1397240014048293, 14.550373001839034, 2684.3507929879706
0.17786600801628083, 2426.519189000828, 3.9485309971496463, 6.7119779996573925, 28.904785998747684, 1.0550290026003495, 14.686722002807073, 2713.025955003104
0.14637500862590969, 2447.515758991358, 3.8383570063160732, 6.555240004672669, 30.080211989115924, 1.077412991435267, 14.86613899760414, 2736.641941999551
0.16932599828578532, 2426.8380169960437, 3.9153889956651255, 6.6765550000127405, 30.192275997251272, 1.111183999455534, 16.39204799721483, 2710.1030969934072
0.17743500939104706, 2415.140408993466, 3.9476300007663667, 6.642676002229564, 29.698486003326252, 1.0890309931710362, 16.412650991696864, 2699.322508997284
0.16412600234616548, 2423.1244870024966, 3.8307899958454072, 6.65713100170251, 29.991995004820637, 1.1031779868062586, 14.73983601317741, 2710.2647160063498
0.17741699411999434, 2433.296713992604, 3.897127986419946, 6.694589013932273, 29.602914000861347, 1.2722999963443726, 14.75666300393641, 2710.213101003319
0.18953900143969804, 2446.258088995819, 3.816929995082319, 6.4459010027348995, 28.901350000523962, 1.0189080057898536, 14.700314000947401, 2732.440977997612
0.16257799870800227, 2425.659412998357, 3.8753310072934255, 6.534359999932349, 29.537088004872203, 1.0173790069529787, 15.167937992373481, 2710.9267719933996
0.15776600048411638, 2423.9904260030016, 3.8885109970578924, 6.5822429896797985, 29.526862999773584, 1.157808001153171, 14.890945996739902, 2712.400026997784
0.18097300198860466, 2413.5208369989414, 3.7683409900637344, 6.452574001741596, 29.57169499131851, 1.0227230086456984, 14.595982996979728, 2690.9362680016784
0.17321699124295264, 2439.159595000092, 3.8957260112510994, 6.523629010189325, 29.30080499208998, 1.0545179975451902, 14.736743993125856, 2726.169931003824
0.16080700152087957, 2401.893611997366, 3.826619009487331, 6.582221001735888, 29.484967002645135, 1.1930179898627102, 14.784782004426233, 2692.3619020089973
0.15321499085985124, 2486.9297170080245, 3.9050509949447587, 6.540532995131798, 30.86021800118033, 1.064087002305314, 16.073406994109973, 2769.669919012813
0.25391500093974173, 2393.142552988138, 3.7843449972569942, 6.678488993202336, 29.521564007154666, 1.0709170019254088, 15.199421992292628, 2675.6086179957492
0.16942400543484837, 2435.228817994357, 3.783845008001663, 6.735964008839801, 30.02501699666027, 0.9785879956325516, 15.054268995299935, 2699.7431849886198
0.16920099733397365, 2430.3031299932627, 3.883741010213271, 6.539969996083528, 30.33738399972208, 1.02623799466528, 15.827922004973516, 2714.2516790045192
0.16988000425044447, 2401.157341999351, 3.7934499996481463, 6.46471198706422, 29.62469999329187, 1.0001259943237528, 15.4342110035941, 2668.93042200536
0.15945399354677647, 2407.6225660101045, 3.797769997618161, 6.599569998797961, 29.99596099834889, 1.1378809867892414, 14.800069999182597, 2696.0779869987164
0.15764001000206918, 2395.9017720044358, 3.822264989139512, 6.593475991394371, 29.374067002208903, 1.1055940121877939, 14.905072006513365, 2674.8971850029193
0.1786230131983757, 2409.8108650068752, 3.8390410045394674, 6.372639007167891, 29.086246999213472, 1.0823699994944036, 14.662961009889841, 2699.983703001635
0.16796599084045738, 2389.9745039962, 3.893336994224228, 6.408768997061998, 29.082202003337443, 1.007437997031957, 16.627108998363838, 2667.3720399994636
0.18153600103687495, 2427.030646998901, 3.7966609961586073, 6.40911899972707, 29.05660700344015, 1.1480310058686882, 14.90403400384821, 2703.7629450060194
0.15852099750190973, 2412.1212160098366, 3.770861992961727, 6.355397010338493, 29.884864008636214, 1.15606100007426, 16.473319992655888, 2693.318976991577
0.1679119886830449, 2434.7263399977237, 3.952520986786112, 6.540112008224241, 29.312083002878353, 1.0009730031015351, 16.62986299197655, 2691.294171003392
0.17913299961946905, 2408.099588006735, 3.8529239973286167, 6.424947991035879, 28.650303996982984, 1.1495489889057353, 15.775102001498453, 2689.1886169905774
0.15486600750591606, 2407.4683759972686, 3.775088000111282, 6.3751660054549575, 29.112762000295334, 1.042214993503876, 15.709719009464607, 2688.659915991593
0.1734349934849888, 2437.4041109986138, 3.8904760003788397, 6.701516002067365, 29.454504008754157, 1.1612799862632528, 15.035050004371442, 2717.8020119899884
0.16391200188081712, 2415.807757002767, 3.797202996793203, 6.618861007154919, 29.678309001610614, 1.124126007198356, 14.7825269959867, 2691.3616249948973
0.17419399227946997, 2398.69986200938, 3.7302939890651032, 6.223222997505218, 28.92638900084421, 1.0368700022809207, 14.640263994806446, 2682.120402008877
0.165153993293643, 2409.732329993858, 3.8513299950864166, 6.26504399406258, 30.043902996112593, 1.0689819901017472, 16.909229991142638, 2683.7610009970376
0.16964500537142158, 2448.767545996816, 3.8338019949151203, 6.247176002943888, 29.562577008618973, 1.0447429958730936, 15.67913600592874, 2739.9290109897265
0.19115400209557265, 2415.58437301137, 3.8794389984104782, 6.519965012557805, 35.55912400770467, 1.1642409954220057, 21.441343997139484, 2734.886798003572
0.1928730052895844, 2420.5741659970954, 3.859322998323478, 6.410615009372123, 30.054757997277193, 1.0744430037448183, 14.64782100811135, 2716.933632007567
0.18695999460760504, 2420.6150009995326, 3.811712987953797, 6.859955989057198, 29.72507500089705, 0.9851500071818009, 14.751873997738585, 2709.4722490001004
0.1675690000411123, 2418.196012993576, 3.861789999064058, 6.597888001124375, 29.84684900729917, 1.0888599936151877, 14.562972995918244, 2669.054584999685
0.16767799388617277, 2419.3807519914117, 3.873406007187441, 6.8055430019740015, 29.51288600161206, 1.294909990974702, 14.776853000512347, 2716.3888340000995
0.18973200349137187, 2415.3436119959224, 3.8367649976862594, 6.60965200222563, 29.20861200254876, 1.0993729956680909, 14.985811998485588, 2694.5308709982783
0.1717770064715296, 2428.1521489901934, 3.887373997713439, 6.412262009689584, 29.748426997684874, 1.164253000752069, 14.69539399840869, 2715.4512830020394
0.16949900600593537, 2432.70186400332, 3.8040939980419353, 6.608853000216186, 29.743668012088165, 1.0382340115029365, 15.567191003356129, 2714.6065900014946
0.16032400890253484, 2437.515646000975, 4.007722003734671, 6.597105995751917, 29.568297002697363, 1.0111410083482042, 15.68885899905581, 2722.7299949881854
0.17197200213558972, 2439.8557730019093, 3.817228993284516, 6.561376998433843, 29.33677300461568, 1.0798069997690618, 15.104525999049656, 2718.6847630073316
0.16967300325632095, 2424.5651560049737, 3.79829500161577, 6.855180996353738, 31.000493007013574, 0.9851140057435259, 17.258435997064225, 2697.7102780074347
0.18813899077940732, 2428.6699930089526, 3.8467819977086037, 6.4903049933491275, 29.475057002855465, 0.986928993370384, 14.830594998784363, 2715.1759339903947
0.16483300714753568, 2456.2918540032115, 3.8955089985392988, 6.834200001321733, 29.716870994889177, 1.0038350010290742, 15.071273999637924, 2732.6198410009965
0.16146300185937434, 2418.1162809982197, 3.862568992190063, 6.377255995175801, 29.026440999587066, 1.015665999148041, 14.605393997044303, 2678.7216709926724
