0.746256991988048, 2492.0457289990736, 4.080522005097009, 6.506368008558638, 28.155310996226035, 0.8590910001657903, 8.212464992539026, 2819.9613760079956
0.7085789984557778, 2474.7674359969096, 4.075960008776747, 6.107470006099902, 28.580404992680997, 1.0221580014331266, 8.665464003570378, 2798.4858230047394
0.7221529958769679, 2489.7427429968957, 4.079674006788991, 6.2461810011882335, 28.507626993814483, 0.9419419948244467, 8.689107999089174, 2823.3672650094377
0.6929599912837148, 2478.2521830056794, 4.060706996824592, 6.036591992597096, 29.13308200368192, 0.918662000913173, 8.324330003233626, 2806.512962997658
0.6919110019225627, 2495.3548010089435, 4.117931996006519, 5.972769999061711, 28.624005994061008, 0.975590999587439, 8.379144011996686, 2826.0307440068573
0.7267110049724579, 2493.439590005437, 3.9797049976186827, 6.107963010435924, 28.930496991961263, 0.9448390046600252, 8.38403298985213, 2816.156120999949
0.7269390043802559, 2494.4975580001483, 4.141939003602602, 6.04833901161328, 29.003306000959128, 0.9020730067277327, 8.4208070038585, 2828.2298630074365
0.6912910030223429, 2505.9218690003036, 4.07868399634026, 6.255162006709725, 28.59041900956072, 0.9087240032386035, 8.563683004467748, 2832.7180790074635
0.7002189959166571, 2495.792892004829, 4.099892990780063, 6.0300600016489625, 28.842230996815488, 0.9200170024996623, 8.155114992405288, 2818.9363410056103
0.709229992935434, 2459.901505993912, 4.040546002215706, 6.400710000889376, 33.53961100219749, 1.5117800066946074, 9.981855997466482, 2779.954440993606
0.6883640016894788, 2503.5211889917264, 4.135726994718425, 6.216434994712472, 29.327243013540283, 0.9011910005938262, 8.46187699062284, 2838.652494989219
0.703183002769947, 2479.4718549965182, 4.043707012897357, 6.188749990542419, 28.803616005461663, 0.9264450054615736, 8.302096000988968, 2813.1623170047533
0.7301829900825396, 2483.684238992282, 4.057277998072095, 6.21573900571093, 28.53782799502369, 0.9100949973799288, 8.418662997428328, 2808.436958992388
0.6986560038058087, 2479.3549809983233, 4.042325002956204, 6.2113739986671135, 28.93084099923726, 1.0083669913001359, 8.457586998702027, 2800.106629001675
0.7523450040025637, 2472.7161780028837, 4.060167004354298, 6.013549995259382, 29.511273998650722, 1.0278450063196942, 8.386979010538198, 2792.548050987534
0.68690899934154, 2509.0225159947295, 4.109842993784696, 6.318175990600139, 29.26953499263618, 0.9171069978037849, 8.307281997986138, 2836.998697006493
0.7082649972289801, 2473.3425559970783, 4.058724996866658, 6.306713999947533, 29.463730999850668, 0.9117360023083165, 8.330749013111927, 2799.2548900074326
0.6826019962318242, 2501.9090069981758, 4.15664300089702, 5.940932998782955, 28.48492500197608, 0.9427049953956157, 8.241279996582307, 2832.989577000262
0.6798709946451709, 2506.118819990661, 4.21787599043455, 6.372125004418194, 28.508278002846055, 0.978374999249354, 8.364843990420923, 2840.364257004694
0.7388380035990849, 2467.029510997236, 4.026740993140265, 6.267403005040251, 28.806078000343405, 0.9224690002156422, 8.9215879997937, 2787.0731110015186
0.7181469991337508, 2491.962522006361, 4.142111996770836, 6.175736998557113, 28.4949220076669, 0.9694799955468625, 8.50654800888151, 2823.439719999442
0.692422006977722, 2472.658857004717, 4.093477997230366, 6.200007002917118, 28.500945001724176, 0.8592890080763027, 8.51237699680496, 2809.1312079923227
0.7263309962581843, 2486.9406210054876, 3.994448998128064, 6.015270002535544, 28.072966990293935, 0.9356900118291378, 8.15699200029485, 2820.181766001042
0.7106769917299971, 2491.342885987251, 4.1088269936153665, 6.278084008954465, 28.637957002501935, 1.0064119996968657, 8.429676992818713, 2816.1961189907743
0.6747540028300136, 2497.5122769974405, 4.023980000056326, 5.901860989979468, 28.476949999458157, 0.8375699981115758, 8.472656001686119, 2830.8688050019555
0.7214380020741373, 2471.2763899879064, 4.050948002259247, 6.415573006961495, 28.503943991381675, 0.9168380056507885, 8.508940998581238, 2798.8934380118735
0.752388994442299, 2521.3158800033852, 4.146716994000599, 6.001137997373007, 29.38243799144402, 1.0767759958980605, 8.548964993678965, 2853.8470990024507
0.6895679980516434, 2488.7651730095968, 4.1538320074323565, 6.251642000279389, 28.44871899287682, 0.9507549984846264, 8.397003999562003, 2821.8180280091474
0.6916959973750636, 2460.3232759982347, 4.059700004290789, 6.164418009575456, 28.439707995858043, 0.9248610003851354, 8.328833995619789, 2790.473753004335
0.7183749985415488, 2506.9193959934637, 4.065396002260968, 6.2101810035528615, 28.924761005328037, 0.9700399969005957, 8.315216997289099, 2845.7193200010806
0.7103530078893527, 2482.951227997546, 4.093790004844777, 6.139024990261532, 28.470905002905056, 0.9547180088702589, 8.334796002600342, 2801.439659000607
0.6998909957474098, 2499.7100019973004, 4.063639993546531, 6.123026003479026, 28.116686997236684, 0.8975090022431687, 8.384828994167037, 2844.430890007061
0.6812670035287738, 2486.3367280049715, 4.075928998645395, 6.231111998204142, 28.595269992365502, 0.9629210107959807, 8.948549002525397, 2820.4307580017485
0.6874690006952733, 2478.17448299611, 4.027974995551631, 6.211689003976062, 28.4763700037729, 0.9017139964271337, 8.442439007922076, 2803.7134780024644
0.7129280129447579, 2472.5625490100356, 4.065394008648582, 6.151416004286148, 28.355464994092472, 0.9517950093140826, 8.495311994920485, 2790.710808010772
0.6860069988761097, 2490.000994002912, 4.096557007869706, 6.37937500141561, 29.325511990464292, 0.8841079979902133, 8.743270998820662, 2820.0438120111357
0.7153059996198863, 2478.2585100037977, 4.010251999716274, 6.143099002656527, 28.668872997513972, 1.0379259911132976, 8.562071991036646, 2802.1325699955923
0.6928430084371939, 2474.698612000793, 4.107241999008693, 6.211461994098499, 28.18705099343788, 1.1025749990949407, 8.433183000306599, 2813.057213992579
0.689617998432368, 2474.980104001588, 4.0295940125361085, 6.181251999805681, 28.497677005361766, 0.8990940114017576, 8.308994001708925, 2802.942776994314
0.7333419925998896, 2463.0698959954316, 4.044396002427675, 6.16608900600113, 28.46305900311563, 1.04672800807748, 8.54209299723152, 2788.4543810068863
0.7114330073818564, 2485.47722499643, 4.061352999997325, 5.877205010619946, 28.859746002126485, 0.9175710001727566, 8.348531991941854, 2803.705154990894
0.7023079961072654, 2503.9523279992864, 4.033168996102177, 6.233602995052934, 28.611096990061924, 0.9372259955853224, 8.492134002153762, 2839.0075159986736
0.7219620019895956, 2495.467505999841, 4.048609989695251, 6.157734009320848, 28.534277007565834, 1.0237069946015254, 8.894512997358106, 2820.667947002221
0.6898830033605918, 2523.788622012944, 4.108107998035848, 6.308453987003304, 29.128403999493457, 0.9113690030062571, 8.531141997082159, 2861.455043996102
0.7529359863838181, 2450.5823789950227, 4.009590993518941, 6.095176009694114, 28.357802002574317, 0.9596139861969277, 8.526917998096906, 2774.6771099918988
0.7106919947545975, 2485.7199669932015, 4.077600009622984, 5.912036009249277, 28.302609993261285, 1.01177699980326, 8.416084994678386, 2821.7024490004405
0.699477008311078, 2482.212957998854, 4.01445799798239, 5.904281002585776, 28.73751700099092, 0.9956889989553019, 8.46835199627094, 2817.6102489960613
0.7110600126907229, 2469.2949000018416, 4.098649005754851, 6.412282004021108, 28.205381997395307, 1.031699008308351, 8.487448008963838, 2800.2109060034854
0.7045719976304099, 2473.331008994137, 4.081656996277161, 5.971901002340019, 28.688717997283675, 0.9689290018286556, 8.578416993259452, 2793.7275169970235
0.7203690038295463, 2474.913854006445, 4.054643010022119, 6.225171993719414, 28.507430004538037, 1.0013200080720708, 8.787844009930268, 2812.871191999875
0.6805329903727397, 2494.3987570004538, 4.127693988266401, 5.9696980024455115, 28.64370400493499, 0.8984169980976731, 8.372955999220721, 2821.558581010322
0.7354459958150983, 2475.2358769910643, 4.080890998011455, 6.2621000106446445, 28.29178998945281, 1.0362680040998384, 8.422815997619182, 2795.452264996129
0.7028490072116256, 2460.5995519959833, 4.015672006062232, 6.19864699547179, 28.066390004823916, 0.9368470055051148, 8.529476006515324, 2787.6868799939984
0.7117040076991543, 2492.2801829961827, 4.084433996467851, 6.198529998073354, 28.612652997253463, 0.9222749940818176, 8.420348996878602, 2831.2937450100435
0.7258980040205643, 2481.5401039959397, 4.068808993906714, 6.510217994218692, 28.784811991499737, 1.0260399867547676, 8.442580001428723, 2798.1594370066887
0.7142799877328798, 2522.9632230038987, 4.235868007526733, 6.284129005507566, 28.927884006407112, 1.0468059917911887, 8.387238995055668, 2855.846874997951
0.7127319986466318, 2484.0036389941815, 4.096293996553868, 6.343726010527462, 28.364034995320253, 0.9626719984225929, 8.540335009456612, 2802.4885570048355
0.7181550026871264, 2476.384494002559, 4.074213997228071, 5.832911992911249, 28.75141700496897, 0.8711850096005946, 8.309184995596297, 2799.3732530012494
0.6967990047996864, 2464.4795100030024, 4.028266994282603, 6.000847002724186, 28.976146000786684, 0.9063749894266948, 8.383189997402951, 2786.827212999924
0.7240620034281164, 2499.6340179932304, 4.134358998271637, 6.08934200135991, 28.611194997210987, 0.9862550068646669, 8.698439007275738, 2831.037196010584
0.6920930027263239, 2468.9903990074527, 4.03498399828095, 6.211633997736499, 29.360148997511715, 0.901774998055771, 8.715753996511921, 2796.0048350068973
0.697348004905507, 2460.7415329955984, 3.995505001512356, 6.480219992226921, 29.999272999702953, 0.9341030090581626, 8.529697995982133, 2779.9566960020456
0.6853810045868158, 2493.924077003612, 4.0635229961480945, 6.2753450038144365, 28.018434008117765, 0.9761249966686592, 8.227141996030696, 2817.9820219957037
0.6804719887441024, 2503.271683002822, 4.0560869965702295, 6.059249993995763, 28.639056006795727, 0.8960210107034072, 8.325339003931731, 2836.1553709983127
0.7026249950286001, 2475.258683989523, 4.109540997887962, 6.190215004608035, 29.02767699561082, 0.9370059997308999, 8.286069991299883, 2799.695551992045
0.719542003935203, 2505.400608992204, 4.03102500422392, 6.052558004739694, 28.107871999964118, 0.899966005817987, 8.205723002902232, 2841.798266992555
0.7312599918805063, 2459.1826090036193, 4.043299006298184, 6.200175994308665, 28.271966002648696, 0.9009290079120547, 8.372968004550785, 2783.593678002944
0.6804190052207559, 2505.7564090093365, 4.108153996639885, 6.578997999895364, 28.36577499692794, 1.0707030014600605, 8.536280991393141, 2834.234081004979
0.7184339920058846, 2455.970933995559, 4.040072002680972, 6.223305987077765, 28.766964009264484, 0.9647870028857142, 8.625823000329547, 2776.3308299909113
0.6702090031467378, 2470.5969000060577, 4.03613799426239, 6.303460992057808, 28.889195004012436, 1.0013020073529333, 8.468053987598978, 2790.310905998922
0.7371270039584488, 2519.616275007138, 4.136789997573942, 6.184685000334866, 28.602870006579906, 1.0564729891484603, 8.337890991242602, 2853.6711710039526
0.71929999103304, 2483.249436991173, 4.070462004165165, 6.367025998770259, 29.03229098592419, 0.9297830110881478, 8.33397000678815, 2800.702417996945
0.6940669991308823, 2499.762791005196, 4.059134007547982, 5.975460997433402, 29.106868998496793, 0.8836799970595166, 8.500747993821278, 2824.1225500096334
0.7052459986880422, 2487.1514219994424, 4.076156998053193, 6.210016988916323, 28.45183899626136, 0.9493730030953884, 8.545019998564385, 2818.611239999882
0.7273480005096644, 2478.8336220080964, 4.033940989756957, 6.155631999718025, 28.96927400433924, 0.9774899954209104, 8.65034399612341, 2800.7954149943544
0.7189259922597557, 2512.2926690091845, 4.126792991883121, 6.1829759943066165, 28.83531201223377, 0.9651680011302233, 8.283330011181533, 2845.3267800068716
0.6823730072937906, 2464.710793006816, 4.000316999736242, 6.444556012866087, 28.702759998850524, 0.8862459944793954, 8.388915011892095, 2780.929268003092
0.6884930044179782, 2492.222674001823, 4.0719859971432015, 6.134631999884732, 27.761165008996613, 0.9499309962848201, 8.669353992445394, 2829.299481003545
0.7038409967208281, 2457.7172999997856, 3.9603260083822533, 6.389952002791688, 28.809923998778686, 0.88227100786753, 8.270720994914882, 2783.5178399982397
0.6584280054084957, 2472.2416929871542, 4.0535829903092235, 6.123722996562719, 28.47778699651826, 0.928191002458334, 8.63543500599917, 2802.6921679993393
0.685765000525862, 2454.322575998958, 4.007625000667758, 6.0686349897878245, 28.169597004307434, 0.9712570026749745, 8.443665996310301, 2783.6863690026803
0.7470900018233806, 2509.9517930066213, 4.1273640090366825, 6.252860999666154, 28.673212000285275, 0.9073639957932755, 8.253462990978733, 2836.1603090015706
0.7173699996201321, 2481.6588969988516, 4.134230999625288, 6.198450006195344, 29.097199003444985, 1.0039379994850606, 8.183234996977262, 2807.7040250063874
0.6824599986430258, 2499.0204159985296, 4.03717000153847, 6.455723007093184, 28.765377996023744, 0.8749859989620745, 8.341426990227774, 2826.2707149988273
0.7109599973773584, 2480.868212005589, 4.01491999218706, 5.945585988229141, 29.12054699845612, 1.006731006782502, 8.431438996922225, 2806.4294299983885
0.7422609924105927, 2493.1819940102287, 4.076515993801877, 6.293885002378374, 29.21896100451704, 0.894809010787867, 8.382751999306493, 2822.7445340016857
0.702919001923874, 2474.7989239986055, 4.160925003816374, 6.329359006485902, 28.816692007239908, 0.9378980030305684, 8.496106005623005, 2802.7887509961147
0.7825630018487573, 2489.954617994954, 4.089186986675486, 6.410279995179735, 29.406275003566407, 0.9669509890954942, 8.391563009354286, 2819.9098559998674
0.7609200110891834, 2480.5922319937963, 4.09878499340266, 6.027075010933913, 29.11541001230944, 1.0257050016662106, 8.47940900712274, 2812.9937799967593
0.7081179937813431, 2487.133233997156, 4.168262996245176, 6.2001860060263425, 28.390571009367704, 0.942669008509256, 8.878043998265639, 2810.332000008202
0.7288269989658147, 2504.1882380028255, 4.079428996192291, 6.210861989529803, 28.912871988723055, 0.9083269978873432, 8.430303001659922, 2828.8937299948884
0.6974119896767661, 2498.4202820050996, 4.068145004566759, 6.128162000095472, 28.54123899305705, 0.9664259996498004, 8.422746002906933, 2825.278379008523
0.7354900008067489, 2509.608523992938, 4.188157996395603, 6.428874999983236, 29.831273001036607, 0.9476940031163394, 8.411715010879561, 2838.267248996999
0.6772070046281442, 2463.6313739902107, 4.015055004856549, 6.008163996739313, 28.52271699521225, 0.843283996800892, 8.312328005558811, 2789.7977829998126
0.7100039947545156, 2479.4140110025182, 3.983244998380542, 6.2542689993279055, 28.30300798814278, 0.9093850094359368, 8.438599004875869, 2808.6298249982065
0.6915989943081513, 2473.1211609905586, 4.048774993862025, 6.001906003803015, 28.46581100311596, 1.0021939961006865, 8.549147998564877, 2797.1597709984053
0.7441219931934029, 2502.6436999905854, 4.096592994756065, 5.93277599546127, 28.65081900381483, 0.887930000317283, 8.317159008583985, 2834.564953998779
0.7230250048451126, 2473.2833040034166, 4.079560996615328, 6.001337998895906, 28.866114997072145, 0.8725350053282455, 8.32652700773906, 2795.38152400346
0.7209540053736418, 2469.889272993896, 4.047426002216525, 6.164737002109177, 29.17984600935597, 0.9253549942513928, 8.911694007110782, 2801.6984200075967
0.7152629987103865, 2489.7461689979536, 4.087235996848904, 6.1011310026515275, 29.54949099512305, 0.989135995041579, 8.344321002368815, 2817.645809001988
0.715190006303601, 2467.073048988823, 4.007442999863997, 6.489495994173922, 29.216738999821246, 0.9827600006246939, 8.408544003032148, 2788.949987007072
0.7211639895103872, 2471.7384229879826, 4.033113000332378, 6.2801830063108355, 28.57483299158048, 0.9028110071085393, 8.306661999085918, 2794.677498997771
0.7145319978008047, 2512.150777998613, 4.132446993025951, 6.230779006727971, 29.424720007227734, 0.9073740075109527, 8.428635002928786, 2842.4245359929046
0.7191879994934425, 2478.9311939966865, 4.054802993778139, 6.18645700160414, 28.551766008604318, 0.9835630044108257, 8.953974989708513, 2802.2056539921323
0.7024610094958916, 2490.039946002071, 4.141908997553401, 6.310462995315902, 28.6126860009972, 0.9582600032445043, 8.283688992378302, 2818.918817996746
0.7104410033207387, 2480.101257999195, 4.076957004144788, 6.2502689979737625, 28.544703993247822, 0.8812439918983728, 8.387815993046388, 2804.464000000735
0.7026409875834361, 2516.6981009970186, 4.103351995581761, 6.169282001792453, 28.095556001062505, 0.8761270000832155, 8.503589007887058, 2856.083730002865
0.7171009929152206, 2461.070680001285, 4.015462996903807, 6.160490011097863, 28.76052600913681, 0.9352249908261001, 8.433715003775433, 2785.443849992589
0.7021060009719804, 2516.404413996497, 4.017343002487905, 6.041442000423558, 28.64940399012994, 0.8340180065715685, 8.414893003646284, 2851.7889179929625
0.7100889924913645, 2509.2708809970645, 4.110745998332277, 6.192071014083922, 28.554456992424093, 0.947231994359754, 8.585880990722217, 2837.7439729956677
0.7818489975761622, 2491.8429990066215, 4.029143994557671, 6.374054995831102, 28.29224600282032, 0.8986609900603071, 8.185632003005594, 2817.5571520114318
0.752313993871212, 2486.43556299794, 4.165261998423375, 6.333244004053995, 28.60146500461269, 0.9167560056084767, 8.377594000194222, 2817.795267998008
0.703120997059159, 2479.375341994455, 4.04106400674209, 6.0801110084867105, 28.619396995054558, 0.9175290033454075, 8.323316986206919, 2805.93719999888
0.7130369922379032, 2452.429573997506, 3.998104002675973, 6.025497001246549, 28.20261199667584, 0.9130859980359674, 8.339922002051026, 2774.6879620099207
0.699570999131538, 2495.37668999983, 4.012153003714047, 6.267188000492752, 28.41203400748782, 0.903433989151381, 8.294087994727306, 2827.4045180005487
0.7143810071283951, 2492.3506610066397, 4.199864997644909, 6.265147996600717, 28.884639003081247, 0.8881230023689568, 8.315943996421993, 2818.0310409952654
0.6973330018809065, 2494.321760997991, 4.11305800662376, 6.143041988252662, 28.858183999545872, 0.9320030076196417, 8.427769993431866, 2818.929606990423
0.6949039961909875, 2475.134523003362, 4.054110002471134, 6.1151590052759275, 27.848534999066032, 0.976620998699218, 8.256439003162086, 2798.838860995602
0.7253950025187805, 2537.995093007339, 4.081931998371147, 6.299337008385919, 29.474426992237568, 0.9906429913826287, 8.308181000757031, 2869.654845999321
0.7298679993255064, 2484.3415659997845, 4.062480002176017, 6.319039996014908, 28.468091011745855, 0.999132011202164, 8.360963998711668, 2811.958461999893
0.7450410048477352, 2504.07732000167, 4.045508001581766, 6.254970998270437, 28.268442998523824, 0.912820003577508, 8.373831995413639, 2828.863741000532
0.7512820011470467, 2496.678364012041, 4.057262995047495, 6.343372006085701, 29.45285900204908, 0.9248940041288733, 8.44830799906049, 2817.385506001301
0.6764790014130995, 2520.445436995942, 4.116401003557257, 6.141516001662239, 28.73352800088469, 0.9709800069686025, 8.336052997037768, 2852.4156890052836
0.7062600052449852, 2480.6789480062434, 4.032287994050421, 6.113095994805917, 29.043431000900455, 0.9001589933177456, 8.40832201356534, 2806.8278999999166
0.6953420088393614, 2487.955000004149, 4.03696799185127, 6.4454699895577505, 29.069926007650793, 0.9955239947885275, 8.344843998202123, 2818.956889997935
0.7098999922163785, 2492.2073040070245, 4.030695999972522, 6.077996004023589, 28.478968000854366, 0.9078649891307577, 8.517098001902923, 2819.835189002333
0.7151839963626117, 2487.7041669969913, 4.099762998521328, 6.081600004108623, 28.588269007741474, 0.9084960038308054, 8.43893300043419, 2809.336357997381
0.7125999982235953, 2488.467358998605, 4.0135610033757985, 5.898421994061209, 28.680919000180438, 0.9383550059283152, 8.500238007400185, 2819.262777993572
0.7168239972088486, 2460.9686240000883, 3.977044005296193, 6.2771339871687815, 27.959358994849026, 0.8947289898060262, 8.45713099988643, 2781.7101260006893
0.7394309941446409, 2485.3606870019576, 4.116031006560661, 6.264890005695634, 28.313536997302435, 0.9072760003618896, 8.038294996367767, 2813.1044909969205
0.7164510025177151, 2492.5080649991287, 4.081371007487178, 6.249412996112369, 29.42194399656728, 0.9709139994811267, 8.40428500669077, 2821.8752079992555
0.6917340069776401, 2483.4684480010765, 4.0567749965703115, 6.263445000513457, 28.607193991774693, 1.026951998937875, 8.359346989891492, 2814.1094699967653
0.6913539982633665, 2488.994076004019, 4.038205006509088, 6.1805940058548, 28.79237999150064, 0.9509380033705384, 8.345681999344379, 2810.007341002347
0.7694170053582639, 2488.613798006554, 4.053543001646176, 6.303465008386411, 29.909646007581614, 0.9321049874415621, 8.394107993808575, 2825.0154339912115
0.7173330086516216, 2471.0056409967365, 3.9828159933676943, 6.190422005602159, 28.411586012225598, 0.9977900044759735, 8.419642996159382, 2794.521789008286
0.7372109976131469, 2486.677291992237, 4.072398005519062, 6.284931005211547, 28.6298699938925, 1.005901998723857, 8.54181099566631, 2812.46308000118
0.7158790103858337, 2485.111678004614, 4.012397010228597, 5.873308007721789, 28.37584199733101, 0.8963099971879274, 8.288889992400073, 2815.1059670053655
0.7260189886437729, 2502.8120659990236, 4.067531001055613, 6.39152800431475, 28.780888009350747, 0.9092690015677363, 8.460575001663528, 2833.2638919964666
0.7340240117628127, 2486.518737001461, 4.066227993462235, 6.238030997337773, 28.551747993333265, 0.9549529931973666, 8.440949997748248, 2813.28234099783
0.7006050000200048, 2483.124913997017, 4.0130980050889775, 5.935585999395698, 28.572274997713976, 0.9904589969664812, 8.754206995945424, 2803.2161229930352
0.7220779953058809, 2496.8172859953484, 4.053109005326405, 6.030060991179198, 28.720637012156658, 0.9552009869366884, 8.335328995599411, 2825.04125298874
0.7046879909466952, 2445.7766949926736, 3.939849993912503, 6.115280004451051, 28.46205999958329, 0.9482439927523956, 8.416451993980445, 2771.988619992044
0.6986729858908802, 2485.477712005377, 4.033741002785973, 6.327713999780826, 28.804337009205483, 0.939717996516265, 8.357376995263621, 2817.5241020071553
0.7068450067890808, 2476.177929987898, 4.122026992263272, 6.04635599302128, 28.512477001640946, 0.9092869877349585, 8.42974400438834, 2805.760753006325
0.7231749914353713, 2473.646240992821, 4.0364289889112115, 6.409612004063092, 28.172970996820368, 0.9278689976781607, 8.488371997373179, 2793.936197995208
0.6970210088184103, 2502.5369799986947, 4.024979003588669, 6.35686500754673, 29.44198698969558, 0.9357289964100346, 8.327027011546306, 2831.805761990836
0.7185310096247122, 2479.8161819926463, 4.028374009067193, 6.244039002922364, 28.838949001510628, 0.8623419998912141, 8.635303005576134, 2801.5744039876154
0.7688290061196312, 2517.7291139989393, 4.189564002444968, 5.991757003357634, 29.297885004780255, 0.9120609902311116, 8.723512990400195, 2842.9670220066328
0.6924519984750077, 2504.874263002421, 4.031058997497894, 6.227975012734532, 28.639971002121456, 0.9346500009996817, 8.79345799330622, 2826.2624929921003
0.7450900011463091, 2490.9933610033477, 4.050881005241536, 6.170617998577654, 28.604025006643496, 0.9854740055743605, 8.367419999558479, 2822.9279079969274
0.7005429943092167, 2486.576884999522, 4.337999009294435, 6.289191995165311, 28.638659001444466, 0.9318600059486926, 8.311869998578914, 2811.2818759982474
0.699498996254988, 2494.492628000444, 4.007198993349448, 5.923290009377524, 28.843758002039976, 0.9453850070713088, 8.375810997677036, 2821.96391299658
0.6915189878782257, 2460.3254350076895, 3.9547109918203205, 6.29972800379619, 29.280761009431444, 0.9281959937652573, 8.230651001213118, 2790.7711360021494
0.7002710044616833, 2458.4277480025776, 3.988840995589271, 6.154610004159622, 28.82845001295209, 0.9677939960965887, 8.395205994020216, 2780.810801006737
0.7044910016702488, 2486.9760150031652, 4.046904010465369, 6.202440010383725, 28.665830002864823, 0.8691230032127351, 8.80441299523227, 2812.577824006439
0.7187940063886344, 2457.5724769965746, 3.9914119988679886, 6.300944995018654, 28.11171900248155, 0.954312999965623, 8.401815997785889, 2775.291493991972
0.6732239999109879, 2497.084556001937, 4.047523005283438, 6.147558000520803, 28.822218999266624, 1.0253740038024262, 8.261752998805605, 2818.5270429967204
0.6808479956816882, 2507.5039980001748, 4.0715489885769784, 6.246978999115527, 29.09867100242991, 0.9676129993749782, 8.393490003072657, 2839.670985995326
0.6914499972481281, 2467.7048360026674, 4.06044400006067, 6.255262007471174, 28.81258600973524, 0.9380050032632425, 8.78765300149098, 2795.5553579959087
0.7327629864448681, 2495.2915489993757, 4.175571011728607, 6.190197993419133, 28.678818009211682, 0.9709110017865896, 8.309245007694699, 2824.90881200647
0.7089550053933635, 2505.12707499729, 4.129738998017274, 6.109251000452787, 28.619442993658595, 1.0449849942233413, 8.514978006132878, 2838.394813996274
0.7111730083124712, 2509.7499919938855, 4.133402995648794, 6.256167005631141, 28.770282995537855, 0.9248969872714952, 8.438233999186195, 2844.840051999199
0.7181900000432506, 2471.983770999941, 4.162233992246911, 6.13312199129723, 28.34636998886708, 0.9388109901919961, 8.444614999461919, 2795.9766480053077
0.727930004359223, 2490.344827005174, 4.082952000317164, 6.137837001006119, 29.01848500187043, 0.9014179959194735, 8.385203007492237, 2826.63961299113
0.7250440103234723, 2471.720675996039, 3.979536995757371, 6.107865992817096, 28.439402987714857, 0.9785709989955649, 8.502759999828413, 2796.669965988258
0.711105007212609, 2476.048423006432, 4.0699880046304315, 6.283467999310233, 28.769116004696116, 0.88610099919606, 8.343566994881257, 2801.1709580023307
0.6880550063215196, 2478.224209000473, 4.015268001239747, 6.258410998270847, 28.50132000457961, 0.9679780050646514, 8.480025004246272, 2804.21518899675
0.706468999851495, 2491.3505759905092, 4.128796004806645, 6.077750993426889, 27.549945996725, 0.8569869969505817, 8.157214004313573, 2807.3751039919443
0.6983689963817596, 2485.94400199363, 4.033334000268951, 6.302822002908215, 28.343590995064005, 0.9845210006460547, 8.334187004948035, 2814.7896059963387
0.7324530015466735, 2488.432799000293, 4.096170014236122, 6.213710003066808, 28.50222898996435, 1.0998569923685864, 8.641865002573468, 2823.535354997148
0.7036570023046806, 2482.5586949882563, 4.149137006606907, 6.338588005746715, 29.091209013131447, 0.8561440045014024, 8.316355000715703, 2814.7648989979643
0.7067350088618696, 2495.009549005772, 4.039819003082812, 6.232430998352356, 28.694262000499293, 0.9750289900694042, 8.447387008345686, 2833.132009996916
0.7158270018408075, 2516.522141988389, 4.092905001016334, 6.113754992838949, 28.564674998051487, 0.9595209994586185, 8.45720099459868, 2851.0550309874816
0.678574011544697, 2478.1869529979303, 4.093821989954449, 6.017927997163497, 28.690902996459045, 0.922680992516689, 8.559043999412097, 2808.9395110000623
0.7338379946304485, 2462.9312210017815, 4.05298599798698, 5.910890991799533, 27.85647199198138, 0.8484519930789247, 8.352870994713157, 2782.9811240080744
0.7199810061138123, 2473.219171995879, 4.052728996612132, 6.207440004800446, 28.867450993857346, 0.980219992925413, 8.487640996463597, 2803.537657993729
0.7004380022408441, 2484.840550008812, 4.055255994899198, 6.169735992443748, 28.848146001109853, 0.9813010110519826, 8.436796997557394, 2808.3201450062916
0.7021039928076789, 2475.013108996791, 4.147334999288432, 6.410568006685935, 28.2944809878245, 0.9799499966902658, 8.340581989614293, 2805.093035000027
0.7493869925383478, 2484.91768000531, 4.043877997901291, 6.157390002044849, 28.49385498848278, 0.9416170069016516, 8.588851997046731, 2808.9216990047134
0.7413399871438742, 2483.5703790013213, 4.098293007700704, 6.0801140061812475, 27.962391992332414, 1.0024899966083467, 8.409761998336762, 2809.4298229989363
0.6754080095561221, 2509.5340319967363, 4.080765007529408, 6.103548003011383, 28.35430100094527, 0.9955689893104136, 8.555191001505591, 2837.9442199948244
0.731917010853067, 2500.934796000365, 4.092346993274987, 6.013694001012482, 28.942371005541645, 0.8825749973766506, 8.571654005208984, 2829.5089849998476
0.6899660074850544, 2504.5124179887353, 4.175788999418728, 6.221450006705709, 28.764192989910953, 0.9235449979314581, 8.429280991549604, 2832.4063400068553
0.7388550002360716, 2482.058818000951, 4.067853995366022, 6.462388002546504, 28.302310995059088, 1.1027360014850274, 8.763384001213126, 2800.3962140064687
0.7192100019892678, 2459.404599998379, 4.0474119887221605, 6.257086992263794, 28.62222799740266, 0.8817030029604211, 8.349352006916888, 2783.3556059922557
0.7252460054587573, 2472.4434840027243, 3.9827309956308454, 6.25284000125248, 28.3554480120074, 0.9890369983622804, 8.471181005006656, 2800.6821580056567
0.6790119950892404, 2498.3870519936318, 4.075488992384635, 6.646351001108997, 28.327813997748308, 0.9572319977451116, 8.461673991405405, 2830.7187640020857
0.7179319945862517, 2487.778963011806, 4.106326989131048, 6.195237991050817, 28.51878901128657, 1.0430749971419573, 8.67662399832625, 2820.4683560034027
0.7077670015860349, 2476.8678069958696, 4.058688995428383, 6.121644008089788, 28.794943005777895, 1.0175580100622028, 8.247453995863907, 2799.2427379940636
0.719865012797527, 2487.3133419896476, 4.041138003231026, 6.160887991427444, 28.87150699098129, 0.8886090072337538, 8.443358005024493, 2815.605214011157
0.7048450061120093, 2485.436432994902, 4.052196003613062, 6.6047380096279085, 29.213426998467185, 1.0129589936695993, 8.725542997126468, 2811.214746994665
0.7288479973794892, 2474.2998110014014, 4.044033994432539, 5.9104539977852255, 28.132911000284366, 0.9885129984468222, 8.594874001573771, 2802.238688993384
0.7092629966791719, 2461.452919000294, 3.955484993639402, 6.470755994087085, 29.31050700135529, 0.940095997066237, 8.315526996739209, 2785.4056299984222
0.7519289938500151, 2504.022465000162, 4.095392010640353, 6.211258994881064, 27.834343010908924, 1.0530780127737671, 8.198214010917582, 2835.9303869947325
0.6799599941587076, 2481.628217996331, 4.030236988910474, 6.239947993890382, 28.728420002153143, 1.043914002366364, 8.38229300279636, 2803.0370470078196
0.7129919977160171, 2486.2056970014237, 4.047179012559354, 6.04893799754791, 27.55860700563062, 0.9963790071196854, 8.194441994419321, 2808.4864520060364
0.7012509886408225, 2478.754707000917, 4.091073002200574, 6.246199001907371, 28.862145001767203, 0.9405710006831214, 8.377651989576407, 2806.023245997494
0.724815996363759, 2508.836857989081, 4.0889119991334155, 6.514980006613769, 28.94253200793173, 0.9606560051906854, 8.45387599838432, 2842.9973519960186
0.699141004588455, 2477.7436300064437, 4.080906990566291, 6.009906006511301, 28.873190996819176, 0.9899449942167848, 8.860695990733802, 2805.078727004002
0.7095429900800809, 2478.946011993685, 4.01422000140883, 6.053888006135821, 28.84622200508602, 0.8763590012677014, 8.643804001621902, 2804.0495250024833
0.6818880065111443, 2485.802764989785, 4.140247008763254, 6.009085991536267, 28.511066004284658, 0.9325349965365604, 8.641826003440656, 2810.5428150010994
0.6975549913477153, 2520.3291560028447, 4.08874599088449, 6.135240997537039, 28.58852299686987, 0.8634330006316304, 8.371290998184122, 2849.885004994576
0.7217030070023611, 2489.346692993422, 4.1373330022906885, 6.394534007995389, 29.019353998592123, 0.8532680076314136, 8.477611001580954, 2828.2488570112037
0.754553999286145, 2487.873721998767, 4.031712000141852, 6.135085001005791, 27.9673759941943, 0.9326790022896603, 8.573245999286883, 2821.28340700001
0.7059189956635237, 2494.592213013675, 4.1523709951434284, 6.186869999510236, 29.161423008190468, 0.90504800027702, 8.396154007641599, 2832.564230004209
0.751694999053143, 2473.6680519999936, 4.079726990312338, 6.3634359976276755, 29.090134004945867, 0.9788850002223626, 8.481743003358133, 2802.040341994143
0.7217780075734481, 2462.1452830033377, 4.082571002072655, 6.171594999614172, 28.330095010460354, 0.8685009961482137, 8.342222005012445, 2774.91051099787
0.6871950026834384, 2495.6816369958688, 4.108088003704324, 6.20599600370042, 28.82221099571325, 0.8624369947938249, 8.402134000789374, 2822.403708996717
0.7085840043146163, 2480.5329160008114, 4.077065997989848, 6.224803000804968, 28.670195999438874, 0.9188340045511723, 8.35085500148125, 2822.903412990854
0.7224000000860542, 2490.697931993054, 4.084044005139731, 6.2448149983538315, 28.81394900032319, 0.955321011133492, 8.3370710053714, 2819.980966000003
0.7355450070463121, 2484.1906410001684, 4.052638993016444, 6.392527007847093, 29.392851996817626, 0.8714169962331653, 8.314718012115918, 2810.7362169976113
0.702520992490463, 2493.744113991852, 4.105895000975579, 6.1660889914492145, 28.589386012754403, 1.0172560141654685, 8.48160900932271, 2819.790786001249
0.6758429954061285, 2476.4457999990555, 4.011987010017037, 6.05268900108058, 27.44800000800751, 0.878142993315123, 8.746738996705972, 2802.586234000046
0.7107179990271106, 2479.069787004846, 3.971780010033399, 6.2307639891514555, 28.84774300036952, 0.9574080031597987, 8.391272989683785, 2801.849676994607
0.696156988851726, 2476.666920003481, 4.067623987793922, 6.426280000596307, 28.753912993124686, 0.9575340081937611, 8.504879995598458, 2810.842438993859
0.7144480041461065, 2471.480337000685, 4.003880996606313, 6.275574996834621, 28.53468399553094, 1.0141259990632534, 8.452119000139646, 2786.195058011799
0.7086760015226901, 2498.579138991772, 4.072741998243146, 6.472812005085871, 28.869358997326344, 0.91167600476183, 8.439990997430868, 2833.7457030138467
0.6925890047568828, 2465.5127900041407, 4.0115820011124015, 5.966187993180938, 28.410076003638096, 0.8980929997051135, 8.340968997799791, 2783.999888008111
0.7495930040022358, 2493.0862140026875, 4.0480509924236685, 6.115109994425438, 28.79150399530772, 0.9893630049191415, 8.538288995623589, 2816.4074270025594
0.7005669904174283, 2481.7625859868713, 4.048142000101507, 6.138741009635851, 28.614780007046647, 0.9215439931722358, 8.166543004335836, 2809.3609799980186
0.6938019942026585, 2521.5599880029913, 4.548528013401665, 6.291555997449905, 29.107405003742315, 0.9129460086114705, 8.44413299637381, 2860.5822960089426
0.6943309999769554, 2482.7274169947486, 4.057271013152786, 6.127906002802774, 28.784509995603003, 0.8800140058156103, 8.44610900094267, 2812.2659340006066
0.7213219942059368, 2479.807259005611, 4.065221000928432, 6.1987249937374145, 28.841134000685997, 0.8881209942046553, 8.635656005935743, 2804.494017007528
0.7153170008677989, 2496.6715589980595, 4.079518999787979, 6.115209005656652, 28.571672999532893, 0.9254319884348661, 8.650124000268988, 2821.4956680021714
0.7123899995349348, 2473.8467069983017, 4.048387010698207, 6.189720006659627, 28.824545006500557, 1.0338190040783957, 8.41323399799876, 2795.7121020008344
0.72452898893971, 2465.967415992054, 3.976207008236088, 6.332888995530084, 28.803794004488736, 0.9610419947421178, 8.36847399477847, 2791.0851769993315
0.6944780034245923, 2445.4528969945386, 4.005568000138737, 5.929758001002483, 28.298331002588384, 0.8694020070834085, 8.455842995317653, 2770.199031991069
0.6942360050743446, 2467.252868009382, 4.121928010135889, 6.090590002713725, 28.47612800542265, 0.8834809996187687, 8.925191999878734, 2793.018572003348
0.72012199962046, 2483.9655270043295, 4.045164998387918, 6.332029995974153, 28.6672299989732, 0.9683759999461472, 8.50321099278517, 2807.8149640059564
0.6861680012661964, 2486.6703740117373, 4.068631998961791, 6.112261995440349, 28.768748001311906, 0.9310000023106113, 8.382258005440235, 2814.3655369931366
0.695720998919569, 2490.669646009337, 4.096004005987197, 6.304533992079087, 29.563282994786277, 0.9683100070105866, 8.382440995774232, 2820.639701007167
0.760385999456048, 2494.6827849926194, 4.086771004949696, 6.310839002253488, 28.484020003816113, 0.913823998416774, 8.320083987200633, 2832.1620109927608
0.7040539931040257, 2473.490483011119, 4.0545739902881905, 6.017387000611052, 27.67305599991232, 0.9705880074761808, 8.600215005571954, 2796.7788789974293
0.7015549927018583, 2495.6491329940036, 4.053520999150351, 6.189852996612899, 27.818311995361, 0.8145100000547245, 8.205115998862311, 2823.1160220020683
0.7226330053526908, 2483.9722600008827, 4.042129992740229, 5.974674000754021, 28.779236003174447, 0.9370199986733496, 8.36923900351394, 2810.780429004808
0.7408420060528442, 2502.918050988228, 4.069760994752869, 6.281734997173771, 28.664537996519357, 0.9792540076887235, 8.983608000562526, 2830.0850429950515
0.7182789995567873, 2475.9535049961414, 4.074268988915719, 6.031465993146412, 27.835357002913952, 0.956007992499508, 8.232129999669269, 2798.6582099983934
0.6926610076334327, 2491.249400001834, 4.102802005945705, 6.371316994773224, 28.73372299654875, 0.9174699953291565, 8.375210003578104, 2817.399095001747
0.7403479976346716, 2466.308768998715, 4.073818010510877, 6.052892000298016, 28.177297994261608, 0.9332710033049807, 8.771303997491486, 2791.264029990998
0.7129989971872419, 2472.6794349990087, 3.993605001596734, 6.210182007635012, 28.89227400009986, 1.136449005571194, 8.352507997187786, 2801.0896900086664
0.7255439995788038, 2478.349936005543, 4.06534101057332, 6.14831798884552, 28.250975999981165, 0.9419630077900365, 8.12165200477466, 2803.3139259932796
0.6976580043556169, 2500.696564995451, 4.034249999676831, 6.209438011865132, 28.80320699478034, 0.9553540003253147, 8.405316999414936, 2829.887586995028
0.7390100072370842, 2501.38078899181, 4.079550999449566, 6.004059003316797, 28.442679991712794, 0.9370240004500374, 8.299833003547974, 2831.565437008976
0.7302890007849783, 2441.256443999009, 4.0562900103395805, 6.33377100166399, 28.92779599642381, 0.8548290061298758, 8.32527301099617, 2764.3935259984573
0.6951889954507351, 2490.1230029936414, 4.039886000100523, 6.136052994406782, 28.50151399616152, 0.9674650063971058, 8.361964995856397, 2836.7122240015306
0.708466992364265, 2476.5944219980156, 4.093758994713426, 6.496729009086266, 30.706983001437038, 0.9678140049800277, 8.327228992129676, 2799.9343639967265
0.7437719905283302, 2489.2768370045815, 4.135638999287039, 6.409353998606093, 28.17880800284911, 0.86797600670252, 8.416258991928771, 2815.489068001625
0.7101829978637397, 2481.04942801001, 4.07879900012631, 6.123247992945835, 28.783335001207888, 0.8596249972470105, 8.352413002285175, 2806.9159440055955
0.7204089924925938, 2479.953378002392, 4.037373990286142, 5.959690010058694, 28.70905499730725, 0.8400680089835078, 8.356753998668864, 2807.1191850031028
0.7570689922431484, 2490.1521419960773, 4.029189003631473, 6.2027999956626445, 28.62765800091438, 1.0259729897370562, 8.487258994136937, 2813.4080140007427
0.7147059950511903, 2477.879883008427, 4.054305012687109, 6.331757002044469, 28.494211001088843, 0.9423459996469319, 8.884658993338235, 2805.6044279946946
0.7138049986679107, 2472.1483329922194, 4.0637609927216545, 6.159041993669234, 28.484248992754146, 0.9180139895761386, 8.264674004749395, 2792.120680998778
0.7157969957916066, 2465.041313000256, 4.09950599714648, 6.130645997473039, 28.63570900808554, 0.9113849955610931, 8.446733001619577, 2799.3015440006275
0.7222089916467667, 2476.502371006063, 4.01929700456094, 6.381974002579227, 29.13942700251937, 0.9015599935082719, 8.43382599123288, 2801.5355840034317
0.7081640069372952, 2494.1786489944207, 4.107275002752431, 6.173877001856454, 28.486523995525204, 1.019624003674835, 8.399926999118179, 2818.98573700164
0.7261499995365739, 2482.0807380019687, 4.053969008964486, 6.372457995894365, 28.37796999665443, 0.9999090107157826, 8.54358499054797, 2810.1844339980744
0.6970129907131195, 2504.742756005726, 4.0751390042714775, 5.987023003399372, 28.82438199594617, 0.8902219997253269, 8.37026399676688, 2832.6500650000526
0.7226770103443414, 2486.5163509966806, 4.042075001052581, 6.190255997353233, 28.110200000810437, 0.9461259905947372, 8.414420997723937, 2808.7923790008062
0.6990399997448549, 2484.224150000955, 4.05064900405705, 6.14742400648538, 28.383450990077108, 0.9215840109391138, 8.352468008524738, 2812.6188080059364
0.7155759958550334, 2504.892312004813, 4.127022999455221, 6.439278004108928, 28.498464002041146, 0.9220020001521334, 8.776146991294809, 2839.590210991446
0.7189689931692556, 2489.319695989252, 4.063832995598204, 6.2775160040473565, 28.77331200579647, 0.919995000003837, 8.387548004975542, 2818.9065390033647
0.6810150080127642, 2474.573187995702, 4.05153700558003, 6.3768450054340065, 29.279352995217778, 0.9384160075569525, 8.25056098983623, 2807.6645370019833
0.7330359949264675, 2494.1242360073375, 3.9752059965394437, 6.235066000954248, 29.17148200504016, 0.9465159964747727, 8.385577995795757, 2815.8666090021143
0.6795849913032725, 2477.998282003682, 4.087495006388053, 6.356429003062658, 28.103407996241003, 0.8965750021161512, 8.24468799692113, 2811.3612760062097
0.7143749971874058, 2498.8685400021495, 4.102467006305233, 6.108428002335131, 28.394114997354336, 1.0216310038231313, 8.680601997184567, 2829.28139300202
0.7268810004461557, 2519.9491970124654, 4.0688800072530285, 6.2191690085455775, 28.014543000608683, 0.9690279985079542, 8.342168002855033, 2851.0651710093953
0.6853469967609271, 2478.520213990123, 4.078822996234521, 6.191710999701172, 28.82195101119578, 0.9149279940174893, 8.398906997172162, 2809.213094995357
0.7161149987950921, 2480.6777170015266, 4.057484999066219, 6.299154003500007, 28.621185003430583, 0.9114749991567805, 8.416601995122619, 2806.536378004239
0.6970469985390082, 2505.7973339862656, 4.049640003358945, 6.222413998330012, 28.62728200852871, 1.029927996569313, 8.530446997610852, 2839.5088679972105
0.711871005478315, 2472.7431509963935, 4.031224991194904, 6.165475002489984, 28.7427269940963, 1.0595670028124005, 8.486279999488033, 2796.5686489915242
0.7080409995978698, 2452.023398989695, 4.0460919990437105, 6.331134994979948, 28.575845004525036, 0.9196070022881031, 8.418202996836044, 2778.1595190026565
0.6984310020925477, 2465.6482040008996, 4.123118007555604, 6.270588011830114, 28.49111099203583, 0.9770229953574017, 8.456683994154446, 2790.550905003329
0.7039459887892008, 2473.627621002379, 4.029425996122882, 6.130269001005217, 28.607899992493913, 0.922214996535331, 8.33707899437286, 2797.6521689997753
0.6876559928059578, 2480.329204001464, 4.059257000335492, 6.374021992087364, 29.108968999935314, 0.9099930030060932, 8.448836000752635, 2809.0308109967737
0.70076399424579, 2491.2601609976264, 4.10149700473994, 6.277991007664241, 28.982198011362925, 0.9246600093320012, 9.146868003881536, 2833.581121987663
0.6979369936743751, 2488.206462992821, 4.118060998735018, 6.304109003394842, 28.436599008273333, 1.0019949986599386, 8.535613000276498, 2811.3250710011926
0.7216550002340227, 2474.4879599893466, 4.05532299191691, 6.254655003431253, 28.622945988900028, 0.8712300041224808, 8.356919002835639, 2799.0981779876165
0.7332410023082048, 2480.5452050059102, 4.062569001689553, 6.071740004699677, 28.361338991089724, 0.9457139967707917, 8.408011999563314, 2806.601445990964
0.7253900112118572, 2473.1071080022957, 4.069413000252098, 5.886600993108004, 28.17794399743434, 0.8664909983053803, 8.372029988095164, 2797.077690003789
0.7737330015515909, 2688.981926010456, 4.496176989050582, 7.974688996910118, 31.790231994818896, 0.9000839927466586, 8.964133987319656, 2908.2209990010597
0.7089690043358132, 2506.032499994035, 4.13636899611447, 6.203740995260887, 28.44750598887913, 0.9976459987228736, 8.343125999090262, 2831.5811890061013
0.7233479991555214, 2496.918150005513, 4.196733003482223, 6.223360993317328, 28.916502997162752, 1.0149570007342845, 8.366697002202272, 2813.2944719982333
0.7456160092260689, 2493.890794008621, 4.104020001250319, 6.294363993220031, 28.731316997436807, 0.9021650039358065, 8.353130993782543, 2811.3314360089134
0.7213130011223257, 2481.235312996432, 4.0184599929489195, 6.162816993310116, 28.97613799723331, 0.915640004677698, 8.74085100076627, 2801.120642994647
0.7036280003376305, 2495.5098170030396, 4.126861007534899, 6.067976995836943, 28.499003004981205, 0.8500209951307625, 8.281418005935848, 2821.6694080037996
0.7162690017139539, 2461.185123989708, 4.006080998806283, 8.07733999681659, 34.316504999878816, 0.9949780069291592, 8.700420003151521, 2779.653085002792
0.7078000053297728, 2482.7289789973292, 3.995302991825156, 6.181738994200714, 28.213079989654943, 0.8557450055377558, 8.234105000155978, 2810.7862409960944
0.7089399878168479, 2498.947008003597, 4.100840000319295, 6.225445002201013, 28.467691998230293, 0.9264999971492216, 8.584883995354176, 2829.5795760059264
0.7332749955821782, 2498.422302000108, 4.0970170084619895, 6.158956995932385, 28.530139999929816, 0.9175120067084208, 8.44525100546889, 2825.706468996941
0.694528003805317, 2483.8583579985425, 4.088877991307527, 6.30001699028071, 28.968591999728233, 0.9067969949683174, 8.315319995745085, 2807.9313639900647
0.7247359899338335, 2493.347891999292, 3.9826599968364462, 6.294140010140836, 29.12732800177764, 1.0066249960800633, 8.408282999880612, 2821.5999039966846
0.7123029936337844, 2510.763150989078, 4.119525998248719, 6.333169003482908, 28.932911009178497, 0.9778849926078692, 8.43197999347467, 2841.2739610066637
0.7347200007643551, 2480.438084996422, 4.093012001249008, 6.501894997199997, 29.100322994054295, 1.0153870098292828, 8.61949400859885, 2805.633632990066
0.691071996698156, 2478.7993950012606, 4.066132998559624, 6.104551997850649, 28.599475001101382, 1.024853001581505, 8.90934000199195, 2806.593173998408
0.7206959999166429, 2504.9813500081655, 4.0945520013337955, 6.062374013708904, 28.132357998401858, 0.987450999673456, 8.317788000567816, 2840.895547007676
0.7041000062599778, 2460.536356011289, 4.121637000935152, 6.0854210023535416, 28.48441799869761, 0.909153008251451, 8.371315008844249, 2780.6248209963087
0.710763008100912, 2505.9926430112682, 4.099430996575393, 6.454153000959195, 28.72015698812902, 0.9470239892834798, 8.464919999823906, 2837.8639399888925
0.7247160101542249, 2487.611509990529, 4.0655740012880415, 6.203525001183152, 28.631754001253285, 0.9106350044021383, 8.38768799440004, 2811.792880005669
0.7093929889379069, 2481.451833009487, 4.121342994039878, 6.188371000462212, 28.555328986840323, 1.058842011843808, 8.493793007801287, 2804.1335950110806
0.6984079955145717, 2511.0806099983165, 4.052520002005622, 6.099025005823933, 28.653449000557885, 0.9683289972599596, 8.268721998319961, 2841.345666005509
0.6966869987081736, 2486.4763719961047, 4.160861994023435, 6.480373995145783, 30.485531999147497, 0.9265970002161339, 8.286292999400757, 2824.4175240106415
0.7073629967635497, 2485.8844590053195, 4.054965000250377, 6.230046012206003, 28.90694899542723, 0.980724988039583, 8.361288011656143, 2815.6078399915714
0.7196270016720518, 2484.509859990794, 4.1157750092679635, 6.241062001208775, 29.082503999234177, 0.8816939953248948, 8.450027002254501, 2815.06593299855
0.7002700003795326, 2516.8039340060204, 4.189561004750431, 6.216674999450333, 28.635691007366404, 0.9074319968931377, 8.404513995628804, 2841.4626419980777
0.727840990293771, 2480.5000990018016, 4.079913007444702, 6.164593010907993, 28.254311997443438, 0.9221530053764582, 8.114680007565767, 2815.358241990907
0.7313279929803684, 2476.4700470113894, 4.050939998705871, 6.094684998970479, 29.10334599437192, 0.8705459913471714, 8.344159999978729, 2801.396284994553
0.7082910015014932, 2481.372251000721, 4.093624011147767, 6.199782001203857, 28.966181998839602, 0.9509749943390489, 8.379824997973628, 2805.2962650108384
0.725133009837009, 2493.319330998929, 4.077096993569285, 6.1796669906470925, 29.384502005996183, 0.954949005972594, 8.80188899463974, 2822.9389370098943
0.735141002223827, 2473.39150699554, 4.099450001376681, 6.252335995668545, 29.66946200467646, 1.012701992294751, 8.444986990070902, 2803.1865390075836
0.7234210061142221, 2484.786790009821, 4.003186011686921, 6.193487992277369, 28.476993000367656, 0.9531149989925325, 8.377285004826263, 2810.844136009109
0.7142120011849329, 2459.5424419967458, 4.0029500087257475, 6.264957002713345, 28.795821010135114, 0.9849259949987754, 8.514891000231728, 2779.9847849964863
0.7170710014179349, 2474.9300429975847, 4.1548419976606965, 6.335087993647903, 28.208861011080444, 1.008685998385772, 8.399590995395556, 2803.787768993061
0.6915859994478524, 2497.029885998927, 4.098460005479865, 6.164057995192707, 28.600340010598302, 0.9163060021819547, 8.566263000830077, 2826.5878620004514
0.7484099915018305, 2479.9541719985427, 4.069485003128648, 6.224160999408923, 28.63979700487107, 1.097029002266936, 8.715830001165159, 2806.0456040111603
0.7139100052881986, 2484.4764610024868, 4.021671004011296, 6.247131997952238, 27.77314800187014, 0.9301539976149797, 8.494071997120045, 2809.795253997436
0.697048002621159, 2491.9448319997173, 4.037029008031823, 6.111602997407317, 28.450962010538206, 0.9599029872333631, 8.514631001162343, 2821.156225996674
0.7536199991591275, 2513.2109459955245, 4.150962005951442, 6.234326996491291, 29.001870992942713, 1.0157880024053156, 8.94550200609956, 2844.2318300076295
0.6929599912837148, 2491.271273000166, 4.055561003042385, 6.173204004880972, 28.911200002767146, 0.943666003877297, 8.341595996171236, 2816.9986180000706
0.7234450022224337, 2499.0531829971587, 4.056630001286976, 6.368294998537749, 29.656573009560816, 0.9082150063477457, 8.390543007408269, 2823.9111629955005
0.6967039953451604, 2496.3429820054444, 4.124546001548879, 6.278355998801999, 28.567019006004557, 0.8959249971667305, 8.339442007127218, 2828.975108001032
0.7020820048637688, 2470.46603099443, 4.132561007281765, 6.273898994550109, 28.805450987420045, 0.9008189954329282, 8.28999599616509, 2799.5059880049666
0.734512010239996, 2485.909545008326, 4.006835995824076, 6.426015010219999, 28.585670006577857, 1.0332189995096996, 8.470127009786665, 2812.9434080037754
0.6981420010561123, 2473.134279003716, 4.077238991158083, 6.1632629949599504, 28.31851999508217, 1.042066010995768, 8.524069999111816, 2799.6206000098027
0.6946460052859038, 2481.5088329924038, 4.036061989609152, 6.195815993123688, 29.021731999819167, 0.8761180069996044, 8.4222720033722, 2814.0903639869066
0.7238149992190301, 2498.7316170008853, 4.090027010533959, 6.586991003132425, 29.272554005729035, 0.9699820075184107, 8.362781998584978, 2828.8509289996
0.7230529881780967, 2483.742791999248, 4.157699004281312, 6.175786998937838, 28.653015004238114, 0.8671399991726503, 8.321913002873771, 2815.463146995171
0.7220230036182329, 2478.3792840025853, 4.032519995234907, 6.20581500697881, 28.810708012315445, 0.888455004314892, 8.239935006713495, 2800.025264004944
0.6941440078662708, 2470.8687590027694, 4.060959006892517, 6.131836998974904, 28.677196998614818, 0.866465998115018, 8.326353010488674, 2796.658323990414
0.7174010097514838, 2478.3531299908645, 4.077377991052344, 6.144229992059991, 28.42487300222274, 0.9003789891721681, 8.407075991271995, 2808.5077309951885
0.7338410068769008, 2486.679059002199, 4.09046899585519, 6.131805988843553, 28.37180699862074, 0.9898029966279864, 8.318763997522183, 2811.149167988333
0.7393190026050434, 2475.336976989638, 4.063533007865772, 5.9274910017848015, 28.548499001772143, 0.874872988788411, 8.318469001096673, 2801.568837996456
0.7143760012695566, 2480.8959549991414, 4.142724996199831, 6.386894005117938, 30.205319009837694, 0.9656059992266819, 8.568819001084194, 2788.821068999823
0.7077229965943843, 2475.3349920065375, 3.978459004429169, 5.904745994484983, 28.46040499571245, 0.912105999304913, 8.330868004122749, 2797.7931650093524
0.6752350018359721, 2494.645094993757, 4.100032994756475, 6.262842012802139, 28.92971900291741, 0.8962340070866048, 8.312114005093463, 2827.467932002037
0.6988809909671545, 2467.226431996096, 4.029843010357581, 6.1987840017536655, 29.03111198975239, 0.9709209989523515, 8.398687990847975, 2788.8577909907326
0.6827879988122731, 2469.546016000095, 4.030582000268623, 5.9455550072016194, 29.03294999850914, 0.9986030054278672, 8.493493995047174, 2790.483917007805
0.7339590083574876, 2479.3881210061954, 4.072663999977522, 6.2765250040683895, 28.275004005990922, 0.9978909947676584, 8.418233002885245, 2805.8479269966483
0.7015059964032844, 2482.7943140116986, 4.030114010674879, 6.096080003771931, 28.931809996720403, 0.9568929963279516, 8.47606199386064, 2806.1676399956923
0.7223799912026152, 2471.7516359960428, 4.065070999786258, 6.233390013221651, 28.579555000760593, 0.8997819968499243, 8.365601999685168, 2793.033784997533
0.7085519901011139, 2473.7760459975107, 4.071485993335955, 6.163557001855224, 28.699422007775865, 0.9064030018635094, 8.331343997269869, 2799.1773239918984
0.7148160075303167, 2490.196218001074, 4.005347000202164, 6.011429999489337, 27.824502991279587, 0.8869699959177524, 8.419728008448146, 2821.244876002311
0.7155579951358959, 2463.0628660088405, 4.056557998410426, 6.052488010027446, 28.86111599218566, 0.8771779976086691, 8.362342006876133, 2786.8504479993135
0.6883570022182539, 2481.624487991212, 3.999791995738633, 5.840445010107942, 28.567115994519554, 0.9829789923969656, 8.444720006082207, 2804.718145998777
0.7118419889593497, 2514.7477420105133, 4.092267001396976, 6.380477992934175, 28.549709997605532, 0.9976519941119477, 8.28585600538645, 2838.513761991635
0.7049709965940565, 2482.185793996905, 4.052924006828107, 6.559813002240844, 29.7264529945096, 1.0002539929701015, 8.454865994281135, 2811.135608004406
0.7088819984346628, 2482.4012469907757, 4.144801991060376, 6.1750710010528564, 28.620286990189925, 0.9248429996659979, 8.460889992420562, 2815.3484399954323
0.7117480126908049, 2474.9121669883607, 4.087009991053492, 6.315469989203848, 28.97191999363713, 0.9096839930862188, 8.45211099658627, 2801.079053999274
0.6737410003552213, 2474.494155991124, 3.999587002908811, 6.349950999720022, 30.976579000707716, 0.9061119926627725, 8.513776992913336, 2829.603933991166
0.7105389959178865, 2481.5719519974664, 4.130770990741439, 6.33601400477346, 29.244789999211207, 0.9389580081915483, 8.3492169942474, 2806.1715990043012
0.7659289985895157, 2661.566765003954, 4.21709701186046, 6.3072960037970915, 30.29802600212861, 0.8782130025792867, 8.723438004381023, 3006.4267220004695
0.707343002432026, 2473.2165729947155, 3.979007000452839, 5.974166007945314, 28.39811600279063, 1.0850719991140068, 8.588790005887859, 2798.089606993017
0.7283620070666075, 2501.7013259930536, 4.116320997127332, 6.348733004415408, 28.005839994875714, 0.9289740119129419, 8.441386991762556, 2833.6670380085707
0.7070520077832043, 2504.0423440077575, 4.122865007957444, 6.24610400700476, 28.626161001739092, 0.971016997937113, 8.532445994205773, 2832.5352300016675
0.750052000512369, 2462.447741010692, 3.984427996329032, 6.3044559938134626, 29.603628994664177, 0.9976549918064848, 8.281262998934835, 2782.2173049935373
0.7420350011670962, 2502.0072199986316, 4.0715200011618435, 6.277052001678385, 29.543445009039715, 0.9865839965641499, 8.360767998965457, 2837.6105039933464
0.7203769928310066, 2484.769111004425, 4.058613005327061, 6.32563499675598, 28.724923002300784, 0.9021590085467324, 8.370454001124017, 2810.0812600023346
0.6994750001467764, 2491.0415089980233, 4.0794969972921535, 6.3342299981741235, 28.316370997345075, 0.8698230085428804, 8.309024007758126, 2814.1568419960095
0.7092360028764233, 2461.424620996695, 3.9744209934724495, 6.1509869992733, 28.21385199786164, 0.9030569926835597, 8.313505997648463, 2783.6245159996906
0.7547339919256046, 2486.2430700013647, 4.037131991935894, 6.497075999504887, 29.227387989521958, 1.0113839962286875, 8.337659994140267, 2808.623084012652
0.6978820019867271, 2535.10849000304, 4.1066600097110495, 6.269160003284924, 28.68920699984301, 0.9889770008157939, 8.450009001535363, 2877.476214998751
0.745928002288565, 2461.7848509951727, 4.027093993499875, 6.003688991768286, 28.35610600595828, 0.9440709982300177, 8.424093000940047, 2783.4060349996435
0.7226500019896775, 2492.9745059926063, 4.035778998513706, 6.049553005141206, 28.469347991631366, 0.8988689951365814, 8.33827699534595, 2819.2655489983736
0.7041950011625886, 2482.4319340114016, 4.076764002093114, 6.161340992548503, 28.95659398927819, 0.9328629967058077, 8.403600004385225, 2812.4242369958665
0.7131680031307042, 2494.0833860018756, 4.15562599664554, 6.22027600184083, 29.404663990135305, 0.8883159898687154, 8.460103999823332, 2828.3040239912225
0.7780479936627671, 2475.189760007197, 4.042604996357113, 6.523680000100285, 28.59929400437977, 0.9660700015956536, 8.496566995745525, 2804.377316002501
0.7054960005916655, 2481.2834760086844, 4.075062010088004, 6.15599199954886, 28.712494007777423, 0.9009630011860281, 8.365140005480498, 2809.1894639946986
0.7113230094546452, 2487.851326004602, 4.225640004733577, 6.150898989289999, 28.352948997053318, 0.8944220026023686, 8.363162996829487, 2820.3496119967895
0.7175259961513802, 2476.8457890022546, 4.050315008498728, 6.194689995027147, 28.88062699639704, 0.9651670115999877, 8.228917999076657, 2798.0983720044605
0.7252060022437945, 2469.270098998095, 4.068688998813741, 6.078059013816528, 28.534261989989318, 0.9270699956687167, 8.401337996474467, 2805.435607006075
0.7084329990902916, 2468.3377320034197, 3.9499330014223233, 6.214483000803739, 28.53603799303528, 0.8946919988375157, 8.376945988857187, 2791.62600300333
0.7600960088893771, 2489.5308630075306, 4.0529060061089694, 5.965054995613173, 28.822074993513525, 0.9470700024394318, 8.581911999499425, 2815.3149709978607
0.7093180029187351, 2479.42346399941, 4.086936998646706, 6.160381002700888, 28.77127900137566, 1.0293660016031936, 8.382190004340373, 2800.0447300000815
0.7160319946706295, 2527.832904001116, 4.180340998573229, 6.385443004546687, 29.608359007397667, 0.8755460003158078, 8.283935007057153, 2866.6394500032766
0.7207320013549179, 2462.8414879989577, 4.060782986925915, 6.262691007577814, 28.295365991652943, 0.8651630050735548, 8.280848007416353, 2793.9939279895043
0.7832700066501275, 2493.5879390104674, 4.050103001645766, 6.241713999770582, 28.520326013676822, 0.9833829972194508, 8.662945998366922, 2825.5197559919907
0.702000004821457, 2487.390267997398, 4.1706819902174175, 6.4701850060373545, 29.889541008742526, 0.9262000094167888, 8.17940800334327, 2810.22364499222
0.7125720003386959, 2518.749779002974, 4.10041501163505, 6.297230007476173, 28.78709499782417, 0.8843300020089373, 8.356571997865103, 2843.4923960012384
0.7272619986906648, 2488.3247850084445, 4.0321530104847625, 6.14662999578286, 28.91503799764905, 0.9259000071324408, 8.414641008130275, 2817.336615000386
0.7435630104737356, 2482.780806007213, 4.049019000376575, 6.212573003722355, 28.3213320071809, 0.8984989981399849, 8.337838997249492, 2812.368710001465
0.7263899897225201, 2489.83818499255, 4.080771002918482, 6.022991001373157, 28.879099001642317, 0.9130639955401421, 8.94946300832089, 2814.1353389946744
0.713692992576398, 2476.6462970001157, 3.9878029929241166, 6.123323997599073, 28.743185990606435, 0.9699929942144081, 8.377745005418546, 2806.46441000863
0.7133780018193647, 2488.7413480028044, 4.016674996819347, 6.350487994495779, 28.626853003515862, 0.9231550066033378, 8.389998009079136, 2817.111443000613
0.71272200148087, 2511.536359001184, 4.091138005605899, 6.264210009248927, 29.820761003065854, 0.887014000909403, 8.305904993903823, 2846.9594410125865
0.7033580041024834, 2479.897992001497, 4.01074999535922, 6.18510200001765, 28.447937991586514, 0.8260210015578195, 8.355208003195003, 2796.310864010593
0.6976489967200905, 2499.9442900007125, 4.164325000601821, 6.322745990473777, 29.16739099600818, 0.9251419978681952, 8.79119300225284, 2834.7847549885046
0.7416320004267618, 2477.895335992798, 4.018466002889909, 6.397307995939627, 29.227198989246972, 0.8922689885366708, 8.374470999115147, 2802.8353730042
0.7571669993922114, 2485.996741001145, 4.088633009814657, 6.155295995995402, 28.40855799149722, 0.9793060016818345, 8.427259002928622, 2814.6088420035085
0.7348749932134524, 2491.3612559903413, 4.077894991496578, 6.1755440110573545, 28.284754997002892, 1.0944520035991445, 8.391755007323809, 2817.060664005112
0.7193649944383651, 2475.619373988593, 4.066989000421017, 6.216982001205906, 28.921776000061072, 0.9570039983373135, 8.549449994461611, 2805.959231001907
0.6992920098127797, 2479.3676850094926, 4.091499009518884, 6.210345003637485, 28.538108002976514, 1.0600649984553456, 8.463146004942246, 2802.245901009883
0.719263989594765, 2471.4635090058437, 4.0263789996970445, 6.221996009116992, 28.482202003942803, 0.9830820054048672, 8.303766997414641, 2801.886569999624
0.7334969996009022, 2509.464949995163, 4.096039992873557, 6.048555005691014, 29.024221992585808, 0.914926000405103, 8.42379400273785, 2836.972233999404
0.7121140079107136, 2499.243132013362, 4.057048005051911, 5.894739995710552, 28.735126994433813, 0.9162939968518913, 8.262370989541523, 2829.0105199994287
0.69179899583105, 2496.305246997508, 4.033322999021038, 6.156753996037878, 28.62673699564766, 0.9114400018006563, 8.310266988701187, 2825.748833012767
0.7205680012702942, 2519.4150500028627, 4.079261998413131, 6.231350009329617, 28.814870995120145, 0.9582219936419278, 8.654430988826789, 2855.173621006543
0.7432699931086972, 2484.592941997107, 4.070045994012617, 6.0955399967497215, 28.472272999351844, 1.006010003038682, 8.496116002788767, 2806.317771988688
0.7200370018836111, 2479.5797289989423, 3.9993670070543885, 6.37159300094936, 28.753922000760213, 0.9431919897906482, 8.725894993403926, 2810.5793080030708
0.6965310021769255, 2504.908178001642, 4.158038005698472, 6.0280249890638515, 28.752284997608513, 1.036462010233663, 8.335289006936364, 2836.888383011683
0.7112900057109073, 2479.608116991585, 4.046917005325668, 6.354594006552361, 28.78862999205012, 0.9843409934546798, 8.56362200283911, 2797.8847850026796
0.7228350004879758, 2477.7782970049884, 4.061262006871402, 5.9586529969237745, 28.31734401115682, 0.9186889947159216, 8.324278998770751, 2803.125890000956
0.6969539972487837, 2491.877588996431, 4.078729994944297, 6.309638993116096, 28.330747998552397, 0.9262740059057251, 8.311848010635003, 2826.479035007651
0.7126510026864707, 2478.7780920014484, 4.053424010635354, 5.904695004574023, 28.578875004313886, 0.9564670035615563, 8.406847991864197, 2792.9243090038653
0.7017720054136589, 2468.705329010845, 4.04862999857869, 6.0475080099422485, 28.502467001089826, 0.8960600098362193, 8.358617997146212, 2797.977947993786
0.7173719932325184, 2480.944487004308, 4.099609999684617, 6.320554006379098, 28.7866200087592, 0.99200799013488, 8.746983992750756, 2808.7913369963644
0.7101169903762639, 2497.851975989761, 4.076719007571228, 6.437887001084164, 29.144382002414204, 1.0031620040535927, 8.456637006020173, 2826.5620390011463
0.7352099928539246, 2558.1780899956357, 4.209279009955935, 6.026143993949518, 28.85388399590738, 0.960625009611249, 8.442587000899948, 2900.137945005554
0.7334090041695163, 2479.115550988354, 4.0631320007378235, 6.064100001822226, 28.73195899883285, 0.9059150033863261, 8.1024879909819, 2802.066718999413
0.7243709987960756, 2509.4702640053583, 4.015810001874343, 6.137991993455216, 28.189025993924588, 0.9770709875738248, 8.712561000720598, 2833.8317510060733
0.6893319950904697, 2472.355264995713, 4.008374991826713, 6.005289003951475, 28.043479003827088, 0.848714989842847, 8.235718007199466, 2802.03504099336
0.7510620052926242, 2485.260007000761, 4.019401007099077, 6.260815993300639, 29.080002001137473, 0.964887993177399, 8.566090997192077, 2816.651337998337
0.7414700085064396, 2504.311388998758, 4.118242999538779, 6.1619359912583604, 28.632522007683292, 0.9859630081336945, 8.633778998046182, 2833.232691991725
0.7200899999588728, 2478.8693229929777, 4.046506990562193, 6.54579300316982, 28.40811300848145, 0.932755006942898, 8.489568004733883, 2806.8201200076146
0.6773820059606805, 2498.818924999796, 4.152426001382992, 6.36060000397265, 28.23037200141698, 0.9642929944675416, 8.416182012297213, 2835.5631440063007
0.7147169962991029, 2479.5579479978187, 4.028183000627905, 6.367017995216884, 29.01338400261011, 0.877412996487692, 8.346948990947567, 2809.2165340058273
0.8164440077962354, 2498.326390996226, 4.187041995464824, 6.2633479974465445, 28.97689900419209, 0.9254019969375804, 8.332725003128871, 2827.3134409973864
0.6994660070631653, 2478.1788190011866, 4.012194011011161, 6.170339998789132, 28.546526009449735, 1.093756000045687, 8.426651998888701, 2804.5383649878204
0.8346749964402989, 2559.0661879978143, 4.223003998049535, 6.258897003135644, 28.435631989850663, 0.9576119919074699, 8.560109999962151, 2896.733856003266
0.7133070030249655, 2496.5948030003347, 4.020281994598918, 6.282259011641145, 28.699566988507286, 1.020201001665555, 8.578754001064226, 2829.7751420032
0.6959989987080917, 2504.707068990683, 4.073693009559065, 5.953699990641326, 28.95955699204933, 0.8768150000832975, 8.769829000812024, 2828.7037080008304
0.7169150048866868, 2486.957686007372, 4.038643004605547, 6.0342070064507425, 28.8128370011691, 0.8996380056487396, 8.32271900435444, 2814.2471890023444
0.6901929882587865, 2453.2733710075263, 4.028805997222662, 5.789803006337024, 27.89092800230719, 0.9630249987822026, 8.378293001442216, 2776.4458089950494
0.7403030031127855, 2484.8227059992496, 4.16759800282307, 5.944728007307276, 28.740798006765544, 0.9217970073223114, 8.350374002475291, 2807.767177000642
0.7003420032560825, 2473.2532130001346, 4.108187000383623, 5.9943009982816875, 28.195177001180127, 0.9034260001499206, 8.387976995436475, 2801.7784130061045
0.8266399963758886, 2491.5026489907177, 4.067285000928678, 5.880026990780607, 28.81533099571243, 0.9361340053146705, 9.329959997558035, 2823.4820820071036
0.7157100044423714, 2488.6033369984943, 3.983860995504074, 6.089946007705294, 28.61736800696235, 0.8945099980337545, 8.350957999937236, 2815.1237800047966
0.7080389914335683, 2474.4568320020335, 3.9774109900463372, 5.838458004291169, 28.825959001551382, 0.933668008656241, 8.407490007812157, 2797.594221003237
0.7394190033664927, 2492.827374007902, 4.011957993498072, 5.966520999209024, 28.830185998231173, 0.8537950052414089, 8.514130997355096, 2822.133738998673
0.7460359920514748, 2461.693916004151, 4.135602997848764, 6.315872000413947, 27.95452300051693, 0.9237539925379679, 8.590691999415867, 2794.5143029937753
0.7058079936541617, 2483.1311010057107, 4.056449004565366, 6.28735100326594, 28.370106010697782, 0.9565289947204292, 8.850534999510273, 2811.865889991168
0.7182050030678511, 2483.5125639947364, 4.029941002954729, 6.250221005757339, 28.530891999253072, 0.8711889968253672, 8.38781800121069, 2817.7238079952076
0.6991260015638545, 2464.299419996678, 4.047655005706474, 6.2729189958190545, 28.552042989758775, 0.9341909899376333, 8.343698995304294, 2787.4516919982852
0.7038769981591031, 2488.2345700025326, 4.042612010380253, 5.969114994513802, 28.235805992153473, 0.9659750066930428, 8.685754000907764, 2823.7194959947374
0.723584002116695, 2556.741680993582, 4.156734008574858, 6.222501993761398, 29.35468399664387, 0.9985389915527776, 8.34277700050734, 2893.214290990727
0.739817987778224, 2499.647581993486, 4.083603998878971, 6.552148988703266, 28.9539739897009, 1.0489400010555983, 8.46195399935823, 2827.2652800078504
0.7219760009320453, 2476.128886992228, 4.054796998389065, 6.3289679965237156, 28.805356996599585, 1.0100810031872243, 8.591147998231463, 2800.93848699471
0.6989309913478792, 2504.0083569911076, 4.128980988753028, 6.195611000293866, 28.583410996361636, 0.861360997078009, 8.44138499815017, 2835.0966770085506
0.7284729945240542, 2490.722284986987, 4.068843001732603, 6.180878990562633, 28.987679004785605, 0.9594080038368702, 8.415788994170725, 2820.310659997631
0.6951230025151744, 2487.259294008254, 4.064189997734502, 6.331401003990322, 28.553669995744713, 0.857047998579219, 8.339379011886194, 2814.8572880018037
0.6872009980725124, 2509.0160469990224, 4.216563000227325, 6.0965150041738525, 28.643591998843476, 0.9689870057627559, 8.534840992069803, 2845.5494529916905
0.7487330003641546, 2473.2304259960074, 4.086197994183749, 6.156692004879005, 28.25962600763887, 0.8854589978000149, 8.454794995486736, 2798.878119006986
0.7095600012689829, 2482.101314002648, 4.057234997162595, 6.282606002059765, 28.603572995052673, 0.9115169959841296, 8.487344995955937, 2803.5905409924453
0.6792229978600517, 2478.8785919954535, 3.990340992459096, 6.365462992107496, 28.604956998606212, 0.9247039997717366, 8.301463007228449, 2802.5548459991114
0.715526010026224, 2487.3898009973345, 4.141577999689616, 6.351203992380761, 29.189050997956656, 0.9087979997275397, 8.513053006026894, 2813.4669959981693
0.7562309911008924, 2493.5886550083524, 4.060706007294357, 6.154485992738046, 28.362008000840433, 0.9026749903568998, 8.764582002186216, 2831.137624991243
0.733053995645605, 2484.262507990934, 4.06873800966423, 5.849442997714505, 28.67841799161397, 0.960568999289535, 8.83611899917014, 2818.353830007254
0.7128569995984435, 2500.100453005871, 4.064582011778839, 6.358334998367354, 29.49106400774326, 1.019528994220309, 8.327321003889665, 2824.6704589982983
0.6943170010345057, 2479.9967739963904, 4.101769998669624, 6.171860994072631, 28.347996005322784, 0.985904989647679, 8.495442001731135, 2811.0697319934843
0.7238950056489557, 2486.77532900183, 4.015828992123716, 6.429778994061053, 28.041028999723494, 1.0052690049633384, 8.494904002873227, 2805.894459001138
0.6857719999970868, 2460.481130008702, 4.0123090002452955, 6.176877010148019, 28.385619996697642, 0.8787090046098456, 8.364541994524188, 2783.6531339999055
0.7000059995334595, 2484.1948349931045, 4.051772004459053, 6.308590993285179, 27.89166200091131, 0.9897240088321269, 8.202744997106493, 2803.8956000091275
0.6890399963594973, 2515.681992008467, 4.099637997569516, 6.025377995683812, 28.498311003204435, 0.8583509916206822, 8.319765998749062, 2851.7360419937177
0.7173949998104945, 2468.6496130016167, 3.9979680004762486, 6.23925898980815, 28.87559299415443, 0.9318280062871054, 8.421144011663273, 2788.735872003599
0.7061079959385097, 2488.6762630048906, 4.077264005900361, 6.340289997751825, 28.965997000341304, 0.8818729984341189, 8.420577010838315, 2822.6014520041645
0.712088993168436, 2533.816958006355, 4.185230005532503, 6.383592000929639, 28.80236299824901, 0.9339800017187372, 8.401116007007658, 2871.0583749925718
0.7042119977995753, 2490.1314900052967, 4.030377007438801, 6.396052005584352, 28.82632899854798, 1.0027740063378587, 8.422726998105645, 2818.1580240052426
0.752352993004024, 2507.4705549923237, 4.1202009888365865, 6.388120003975928, 29.624193004565313, 0.9470520017202944, 8.746763996896334, 2830.765181002789
0.6923799955984578, 2490.0896250037476, 4.054209988680668, 6.2900109915062785, 29.001015005633235, 1.0173990012845024, 8.625444010249339, 2815.983969005174
0.7041709905024618, 2502.3785960074747, 4.052992007927969, 6.374868011334911, 29.482814992661588, 0.8955619996413589, 8.867437005392276, 2839.464995005983
0.7214640063466504, 2490.946081990842, 4.089309994014911, 6.060336003429256, 27.997887998935767, 0.8779469935689121, 8.256650995463133, 2817.691479009227
0.710355001501739, 2479.0887019917136, 4.08391299424693, 6.234987988136709, 28.89083800255321, 0.956589006818831, 8.357553000678308, 2806.445705005899
0.723203003872186, 2475.527789007174, 4.030497002531774, 6.299154003500007, 28.995221000513993, 0.9735450003063306, 8.581026995670982, 2803.1620450055925
0.7061850046738982, 2484.7392439987743, 4.054043005453423, 6.171693006763235, 28.58634699077811, 1.0187619918724522, 8.473841997329146, 2807.0175839966396
0.7159270026022568, 2494.8000219883397, 4.0727330051595345, 6.429807996028103, 28.51952999481, 0.9600750054232776, 8.320378008647822, 2822.771608000039
0.6729739980073646, 2509.337397001218, 4.114699986530468, 6.240992996026762, 28.506318005383946, 0.9131870028795674, 8.476939008687623, 2826.0873760009417
0.6863790040370077, 2472.0625810005004, 3.980232009780593, 6.339949002722278, 28.56128799612634, 0.883650005562231, 8.344410991412587, 2789.101561997086
0.6843990122433752, 2472.7750809979625, 4.003534006187692, 6.316686005447991, 28.34235101181548, 0.9847350011114031, 8.472832007100806, 2797.341690995381
0.7113339961506426, 2483.384733001003, 4.074928001500666, 6.29246499738656, 28.43237400520593, 0.9470510121900588, 8.633602992631495, 2814.6178899914958
0.7292000082088634, 2491.637721002917, 4.108128006919287, 6.142828002339229, 28.824697990785353, 0.9754869970493019, 8.530913008144125, 2814.432739993208
0.6866309995530173, 2492.068837003899, 4.042082990054041, 6.531457998789847, 28.84032799920533, 0.9892970119835809, 8.500768992234953, 2824.3646129994886
0.7638460083398968, 2472.6379080093466, 4.113290007808246, 5.970939004328102, 28.75028899870813, 1.02481700014323, 8.471067994832993, 2797.171432990581
0.7026089879218489, 2499.0694989974145, 4.1113670013146475, 6.29011400451418, 29.029506011283956, 0.8953250071499497, 8.28463000652846, 2823.192857991671
0.7263790030265227, 2483.821909991093, 4.046592992381193, 6.159819997265004, 28.60247799253557, 0.9502799948677421, 8.346459013409913, 2816.105953999795
0.7192959892563522, 2491.181151010096, 4.08912000420969, 6.256704000406899, 29.056616011075675, 0.9674100001575425, 8.301816997118294, 2820.8174790052
0.7588149892399088, 2472.6462480030023, 4.007655006716959, 6.246680000913329, 29.02972999436315, 0.942693994147703, 8.350029995199293, 2795.1483950018883
0.7315340044442564, 2498.1684839876834, 4.146965991822071, 6.027294002706185, 28.590066998731345, 0.9070369997061789, 8.403920990531333, 2830.3581350046443
0.7051769935060292, 2492.8543509886367, 4.148890991928056, 6.123985003796406, 28.842915009590797, 0.8746320090722293, 8.614347010734491, 2820.1176730071893
0.7036449969746172, 2484.8364550125552, 4.02032199781388, 6.152379006380215, 27.949718001764268, 0.9354040084872395, 8.363708999240771, 2810.346436002874
0.7400199974654242, 2470.488988998113, 4.056132995174266, 6.186252998304553, 29.241317010018975, 0.8929510076995939, 8.455205999780446, 2798.9637129940093
0.7040320051601157, 2474.883297996712, 4.0266790019813925, 6.216221008799039, 28.777683997759596, 1.0256789973936975, 8.388287998968735, 2800.7239289872814
0.7063439988996834, 2490.8736710058292, 4.122008002013899, 6.401459002518095, 29.35918299772311, 0.9111940016737208, 8.446694992017001, 2823.3711150096497
0.7220739935291931, 2480.93794399756, 4.002622998086736, 6.335700993076898, 29.036703999736346, 0.9855060052359477, 8.264973002951592, 2790.1197080063866
0.7203169952845201, 2477.5028479925822, 4.0532249986426905, 6.2601399986306205, 28.593665003427304, 0.8862929971655831, 8.434218005277216, 2804.5298629876925
0.7106870034476742, 2471.317479998106, 4.039852996356785, 6.376008008373901, 28.76111399382353, 1.0237910028081387, 8.702349994564429, 2795.891699002823
0.7629790052305907, 2494.190236000577, 4.004053000244312, 6.491901993285865, 29.712875999393873, 0.9192959987558424, 8.337025006767362, 2816.4073030056898
0.7081049989210442, 2487.112432005233, 4.036680998979136, 6.02890900336206, 28.55415499652736, 0.8769839914748445, 8.68035499297548, 2805.803229988669
0.7127699936972931, 2485.0143660005415, 4.0510440012440085, 5.961210990790278, 28.691719999187626, 0.9983240015571937, 8.335203005117364, 2798.757803000626
0.7195899961516261, 2485.482828997192, 4.0634680044604465, 6.52215100126341, 28.25028200459201, 0.8943979919422418, 8.24932599789463, 2819.958981999662
0.6968530069570988, 2493.6986719985725, 4.076488999999128, 6.1993220006115735, 29.019495996180922, 0.9025320032378659, 8.449809000012465, 2821.9549779896624
0.7064170058583841, 2463.8512749952497, 4.06939499953296, 6.232245999854058, 28.550646995427087, 0.9902099991450086, 8.456002004095353, 2787.0614739949815
0.6822040013503283, 2459.7931989992503, 4.000542001449503, 6.288150005275384, 28.38003699434921, 0.9110710088862106, 8.303416994749568, 2792.5348919961834
0.7411770056933165, 2533.258951996686, 4.232791005051695, 6.145045001176186, 28.348243999062106, 0.8361729996977374, 8.328666997840628, 2868.663289002143
0.7102730014594272, 2491.4963399933185, 4.079976992215961, 6.233783991774544, 28.731698999763466, 0.9616449970053509, 8.471780995023437, 2809.5707580068847
0.6846190080977976, 2458.725743999821, 4.042494998429902, 6.215026995050721, 28.74175101169385, 0.8961580024333671, 8.352830001967959, 2786.568668001564
0.7327729981625453, 2465.0532540108543, 4.048767004860565, 6.250439997529611, 28.617080999538302, 0.9102340118261054, 8.352509001269937, 2786.087608008529
0.6996989977778867, 2491.961491992697, 4.084162006620318, 6.336616002954543, 29.353821999393404, 0.9163420036202297, 8.347944996785372, 2813.249162005377
0.7137309876270592, 2476.5765530028148, 4.091260008863173, 5.940671006101184, 28.797420993214473, 0.9171640122076496, 8.42704699607566, 2806.254486000398
0.7456620078301057, 2474.8004419961944, 3.999669002951123, 6.2443289934890345, 28.870750989881344, 0.930545007577166, 8.343806999619119, 2807.0760249975137
0.6882029992993921, 2481.7596960056107, 4.116216005058959, 6.16294500650838, 29.035667001153342, 0.9284300031140447, 8.399953992920928, 2812.764286994934
0.719301009667106, 2498.055144009413, 4.1015909955604, 6.063937995349988, 28.85348000563681, 0.9329329914180562, 8.273839004687034, 2827.5858479901217
0.7186909933807328, 2498.352775000967, 4.0583299996796995, 6.146367988549173, 27.786353006376885, 0.960062985541299, 8.272898005088791, 2826.5460889961105
0.7433409919030964, 2487.1966799983056, 4.11738600814715, 6.310600001597777, 28.741597998305224, 0.9486769995419309, 8.4176340023987, 2818.703740995261
0.7338350114878267, 2494.2897290020483, 4.072429990628734, 6.247795012313873, 28.572468989295885, 1.022165990434587, 8.52119899354875, 2824.1407940076897
0.7284269959200174, 2490.556196004036, 4.0509500104235485, 6.295282000792213, 29.329837998375297, 0.9127880039159209, 8.361469997907989, 2822.407962012221
0.700655989930965, 2477.6600129989674, 4.007451003417373, 6.329519004793838, 29.054837010335177, 0.970749999396503, 8.53207400359679, 2803.3547840022948
0.711159998900257, 2464.723754004808, 4.013814992504194, 6.057528997189365, 28.69274299882818, 0.9901750017888844, 8.541561997844838, 2780.6058340065647
0.7186470029409975, 2484.471209012554, 4.046524001751095, 6.322756002191454, 29.550530001870357, 0.9555750002618879, 8.417834003921598, 2819.282120995922
0.6907030037837103, 2478.2071779918624, 4.013807003502734, 6.293857004493475, 28.6888860136969, 0.9624950034776703, 8.37580900406465, 2804.351257000235
0.7127230055630207, 2539.7078009991674, 4.097150987945497, 6.128300999989733, 29.595856001833454, 0.9313320042565465, 8.420407000812702, 2869.700228999136
0.690678003593348, 2464.2768259946024, 3.9902319986140355, 6.321305001620203, 28.874718002043664, 0.8828270074445754, 8.282441995106637, 2786.159316994599
0.7069049897836521, 2478.3356489933794, 4.072028998052701, 6.405720007023774, 28.694444001303054, 1.0136960045201704, 8.395129989366978, 2807.752860011533
0.7316070114029571, 2476.03968999465, 4.097584998817183, 6.2170559976948425, 28.73797899519559, 0.9401739953318611, 8.306004994665273, 2801.2185499974294
0.6994129944359884, 2504.833591010538, 4.117522010346875, 5.992143007460982, 28.66239800641779, 1.0472559952177107, 8.699687008629553, 2842.2337240044726
0.7243190048029646, 2501.901148003526, 4.101771002751775, 6.004390990710817, 28.406395998899825, 0.891392002813518, 8.273788000224158, 2832.14150799904
0.6988399982219562, 2516.2636960012605, 4.098118995898403, 6.1609709955519065, 28.085712998290546, 0.9976430010283366, 8.30460200086236, 2845.7614890066907
0.6972009869059548, 2484.2328680097125, 4.012395002064295, 6.081489002099261, 28.484420996392146, 0.9620329947210848, 8.415792995947413, 2805.481837000116
0.7151330064516515, 2496.263300010469, 4.102584003703669, 5.929250008193776, 28.468591001001187, 0.8956940000643954, 8.431412992649712, 2825.968085002387
0.7080810028128326, 2477.022887003841, 3.993356993305497, 6.284742004936561, 28.64136300922837, 0.9952310065273196, 8.510920000844635, 2811.06542199268
0.7249289919855073, 2496.6997979936423, 4.03935500071384, 6.290320990956388, 28.7707809911808, 0.9405580058228225, 8.43936498858966, 2828.492136002751
0.7226979942061007, 2473.792554999818, 4.053208002005704, 6.400969999958761, 29.563868010882288, 0.9430900099687278, 8.442414997261949, 2796.2504730094224
0.7006660016486421, 2451.3912120019086, 4.093976007425226, 6.132864000392146, 28.729234007187188, 0.8884749986464158, 8.325461007189006, 2776.146657008212
0.7009609980741516, 2487.785922989133, 4.124768995097838, 6.3369590061483905, 29.05128699785564, 1.0064430098282173, 8.462464000331238, 2815.3970379935345
0.7408249948639423, 2486.7130069906125, 4.043345004902221, 6.419289988116361, 28.6855669983197, 0.9547450026730075, 8.176773000741377, 2824.6585970046
0.7167380099417642, 2500.7342850003624, 4.105029991478659, 6.171626999275759, 28.5940780013334, 0.9348510066047311, 8.359391998965293, 2831.059739997727
0.7079009956214577, 2458.4909090044675, 3.964539006119594, 6.5138490026583895, 29.186058993218467, 0.9294269984820858, 8.421844002441503, 2778.602473990759
0.6879290012875572, 2471.8035989935743, 3.9690100093139336, 6.287138996412978, 29.077325001708232, 0.9051649976754561, 8.764106998569332, 2798.9229600061662
