0.087738037109375, 2167.9584980010986, 0.04482269287109375, 4.029750823974609, 2.264261245727539, 32.39727020263672, 0.9882450103759766, 98.97017478942871, 776.5707969665527
0.09775161743164062, 2160.057306289673, 0.04649162292480469, 4.009246826171875, 2.214193344116211, 33.75816345214844, 1.1448860168457031, 70.25265693664551, 802.778959274292
0.10156631469726562, 2262.744188308716, 0.031948089599609375, 4.020214080810547, 2.157449722290039, 32.81068801879883, 1.0075569152832031, 95.7484245300293, 774.8465538024902
0.08916854858398438, 2165.8942699432373, 0.03790855407714844, 3.9746761322021484, 2.179384231567383, 32.97758102416992, 0.8933544158935547, 95.72196006774902, 776.7782211303711
0.08893013000488281, 2158.28275680542, 0.0324249267578125, 3.9806365966796875, 2.2368431091308594, 34.3625545501709, 1.0609626770019531, 96.3444709777832, 773.7264633178711
0.09822845458984375, 2167.902708053589, 0.033855438232421875, 4.1179656982421875, 2.1796226501464844, 33.2643985748291, 0.9441375732421875, 96.23026847839355, 774.6515274047852
0.0896453857421875, 2171.816825866699, 0.04553794860839844, 4.0035247802734375, 2.266407012939453, 34.03139114379883, 1.0023117065429688, 96.11177444458008, 778.1844139099121
0.11157989501953125, 2234.433650970459, 0.043392181396484375, 4.157304763793945, 2.1867752075195312, 33.310890197753906, 0.9560585021972656, 95.01409530639648, 785.5494022369385
0.08821487426757812, 2158.7347984313965, 0.045299530029296875, 3.996133804321289, 2.2034645080566406, 33.351898193359375, 0.8478164672851562, 70.33157348632812, 801.4044761657715
0.08726119995117188, 2166.804790496826, 0.03314018249511719, 4.061222076416016, 2.2292137145996094, 33.684492111206055, 0.9400844573974609, 96.18687629699707, 775.7861614227295
0.10442733764648438, 2170.5636978149414, 0.04935264587402344, 4.034519195556641, 2.229452133178711, 33.949851989746094, 0.9613037109375, 95.46446800231934, 776.6849994659424
0.09918212890625, 2167.367696762085, 0.05650520324707031, 4.102468490600586, 2.1495819091796875, 32.49502182006836, 0.9667873382568359, 95.21317481994629, 776.033878326416
0.08821487426757812, 2182.558059692383, 0.0324249267578125, 4.085302352905273, 2.177000045776367, 33.75411033630371, 0.8502006530761719, 96.12226486206055, 780.8229923248291
0.09012222290039062, 2170.99928855896, 0.04935264587402344, 3.9916038513183594, 2.2411346435546875, 33.68878364562988, 1.0650157928466797, 95.53718566894531, 777.5967121124268
0.10967254638671875, 2157.6075553894043, 0.04220008850097656, 4.10914421081543, 2.2127628326416016, 34.06214714050293, 0.9002685546875, 96.09436988830566, 775.571346282959
0.08916854858398438, 2176.839828491211, 0.04506111145019531, 4.043817520141602, 2.2652149200439453, 34.07001495361328, 1.0800361633300781, 95.50976753234863, 781.0215950012207
0.09918212890625, 2206.806421279907, 0.050067901611328125, 4.144430160522461, 2.1696090698242188, 33.35404396057129, 0.9033679962158203, 95.37339210510254, 788.9034748077393
0.09942054748535156, 2151.654005050659, 0.03361701965332031, 3.990650177001953, 2.2132396697998047, 33.15854072570801, 0.9784698486328125, 96.13275527954102, 778.9695262908936
0.09799003601074219, 2218.836545944214, 0.05316734313964844, 4.07862663269043, 2.160310745239258, 33.61773490905762, 0.8814334869384766, 95.62301635742188, 773.8635540008545
0.08749961853027344, 2172.189950942993, 0.03266334533691406, 4.0836334228515625, 2.1719932556152344, 33.54930877685547, 0.9033679962158203, 95.57366371154785, 781.0115814208984
0.08845329284667969, 2153.5439491271973, 0.03337860107421875, 4.070281982421875, 2.1924972534179688, 33.426523208618164, 0.9202957153320312, 95.97587585449219, 773.92578125
0.08821487426757812, 2169.5919036865234, 0.03457069396972656, 4.119396209716797, 2.2253990173339844, 33.148765563964844, 0.8535385131835938, 95.46017646789551, 777.7142524719238
0.10013580322265625, 2171.815872192383, 0.024318695068359375, 4.06646728515625, 2.1975040435791016, 33.57267379760742, 1.1074542999267578, 96.22383117675781, 775.792121887207
0.09846687316894531, 2173.255681991577, 0.03361701965332031, 4.017829895019531, 2.1948814392089844, 33.147335052490234, 0.9009838104248047, 95.46208381652832, 774.822473526001
0.10824203491210938, 2151.994228363037, 0.04291534423828125, 4.023313522338867, 2.193927764892578, 33.64992141723633, 0.8997917175292969, 96.9393253326416, 787.0779037475586
0.09799003601074219, 2221.1384773254395, 0.047206878662109375, 4.080057144165039, 2.2535324096679688, 33.524274826049805, 0.8723735809326172, 95.04389762878418, 786.1955165863037
0.09632110595703125, 2300.295829772949, 0.042438507080078125, 3.9954185485839844, 2.231121063232422, 34.00373458862305, 0.8728504180908203, 97.03421592712402, 778.8476943969727
0.08821487426757812, 2186.034917831421, 0.05078315734863281, 4.09698486328125, 2.1805763244628906, 33.107757568359375, 0.8928775787353516, 97.34177589416504, 784.8005294799805
0.08726119995117188, 2204.6427726745605, 0.03337860107421875, 4.119873046875, 2.154111862182617, 33.159732818603516, 0.8513927459716797, 95.0009822845459, 783.1521034240723
0.09799003601074219, 2180.6201934814453, 0.041961669921875, 4.026651382446289, 2.2330284118652344, 32.5312614440918, 1.0874271392822266, 95.89886665344238, 779.5069217681885
0.11110305786132812, 2176.4938831329346, 0.0324249267578125, 4.070043563842773, 2.1431446075439453, 33.60748291015625, 0.8492469787597656, 95.1547622680664, 778.7270545959473
0.09679794311523438, 2177.6630878448486, 0.04363059997558594, 4.01759147644043, 2.179861068725586, 33.28347206115723, 0.9217262268066406, 95.55172920227051, 774.3630409240723
0.10013580322265625, 2158.616542816162, 0.04649162292480469, 4.044294357299805, 2.235889434814453, 33.44535827636719, 0.9291172027587891, 95.10254859924316, 775.8162021636963
0.08821487426757812, 2195.3341960906982, 0.034332275390625, 3.932952880859375, 2.2253990173339844, 34.365177154541016, 0.8726119995117188, 95.55673599243164, 773.2090950012207
0.08869171142578125, 2202.4455070495605, 0.051021575927734375, 4.1408538818359375, 2.2459030151367188, 33.73265266418457, 0.9975433349609375, 95.84999084472656, 782.3193073272705
0.10013580322265625, 2189.2638206481934, 0.046253204345703125, 3.9663314819335938, 2.180814743041992, 32.99427032470703, 1.0137557983398438, 95.20649909973145, 768.1665420532227
0.09512901306152344, 2186.6679191589355, 0.04553794860839844, 4.009485244750977, 2.202749252319336, 32.700300216674805, 0.9663105010986328, 94.90013122558594, 774.0228176116943
0.09846687316894531, 2184.8254203796387, 0.04744529724121094, 4.048824310302734, 2.20489501953125, 32.878875732421875, 0.8554458618164062, 95.05128860473633, 778.3510684967041
0.09918212890625, 2262.650728225708, 0.05078315734863281, 4.070281982421875, 2.233743667602539, 32.99140930175781, 1.0459423065185547, 95.11065483093262, 783.5493087768555
0.09989738464355469, 2214.5156860351562, 0.024318695068359375, 3.9942264556884766, 2.222776412963867, 33.39219093322754, 0.942230224609375, 94.16818618774414, 779.4697284698486
0.09942054748535156, 2207.263708114624, 0.06937980651855469, 4.075288772583008, 2.1560192108154297, 34.18684005737305, 0.8976459503173828, 94.89274024963379, 775.6094932556152
0.08988380432128906, 2252.36177444458, 0.045299530029296875, 4.096269607543945, 2.195119857788086, 32.31549263000488, 1.0156631469726562, 98.82569313049316, 775.6049633026123
0.08821487426757812, 2160.956621170044, 0.033855438232421875, 3.957033157348633, 2.187490463256836, 33.19430351257324, 0.9071826934814453, 96.5580940246582, 776.5710353851318
0.08845329284667969, 2172.683000564575, 0.03504753112792969, 4.00543212890625, 2.2618770599365234, 33.893585205078125, 0.9241104125976562, 95.66664695739746, 776.2939929962158
0.09751319885253906, 2174.9186515808105, 0.04291534423828125, 4.08935546875, 2.204418182373047, 33.61988067626953, 0.8859634399414062, 95.59297561645508, 781.41188621521
0.10895729064941406, 2161.752939224243, 0.032901763916015625, 4.032611846923828, 2.228260040283203, 33.128976821899414, 0.9212493896484375, 96.57144546508789, 775.2225399017334
0.11157989501953125, 2203.3791542053223, 0.03361701965332031, 4.037380218505859, 2.2652149200439453, 33.45823287963867, 0.9393692016601562, 95.09706497192383, 768.3916091918945
0.09799003601074219, 2252.809762954712, 0.04553794860839844, 4.019260406494141, 2.214193344116211, 33.61058235168457, 1.06048583984375, 96.60911560058594, 777.2595882415771
0.0858306884765625, 2167.093276977539, 0.04267692565917969, 4.030704498291016, 2.192258834838867, 33.91075134277344, 1.0302066802978516, 97.25093841552734, 777.0557403564453
0.08797645568847656, 2164.2203330993652, 0.05650520324707031, 4.029750823974609, 2.198457717895508, 33.603668212890625, 0.8437633514404297, 95.27277946472168, 774.5800018310547
0.10943412780761719, 2245.9630966186523, 0.044345855712890625, 4.052162170410156, 2.1924972534179688, 33.56003761291504, 0.9403228759765625, 95.9465503692627, 778.3944606781006
0.07700920104980469, 2174.7944355010986, 0.033855438232421875, 4.0721893310546875, 2.164125442504883, 33.232927322387695, 0.8966922760009766, 96.53449058532715, 775.1014232635498
0.09894371032714844, 2230.6697368621826, 0.05340576171875, 4.074335098266602, 2.187013626098633, 32.99379348754883, 1.0025501251220703, 95.81971168518066, 783.1270694732666
0.08893013000488281, 2234.342098236084, 0.04482269287109375, 4.019498825073242, 2.1305084228515625, 33.7216854095459, 0.9212493896484375, 96.14944458007812, 780.240535736084
0.09822845458984375, 2169.480085372925, 0.04363059997558594, 4.083156585693359, 2.2182464599609375, 32.860755920410156, 0.9531974792480469, 69.80443000793457, 804.879903793335
0.08749961853027344, 2183.1717491149902, 0.031948089599609375, 4.054069519042969, 2.246379852294922, 33.21695327758789, 0.9174346923828125, 95.09921073913574, 779.0300846099854
0.10371208190917969, 2178.7519454956055, 0.044345855712890625, 4.035472869873047, 2.257823944091797, 32.967329025268555, 0.9529590606689453, 95.19553184509277, 779.8910140991211
0.09989738464355469, 2156.7065715789795, 0.03790855407714844, 3.991365432739258, 2.1805763244628906, 33.32805633544922, 0.8616447448730469, 69.80633735656738, 799.0119457244873
0.08678436279296875, 2168.9743995666504, 0.0324249267578125, 4.07862663269043, 2.2470951080322266, 33.90002250671387, 1.134634017944336, 95.69025039672852, 774.0211486816406
0.10180473327636719, 2231.62579536438, 0.03361701965332031, 4.090070724487305, 2.1970272064208984, 33.0348014831543, 0.9610652923583984, 95.91174125671387, 802.0424842834473
0.110626220703125, 2262.9647254943848, 0.05888938903808594, 4.0531158447265625, 2.1643638610839844, 32.41229057312012, 0.8854866027832031, 95.82853317260742, 779.9501419067383
0.09989738464355469, 2181.0896396636963, 0.049591064453125, 4.0416717529296875, 2.1767616271972656, 33.88094902038574, 1.024484634399414, 96.19855880737305, 779.2270183563232
0.08869171142578125, 2169.262647628784, 0.051021575927734375, 4.075288772583008, 2.2046566009521484, 33.75530242919922, 1.0859966278076172, 95.85022926330566, 777.4965763092041
0.08702278137207031, 2174.1111278533936, 0.0324249267578125, 4.019737243652344, 2.254009246826172, 33.45537185668945, 0.9222030639648438, 95.19624710083008, 779.9282073974609
0.087738037109375, 2170.1979637145996, 0.023603439331054688, 4.019021987915039, 2.166748046875, 33.145904541015625, 1.0788440704345703, 94.94972229003906, 773.7617492675781
0.09775161743164062, 2252.1426677703857, 0.0324249267578125, 4.020452499389648, 2.206563949584961, 32.494544982910156, 0.9031295776367188, 94.17605400085449, 775.977611541748
0.09965896606445312, 2176.259756088257, 0.049114227294921875, 4.075765609741211, 2.1619796752929688, 33.063650131225586, 1.1379718780517578, 95.80326080322266, 778.3544063568115
0.09846687316894531, 2196.014404296875, 0.04649162292480469, 4.171848297119141, 2.174854278564453, 33.869028091430664, 1.0280609130859375, 95.4580307006836, 777.5323390960693
0.09775161743164062, 2178.0877113342285, 0.032901763916015625, 4.112958908081055, 2.269744873046875, 32.93943405151367, 0.8807182312011719, 96.28415107727051, 779.7584533691406
0.0896453857421875, 2279.8073291778564, 0.03361701965332031, 4.163503646850586, 2.3109912872314453, 33.644914627075195, 0.8394718170166016, 95.5357551574707, 809.9350929260254
0.11181831359863281, 2175.1575469970703, 0.03266334533691406, 4.0531158447265625, 2.198934555053711, 32.96542167663574, 0.9090900421142578, 95.42012214660645, 775.4340171813965
0.09560585021972656, 2191.661834716797, 0.0553131103515625, 4.048824310302734, 2.2096633911132812, 33.81013870239258, 0.8847713470458984, 95.41559219360352, 781.3644409179688
0.1087188720703125, 2135.4472637176514, 0.04315376281738281, 3.9238929748535156, 2.2008419036865234, 33.582448959350586, 0.92315673828125, 96.18830680847168, 765.1338577270508
0.11301040649414062, 2171.323776245117, 0.023603439331054688, 3.9434432983398438, 2.1643638610839844, 33.44130516052246, 0.980377197265625, 96.46892547607422, 778.9874076843262
0.09894371032714844, 2186.108112335205, 0.043392181396484375, 4.024028778076172, 2.2041797637939453, 33.214569091796875, 0.9143352508544922, 94.73896026611328, 768.9125537872314
0.08654594421386719, 2175.6653785705566, 0.03266334533691406, 4.037618637084961, 2.2509098052978516, 34.22093391418457, 1.1425018310546875, 99.60508346557617, 772.8707790374756
0.08177757263183594, 2174.255132675171, 0.03457069396972656, 4.060029983520508, 2.1843910217285156, 33.18333625793457, 0.9317398071289062, 96.29654884338379, 776.8881320953369
0.10895729064941406, 2153.1479358673096, 0.0438690185546875, 3.9746761322021484, 2.2125244140625, 33.30683708190918, 0.9262561798095703, 95.18694877624512, 768.0327892303467
0.10275840759277344, 2159.8100662231445, 0.05078315734863281, 4.036664962768555, 2.177715301513672, 33.3561897277832, 1.2357234954833984, 95.56198120117188, 768.9220905303955
0.09965896606445312, 2195.9636211395264, 0.04482269287109375, 4.097461700439453, 2.1910667419433594, 32.9132080078125, 0.9205341339111328, 95.72625160217285, 776.099681854248
0.11181831359863281, 2214.592218399048, 0.03337860107421875, 4.104375839233398, 2.2211074829101562, 33.74886512756348, 1.0743141174316406, 96.77338600158691, 779.8318862915039
0.09942054748535156, 2181.2820434570312, 0.04482269287109375, 4.092693328857422, 2.269268035888672, 33.132076263427734, 0.9596347808837891, 94.82121467590332, 770.3127861022949
0.09822845458984375, 2215.048313140869, 0.04482269287109375, 4.042625427246094, 2.184152603149414, 33.069610595703125, 0.9403228759765625, 95.23224830627441, 772.2859382629395
0.09632110595703125, 2245.7995414733887, 0.033855438232421875, 4.026174545288086, 2.281665802001953, 34.435272216796875, 0.9546279907226562, 95.60012817382812, 774.794340133667
0.10919570922851562, 2182.9352378845215, 0.03409385681152344, 3.9751529693603516, 2.136707305908203, 33.22410583496094, 0.8566379547119141, 95.46971321105957, 777.5123119354248
0.08845329284667969, 2161.9038581848145, 0.05650520324707031, 3.9832592010498047, 2.171754837036133, 33.545732498168945, 0.9377002716064453, 70.01185417175293, 801.2657165527344
0.1010894775390625, 2162.1315479278564, 0.0438690185546875, 4.067659378051758, 2.1953582763671875, 33.55264663696289, 0.9100437164306641, 99.1830825805664, 772.937536239624
0.08845329284667969, 2175.84490776062, 0.03314018249511719, 4.0035247802734375, 2.2192001342773438, 33.721923828125, 1.0251998901367188, 96.20285034179688, 780.3268432617188
0.087738037109375, 2229.719638824463, 0.03361701965332031, 3.9250850677490234, 2.1898746490478516, 33.321380615234375, 0.972747802734375, 94.54488754272461, 773.1146812438965
0.11038780212402344, 2155.1132202148438, 0.02288818359375, 3.941059112548828, 2.155303955078125, 33.44869613647461, 0.9114742279052734, 95.18957138061523, 768.4438228607178
0.10061264038085938, 2176.5120029449463, 0.033855438232421875, 3.9949417114257812, 2.155303955078125, 32.59897232055664, 0.8683204650878906, 95.87311744689941, 775.3393650054932
0.09965896606445312, 2173.0403900146484, 0.03337860107421875, 4.00233268737793, 2.1529197692871094, 33.23769569396973, 0.8981227874755859, 94.68674659729004, 777.9531478881836
0.08726119995117188, 2226.6523838043213, 0.03337860107421875, 4.00233268737793, 2.2270679473876953, 33.45799446105957, 0.8797645568847656, 95.80349922180176, 775.2046585083008
0.09894371032714844, 2246.9217777252197, 0.04792213439941406, 4.001379013061523, 2.175569534301758, 33.113718032836914, 1.0075569152832031, 98.47021102905273, 777.3177623748779
0.09894371032714844, 2183.090925216675, 0.041961669921875, 4.102468490600586, 2.2280216217041016, 33.559560775756836, 0.8971691131591797, 95.63541412353516, 785.1500511169434
0.12350082397460938, 2164.255380630493, 0.032901763916015625, 3.9741992950439453, 2.163410186767578, 32.73940086364746, 0.9789466857910156, 98.92988204956055, 776.6072750091553
0.08869171142578125, 2151.1874198913574, 0.033855438232421875, 4.012823104858398, 2.207040786743164, 32.8974723815918, 0.8833408355712891, 95.9775447845459, 770.6012725830078
0.087738037109375, 2155.4386615753174, 0.04553794860839844, 4.031658172607422, 2.2401809692382812, 33.316850662231445, 0.8549690246582031, 95.42250633239746, 771.7604637145996
0.08749961853027344, 2215.7232761383057, 0.04696846008300781, 4.072427749633789, 2.1729469299316406, 33.6759090423584, 1.1563301086425781, 96.47917747497559, 788.2049083709717
0.09965896606445312, 2193.134307861328, 0.024557113647460938, 3.988981246948242, 2.2182464599609375, 33.933401107788086, 0.8988380432128906, 95.01290321350098, 780.4617881774902
0.08678436279296875, 2174.180030822754, 0.031948089599609375, 3.985166549682617, 2.163410186767578, 33.71167182922363, 0.9021759033203125, 94.88415718078613, 771.8105316162109
0.087738037109375, 2185.3549480438232, 0.04506111145019531, 4.104852676391602, 2.2690296173095703, 33.28251838684082, 0.8809566497802734, 95.69334983825684, 782.8967571258545
0.09942054748535156, 2190.4866695404053, 0.050067901611328125, 4.027843475341797, 2.257823944091797, 33.50996971130371, 0.9436607360839844, 71.20013236999512, 810.8642101287842
0.08702278137207031, 2158.9555740356445, 0.04696846008300781, 4.145145416259766, 2.197742462158203, 32.90200233459473, 0.9825229644775391, 96.54688835144043, 774.5306491851807
0.10800361633300781, 2296.2756156921387, 0.045299530029296875, 4.0912628173828125, 2.243518829345703, 33.29920768737793, 0.9777545928955078, 95.6263542175293, 791.8386459350586
0.10061264038085938, 2170.611619949341, 0.03147125244140625, 4.045963287353516, 2.265453338623047, 32.79829025268555, 0.8950233459472656, 96.3888168334961, 774.782657623291
0.08702278137207031, 2160.2442264556885, 0.04458427429199219, 4.036426544189453, 2.195119857788086, 33.45346450805664, 0.9124279022216797, 95.72482109069824, 773.8771438598633
0.08726119995117188, 2278.729200363159, 0.04649162292480469, 4.003763198852539, 2.1576881408691406, 32.717227935791016, 1.0685920715332031, 99.52092170715332, 775.001049041748
0.09870529174804688, 2149.858236312866, 0.03457069396972656, 3.931283950805664, 2.173185348510742, 33.15472602844238, 0.9844303131103516, 94.59567070007324, 771.3785171508789
0.11324882507324219, 2166.576385498047, 0.04482269287109375, 4.065036773681641, 2.193927764892578, 33.43796730041504, 0.9434223175048828, 95.52812576293945, 774.787425994873
0.10824203491210938, 2181.2400817871094, 0.03266334533691406, 3.9734840393066406, 2.3407936096191406, 33.376455307006836, 0.9884834289550781, 96.60983085632324, 774.470329284668
0.09918212890625, 2229.2356491088867, 0.024318695068359375, 3.983020782470703, 2.206563949584961, 32.63235092163086, 0.9362697601318359, 98.59061241149902, 769.2611217498779
0.10752677917480469, 2162.547826766968, 0.05555152893066406, 4.040241241455078, 2.2172927856445312, 32.81092643737793, 0.9512901306152344, 95.25918960571289, 774.7979164123535
0.08797645568847656, 2164.8545265197754, 0.04315376281738281, 4.045963287353516, 2.1848678588867188, 33.338308334350586, 0.9763240814208984, 97.42879867553711, 775.7289409637451
0.09751319885253906, 2197.1850395202637, 0.04482269287109375, 4.020452499389648, 2.2194385528564453, 32.75942802429199, 0.9868144989013672, 96.11845016479492, 781.2750339508057
0.08869171142578125, 2299.49951171875, 0.02384185791015625, 3.9756298065185547, 2.170562744140625, 33.08701515197754, 0.8990764617919922, 95.87502479553223, 783.4551334381104
0.10037422180175781, 2163.1903648376465, 0.04601478576660156, 4.013299942016602, 2.2192001342773438, 33.338308334350586, 0.9222030639648438, 94.21896934509277, 774.7483253479004
0.11086463928222656, 2165.5914783477783, 0.05555152893066406, 3.985881805419922, 2.2056102752685547, 32.72747993469238, 0.9784698486328125, 95.62230110168457, 765.2692794799805
0.08845329284667969, 2236.6487979888916, 0.03314018249511719, 4.065990447998047, 2.281665802001953, 33.13493728637695, 0.9818077087402344, 96.43006324768066, 780.7908058166504
0.09822845458984375, 2186.4848136901855, 0.04696846008300781, 4.050970077514648, 2.183675765991211, 33.4010124206543, 0.8363723754882812, 95.46065330505371, 780.4954051971436
0.10418891906738281, 2188.800096511841, 0.03218650817871094, 4.057407379150391, 2.179384231567383, 32.5472354888916, 0.9875297546386719, 95.5820083618164, 784.3501567840576
0.09822845458984375, 2240.7402992248535, 0.05340576171875, 4.095792770385742, 2.139568328857422, 32.75346755981445, 0.9996891021728516, 95.48258781433105, 777.501106262207
0.09751319885253906, 2216.200828552246, 0.04649162292480469, 4.0683746337890625, 2.2430419921875, 32.9587459564209, 1.085042953491211, 95.30162811279297, 775.1662731170654
0.09775161743164062, 2170.4845428466797, 0.033855438232421875, 4.024267196655273, 2.1746158599853516, 32.883405685424805, 0.9791851043701172, 95.45612335205078, 776.9513130187988
0.10061264038085938, 2171.218156814575, 0.05412101745605469, 4.119873046875, 2.2275447845458984, 33.66804122924805, 0.9980201721191406, 97.22352027893066, 777.03857421875
0.09989738464355469, 2182.5480461120605, 0.04696846008300781, 4.037380218505859, 2.241849899291992, 32.29713439941406, 0.9615421295166016, 99.273681640625, 774.9457359313965
0.087738037109375, 2173.996925354004, 0.04982948303222656, 4.016399383544922, 2.186298370361328, 33.14924240112305, 1.1010169982910156, 70.52278518676758, 806.1766624450684
0.09965896606445312, 2164.1104221343994, 0.04935264587402344, 4.0798187255859375, 2.2203922271728516, 33.162593841552734, 0.8955001831054688, 96.2977409362793, 773.2827663421631
0.08726119995117188, 2165.177583694458, 0.0324249267578125, 4.08172607421875, 2.1505355834960938, 33.48374366760254, 0.8325576782226562, 95.49283981323242, 775.3274440765381
0.07748603820800781, 2192.2953128814697, 0.04553794860839844, 4.144430160522461, 2.1800994873046875, 33.94031524658203, 1.0192394256591797, 95.28422355651855, 777.8453826904297
0.10251998901367188, 2185.5740547180176, 0.03218650817871094, 4.012346267700195, 2.203702926635742, 32.72080421447754, 0.8521080017089844, 95.36170959472656, 774.3093967437744
0.09822845458984375, 2181.9050312042236, 0.04887580871582031, 4.035234451293945, 2.161741256713867, 34.4235897064209, 1.1627674102783203, 93.78242492675781, 779.5426845550537
0.09965896606445312, 2232.388973236084, 0.038623809814453125, 4.043340682983398, 2.2792816162109375, 33.42247009277344, 0.8454322814941406, 95.94273567199707, 777.2049903869629
0.10824203491210938, 2232.3825359344482, 0.03314018249511719, 3.991842269897461, 2.2127628326416016, 33.155202865600586, 0.8711814880371094, 95.37482261657715, 778.2459259033203
0.09131431579589844, 2202.8298377990723, 0.04601478576660156, 4.0130615234375, 2.196073532104492, 33.22458267211914, 0.888824462890625, 95.22604942321777, 774.4472026824951
0.09846687316894531, 2182.20853805542, 0.04315376281738281, 4.09245491027832, 2.2208690643310547, 33.7979793548584, 1.1196136474609375, 94.61665153503418, 776.3772010803223
0.07653236389160156, 2202.70037651062, 0.031948089599609375, 4.015207290649414, 2.2430419921875, 33.97345542907715, 0.9627342224121094, 95.4592227935791, 784.0800285339355
0.10085105895996094, 2262.6309394836426, 0.05030632019042969, 3.9784908294677734, 2.157926559448242, 33.56504440307617, 0.8192062377929688, 95.54815292358398, 776.5660285949707
0.10061264038085938, 2166.278600692749, 0.04696846008300781, 4.035234451293945, 2.2170543670654297, 32.58037567138672, 0.9527206420898438, 98.80638122558594, 773.7178802490234
0.07963180541992188, 2156.4276218414307, 0.03314018249511719, 4.030466079711914, 2.140045166015625, 32.927751541137695, 1.0776519775390625, 94.90609169006348, 771.40212059021
0.10013580322265625, 2202.982187271118, 0.04553794860839844, 4.070758819580078, 2.1562576293945312, 32.30023384094238, 0.9534358978271484, 94.77877616882324, 787.0337963104248
0.07796287536621094, 2157.0048332214355, 0.04649162292480469, 4.094839096069336, 2.1622180938720703, 33.23841094970703, 0.9131431579589844, 94.78449821472168, 774.7609615325928
0.08726119995117188, 2202.399730682373, 0.03361701965332031, 3.996133804321289, 2.205371856689453, 33.246517181396484, 0.9438991546630859, 94.58160400390625, 774.8217582702637
0.08726119995117188, 2245.0966835021973, 0.04601478576660156, 4.106044769287109, 2.1936893463134766, 33.09464454650879, 0.9455680847167969, 95.70479393005371, 777.1716117858887
0.08678436279296875, 2170.12357711792, 0.05793571472167969, 4.047870635986328, 2.238035202026367, 34.37614440917969, 0.8993148803710938, 95.87502479553223, 779.1252136230469
0.09679794311523438, 2218.04141998291, 0.03314018249511719, 4.020214080810547, 2.223968505859375, 33.24151039123535, 0.8542537689208984, 96.36330604553223, 774.7108936309814
0.10156631469726562, 2165.5306816101074, 0.031948089599609375, 4.036903381347656, 2.1910667419433594, 32.38368034362793, 0.9126663208007812, 95.40963172912598, 774.6224403381348
0.07748603820800781, 2211.9393348693848, 0.044345855712890625, 4.085540771484375, 2.2122859954833984, 33.03122520446777, 0.8502006530761719, 96.08221054077148, 774.2512226104736
0.09965896606445312, 2202.0766735076904, 0.04673004150390625, 4.067182540893555, 2.20489501953125, 32.38224983215332, 0.9169578552246094, 95.52240371704102, 771.2323665618896
0.09942054748535156, 2164.4606590270996, 0.045299530029296875, 4.060268402099609, 2.1848678588867188, 33.11872482299805, 0.9007453918457031, 95.33357620239258, 773.4808921813965
0.10919570922851562, 2175.4090785980225, 0.03504753112792969, 3.9505958557128906, 2.1991729736328125, 33.97822380065918, 1.0919570922851562, 98.50239753723145, 772.045373916626
0.09751319885253906, 2180.217742919922, 0.056743621826171875, 4.09388542175293, 2.2559165954589844, 33.52856636047363, 1.071929931640625, 95.94583511352539, 783.5354804992676
0.0896453857421875, 2149.214506149292, 0.03409385681152344, 4.051685333251953, 2.2182464599609375, 33.21433067321777, 0.9965896606445312, 94.3608283996582, 771.0680961608887
0.08749961853027344, 2176.029682159424, 0.03361701965332031, 4.040241241455078, 2.179384231567383, 33.22434425354004, 0.9369850158691406, 98.55103492736816, 778.2750129699707
0.08749961853027344, 2177.588701248169, 0.034332275390625, 4.066228866577148, 2.1851062774658203, 32.819509506225586, 0.9243488311767578, 95.01171112060547, 779.7143459320068
0.09822845458984375, 2155.7328701019287, 0.0553131103515625, 3.9970874786376953, 2.2056102752685547, 33.625125885009766, 0.9708404541015625, 95.32451629638672, 771.0151672363281
0.087738037109375, 2160.1123809814453, 0.04673004150390625, 4.0645599365234375, 2.1724700927734375, 33.365488052368164, 1.058340072631836, 94.91252899169922, 769.6096897125244
0.087738037109375, 2153.6269187927246, 0.04553794860839844, 4.069328308105469, 2.213001251220703, 32.82618522644043, 0.8635520935058594, 95.68047523498535, 771.2283134460449
0.087738037109375, 2264.23716545105, 0.03409385681152344, 4.0454864501953125, 2.1958351135253906, 33.66804122924805, 0.9281635284423828, 95.33524513244629, 788.4671688079834
0.08940696716308594, 2167.6814556121826, 0.04482269287109375, 4.048347473144531, 2.231121063232422, 32.876014709472656, 0.9593963623046875, 96.34613990783691, 780.0099849700928
0.08869171142578125, 2162.8098487854004, 0.04649162292480469, 4.052639007568359, 2.142667770385742, 33.917903900146484, 0.8704662322998047, 95.50142288208008, 772.0663547515869
0.08869171142578125, 2162.6527309417725, 0.034332275390625, 4.008054733276367, 2.1839141845703125, 32.89151191711426, 0.8671283721923828, 95.48807144165039, 773.2868194580078
0.08821487426757812, 2163.4204387664795, 0.0324249267578125, 4.038810729980469, 2.2525787353515625, 32.93442726135254, 1.0840892791748047, 99.33710098266602, 773.1432914733887
0.08654594421386719, 2202.9740810394287, 0.03600120544433594, 3.991842269897461, 2.2165775299072266, 33.721208572387695, 0.9529590606689453, 95.12543678283691, 774.1672992706299
0.09870529174804688, 2157.9627990722656, 0.03838539123535156, 4.060268402099609, 2.240419387817383, 33.11562538146973, 1.0519027709960938, 95.45469284057617, 773.7126350402832
0.09036064147949219, 2225.4161834716797, 0.03910064697265625, 4.005670547485352, 2.238750457763672, 33.26153755187988, 0.9291172027587891, 95.15738487243652, 777.3945331573486
0.09846687316894531, 2175.2402782440186, 0.03314018249511719, 4.005670547485352, 2.1767616271972656, 33.48064422607422, 0.8821487426757812, 96.04787826538086, 775.2184867858887
0.087738037109375, 2176.28812789917, 0.049114227294921875, 4.053592681884766, 2.22015380859375, 33.22649002075195, 1.092672348022461, 96.04978561401367, 770.9565162658691
0.10967254638671875, 2190.0787353515625, 0.03814697265625, 4.033565521240234, 2.2008419036865234, 33.76913070678711, 1.0099411010742188, 94.8946475982666, 784.8846912384033
0.08821487426757812, 2158.5071086883545, 0.04649162292480469, 4.032611846923828, 2.182483673095703, 32.49001502990723, 1.0597705841064453, 99.31039810180664, 770.9147930145264
0.09822845458984375, 2166.398048400879, 0.022649765014648438, 3.9429664611816406, 2.1581649780273438, 32.392024993896484, 0.8966922760009766, 95.75414657592773, 769.4768905639648
0.10943412780761719, 2204.6914100646973, 0.03838539123535156, 4.136085510253906, 2.2127628326416016, 33.470869064331055, 1.1513233184814453, 95.66116333007812, 779.4125080108643
0.08916854858398438, 2163.076162338257, 0.044345855712890625, 4.059314727783203, 2.183198928833008, 32.58872032165527, 0.9300708770751953, 95.77131271362305, 772.7985382080078
0.110626220703125, 2218.9979553222656, 0.0247955322265625, 3.9510726928710938, 2.2208690643310547, 34.2867374420166, 0.9081363677978516, 96.5726375579834, 776.1578559875488
0.08749961853027344, 2172.6300716400146, 0.04315376281738281, 4.029512405395508, 2.1448135375976562, 33.354759216308594, 1.1637210845947266, 95.63827514648438, 782.5334072113037
0.09870529174804688, 2227.52046585083, 0.03528594970703125, 4.0302276611328125, 2.181529998779297, 33.50043296813965, 0.9162425994873047, 95.64852714538574, 784.4955921173096
0.10037422180175781, 2215.6388759613037, 0.032901763916015625, 4.008769989013672, 2.1924972534179688, 32.52720832824707, 0.9877681732177734, 95.1840877532959, 772.606372833252
0.09822845458984375, 2230.4816246032715, 0.0438690185546875, 4.066944122314453, 2.140522003173828, 33.1423282623291, 1.0933876037597656, 95.2761173248291, 775.7503986358643
0.08821487426757812, 2154.863119125366, 0.03337860107421875, 4.063606262207031, 2.158641815185547, 34.139156341552734, 1.0983943939208984, 95.7038402557373, 770.1714038848877
0.09799003601074219, 2229.607582092285, 0.04673004150390625, 4.099845886230469, 2.263307571411133, 32.785654067993164, 0.8454322814941406, 95.17765045166016, 776.9289016723633
0.08797645568847656, 2184.3178272247314, 0.024318695068359375, 3.988504409790039, 2.1905899047851562, 33.91909599304199, 0.9510517120361328, 94.99192237854004, 784.3770980834961
0.08893013000488281, 2175.0926971435547, 0.0514984130859375, 4.025459289550781, 2.195596694946289, 34.01017189025879, 0.9009838104248047, 95.94392776489258, 779.4756889343262
0.09608268737792969, 2187.108039855957, 0.05435943603515625, 4.063129425048828, 2.192258834838867, 33.1263542175293, 0.8893013000488281, 95.82257270812988, 782.8159332275391
0.09822845458984375, 2176.6536235809326, 0.033855438232421875, 3.962993621826172, 2.31170654296875, 33.907175064086914, 0.8995532989501953, 95.40367126464844, 778.76877784729
0.09989738464355469, 2223.6666679382324, 0.034332275390625, 4.060029983520508, 2.1986961364746094, 33.63513946533203, 0.9195804595947266, 95.31784057617188, 793.4811115264893
0.09822845458984375, 2157.0169925689697, 0.05054473876953125, 4.004716873168945, 2.2852420806884766, 34.36136245727539, 0.9770393371582031, 95.86572647094727, 772.2752094268799
0.09799003601074219, 2189.9964809417725, 0.052928924560546875, 4.046201705932617, 2.176523208618164, 34.06357765197754, 1.1723041534423828, 95.97516059875488, 783.4439277648926
0.10228157043457031, 2201.1802196502686, 0.044345855712890625, 4.0130615234375, 2.1903514862060547, 32.48763084411621, 0.8978843688964844, 96.01259231567383, 776.1178016662598
0.1220703125, 2321.4452266693115, 0.04315376281738281, 4.077434539794922, 2.274036407470703, 34.1336727142334, 0.9045600891113281, 96.51637077331543, 779.4370651245117
0.10037422180175781, 2190.79852104187, 0.04982948303222656, 4.096508026123047, 2.1882057189941406, 33.678293228149414, 0.8740425109863281, 95.16119956970215, 774.8246192932129
0.09179115295410156, 2173.0430126190186, 0.04315376281738281, 4.000186920166016, 2.2482872009277344, 33.4475040435791, 0.9751319885253906, 96.36712074279785, 776.52907371521
0.07915496826171875, 2210.7772827148438, 0.03719329833984375, 3.9768218994140625, 2.147197723388672, 32.83095359802246, 0.8955001831054688, 95.81589698791504, 772.2125053405762
0.08940696716308594, 2201.7219066619873, 0.02384185791015625, 4.024505615234375, 2.1660327911376953, 33.63943099975586, 0.8995532989501953, 96.25554084777832, 787.2567176818848
0.09799003601074219, 2254.549503326416, 0.03933906555175781, 3.9975643157958984, 2.224445343017578, 33.876895904541016, 0.9059906005859375, 96.19665145874023, 778.6669731140137
0.09775161743164062, 2253.7007331848145, 0.05316734313964844, 4.017114639282227, 2.2001266479492188, 33.52022171020508, 0.87738037109375, 96.60816192626953, 774.8942375183105
0.08678436279296875, 2156.7156314849854, 0.0438690185546875, 4.030466079711914, 2.229928970336914, 33.67805480957031, 1.0008811950683594, 96.26626968383789, 771.859884262085
0.11348724365234375, 2201.739549636841, 0.04458427429199219, 4.016637802124023, 2.1958351135253906, 33.13112258911133, 0.8718967437744141, 95.68548202514648, 783.3054065704346
0.10538101196289062, 2175.781488418579, 0.04935264587402344, 4.0721893310546875, 2.172708511352539, 33.188581466674805, 0.8921623229980469, 94.96855735778809, 777.7383327484131
0.10132789611816406, 2203.0258178710938, 0.044345855712890625, 4.101037979125977, 2.2695064544677734, 33.24007987976074, 0.9415149688720703, 94.64144706726074, 783.2770347595215
0.10013580322265625, 2208.341360092163, 0.03743171691894531, 4.027128219604492, 2.1843910217285156, 33.19978713989258, 0.9486675262451172, 95.35527229309082, 777.7631282806396
0.10061264038085938, 2153.41854095459, 0.0476837158203125, 3.9644241333007812, 2.187490463256836, 32.56559371948242, 0.9183883666992188, 95.22318840026855, 770.9574699401855
0.08797645568847656, 2179.232358932495, 0.03361701965332031, 4.024028778076172, 2.1593570709228516, 33.02264213562012, 1.1677742004394531, 95.66974639892578, 778.8293361663818
0.11467933654785156, 2153.165340423584, 0.022172927856445312, 4.024982452392578, 2.1924972534179688, 32.407522201538086, 0.9636878967285156, 95.84236145019531, 771.986722946167
0.09822845458984375, 2257.8961849212646, 0.03218650817871094, 4.015684127807617, 2.1524429321289062, 32.96923637390137, 0.8625984191894531, 95.11995315551758, 774.0607261657715
0.09894371032714844, 2154.32071685791, 0.04935264587402344, 4.021406173706055, 2.1677017211914062, 32.758474349975586, 1.1985301971435547, 95.77560424804688, 774.0912437438965
0.09846687316894531, 2216.463804244995, 0.04792213439941406, 4.090070724487305, 2.2056102752685547, 32.74202346801758, 0.9598731994628906, 95.2301025390625, 777.942419052124
0.07843971252441406, 2195.6541538238525, 0.0324249267578125, 4.071712493896484, 2.243518829345703, 32.82451629638672, 1.0285377502441406, 95.72243690490723, 788.7067794799805
0.10037422180175781, 2187.38055229187, 0.0324249267578125, 4.062175750732422, 2.257823944091797, 32.851457595825195, 0.9312629699707031, 96.21858596801758, 779.2184352874756
0.08869171142578125, 2178.307056427002, 0.053882598876953125, 3.9741992950439453, 2.188444137573242, 32.70125389099121, 1.0192394256591797, 95.92771530151367, 776.6909599304199
0.08869171142578125, 2160.0282192230225, 0.04458427429199219, 4.07862663269043, 2.1784305572509766, 33.334970474243164, 0.9970664978027344, 95.15786170959473, 775.1739025115967
0.08893013000488281, 2202.3849487304688, 0.0324249267578125, 4.103422164916992, 2.3093223571777344, 33.07795524597168, 0.9489059448242188, 96.74310684204102, 777.8170108795166
0.07796287536621094, 2186.6307258605957, 0.04553794860839844, 4.127740859985352, 2.164125442504883, 32.53507614135742, 0.8902549743652344, 95.57366371154785, 780.9996604919434
0.09870529174804688, 2214.092493057251, 0.044345855712890625, 4.158973693847656, 2.1991729736328125, 34.10077095031738, 0.92315673828125, 96.82273864746094, 793.5357093811035
0.10061264038085938, 2181.328773498535, 0.05745887756347656, 4.054546356201172, 2.2003650665283203, 33.31732749938965, 0.9355545043945312, 95.46256065368652, 781.4335823059082
0.08702278137207031, 2179.9869537353516, 0.05030632019042969, 4.080295562744141, 2.2258758544921875, 33.73527526855469, 1.1370182037353516, 99.0903377532959, 777.8351306915283
0.08702278137207031, 2138.0605697631836, 0.03314018249511719, 3.9205551147460938, 2.300262451171875, 33.12826156616211, 0.9539127349853516, 69.84877586364746, 793.6160564422607
0.08940696716308594, 2170.274496078491, 0.0457763671875, 4.018306732177734, 2.187490463256836, 33.698081970214844, 1.064300537109375, 94.76351737976074, 778.7845134735107
0.08749961853027344, 2174.1561889648438, 0.04315376281738281, 4.019737243652344, 2.2385120391845703, 33.94269943237305, 0.9448528289794922, 95.25346755981445, 778.7220478057861
0.10180473327636719, 2168.1740283966064, 0.04935264587402344, 3.9987564086914062, 2.2225379943847656, 32.50741958618164, 0.96893310546875, 99.26986694335938, 771.336555480957
0.10013580322265625, 2177.7679920196533, 0.023126602172851562, 4.058599472045898, 2.1800994873046875, 33.54358673095703, 0.8637905120849609, 95.56126594543457, 832.2670459747314
0.08869171142578125, 2207.4007987976074, 0.044345855712890625, 4.018545150756836, 2.250194549560547, 33.04028511047363, 1.0199546813964844, 96.95625305175781, 770.7483768463135
0.09822845458984375, 2179.6963214874268, 0.033855438232421875, 4.062414169311523, 2.2287368774414062, 32.16242790222168, 1.0094642639160156, 95.12758255004883, 773.4014987945557
0.0896453857421875, 2171.469211578369, 0.049114227294921875, 4.004001617431641, 2.197742462158203, 34.26218032836914, 1.0228157043457031, 96.23312950134277, 778.9523601531982
0.09822845458984375, 2165.119171142578, 0.05435943603515625, 4.080772399902344, 2.185344696044922, 33.6146354675293, 1.0707378387451172, 95.81327438354492, 775.4018306732178
0.1418590545654297, 2171.7076301574707, 0.04410743713378906, 3.9937496185302734, 2.1932125091552734, 33.266305923461914, 1.065969467163086, 95.41177749633789, 772.6969718933105
0.08678436279296875, 2175.3149032592773, 0.046253204345703125, 4.014492034912109, 2.2192001342773438, 33.144235610961914, 0.9860992431640625, 96.34542465209961, 780.5013656616211
0.08749961853027344, 2176.8810749053955, 0.04363059997558594, 4.0645599365234375, 2.202749252319336, 33.73003005981445, 1.0042190551757812, 95.74508666992188, 778.6390781402588
0.08702278137207031, 2154.275417327881, 0.04267692565917969, 4.070043563842773, 2.1567344665527344, 32.952308654785156, 0.942230224609375, 98.66547584533691, 771.1524963378906
0.08797645568847656, 2174.7565269470215, 0.056743621826171875, 4.014492034912109, 2.254009246826172, 33.17093849182129, 0.9009838104248047, 95.31283378601074, 776.4325141906738
0.09894371032714844, 2190.664052963257, 0.03218650817871094, 4.047393798828125, 2.1665096282958984, 33.18476676940918, 0.9551048278808594, 99.22170639038086, 781.3980579376221
0.087738037109375, 2235.8100414276123, 0.0476837158203125, 3.9975643157958984, 2.2003650665283203, 32.971858978271484, 0.9012222290039062, 95.20292282104492, 774.3010520935059
0.08845329284667969, 2230.0477027893066, 0.03743171691894531, 3.996133804321289, 2.1898746490478516, 33.808231353759766, 1.0635852813720703, 95.83473205566406, 779.4997692108154
0.09107589721679688, 2227.9675006866455, 0.03266334533691406, 4.050731658935547, 2.2361278533935547, 32.82785415649414, 0.9107589721679688, 95.80826759338379, 775.3965854644775
0.09775161743164062, 2154.0286540985107, 0.03361701965332031, 4.0721893310546875, 2.4251937866210938, 32.982587814331055, 0.9632110595703125, 95.8855152130127, 769.7207927703857
0.09918212890625, 2185.429811477661, 0.04696846008300781, 4.138708114624023, 2.2420883178710938, 32.96518325805664, 0.965118408203125, 95.43371200561523, 781.8892002105713
0.09369850158691406, 2244.194984436035, 0.04458427429199219, 3.9713382720947266, 2.2482872009277344, 33.88667106628418, 0.9298324584960938, 96.66800498962402, 772.7310657501221
0.08845329284667969, 2165.536642074585, 0.023365020751953125, 4.071235656738281, 2.2063255310058594, 33.705711364746094, 1.186370849609375, 96.10724449157715, 775.5997180938721
0.10037422180175781, 2170.1979637145996, 0.024557113647460938, 3.9942264556884766, 2.237081527709961, 33.171892166137695, 1.1589527130126953, 95.59774398803711, 770.12038230896
0.09202957153320312, 2217.4675464630127, 0.0324249267578125, 4.083156585693359, 2.212047576904297, 33.11347961425781, 1.168966293334961, 95.55864334106445, 782.9136848449707
0.09799003601074219, 2171.030044555664, 0.035762786865234375, 3.9856433868408203, 2.1674633026123047, 33.206939697265625, 1.035451889038086, 94.9699878692627, 774.1274833679199
0.09894371032714844, 2198.4925270080566, 0.048160552978515625, 4.00543212890625, 2.203702926635742, 32.94849395751953, 0.8997917175292969, 95.17288208007812, 772.2282409667969
0.09846687316894531, 2198.9293098449707, 0.023126602172851562, 4.11677360534668, 2.1674633026123047, 33.00952911376953, 0.9419918060302734, 95.28613090515137, 787.6977920532227
0.08845329284667969, 2178.6575317382812, 0.05125999450683594, 4.06193733215332, 2.197265625, 33.338308334350586, 1.0139942169189453, 96.22955322265625, 778.5165309906006
0.09942054748535156, 2203.2833099365234, 0.03361701965332031, 4.149913787841797, 2.1643638610839844, 32.511234283447266, 0.8556842803955078, 95.50189971923828, 786.8638038635254
0.087738037109375, 2215.012788772583, 0.049591064453125, 4.07099723815918, 2.2046566009521484, 33.136844635009766, 1.0190010070800781, 99.4877815246582, 778.3248424530029
0.11444091796875, 2158.8926315307617, 0.05412101745605469, 4.040002822875977, 2.225160598754883, 34.06643867492676, 0.8800029754638672, 95.05867958068848, 773.0941772460938
0.09965896606445312, 2206.876277923584, 0.03457069396972656, 3.9911270141601562, 2.2287368774414062, 33.049583435058594, 0.8678436279296875, 95.17812728881836, 772.3052501678467
0.11014938354492188, 2195.106267929077, 0.034809112548828125, 4.022836685180664, 2.2940635681152344, 33.716440200805664, 0.9000301361083984, 95.40987014770508, 786.2474918365479
0.08845329284667969, 2171.053409576416, 0.025033950805664062, 4.03904914855957, 2.2058486938476562, 33.653974533081055, 0.9200572967529297, 95.49570083618164, 778.0070304870605
0.09942054748535156, 2167.6788330078125, 0.04601478576660156, 4.085063934326172, 2.1753311157226562, 32.84144401550293, 0.9124279022216797, 94.83647346496582, 775.8567333221436
0.08869171142578125, 2193.258047103882, 0.0324249267578125, 3.9832592010498047, 2.1190643310546875, 33.60319137573242, 1.0857582092285156, 96.06790542602539, 779.6485424041748
0.08702278137207031, 2159.0118408203125, 0.04792213439941406, 4.0187835693359375, 2.176523208618164, 32.65571594238281, 0.8656978607177734, 95.57795524597168, 772.982120513916
0.10704994201660156, 2149.9712467193604, 0.04601478576660156, 3.9365291595458984, 2.1424293518066406, 32.93919563293457, 0.9062290191650391, 70.07145881652832, 798.795223236084
0.09918212890625, 2169.445276260376, 0.0476837158203125, 4.012346267700195, 2.2580623626708984, 33.92219543457031, 1.0123252868652344, 95.61681747436523, 777.2703170776367
0.10132789611816406, 2152.9111862182617, 0.049591064453125, 4.033565521240234, 2.194643020629883, 32.89961814880371, 0.9212493896484375, 70.14799118041992, 796.3743209838867
0.08845329284667969, 2181.957244873047, 0.05650520324707031, 4.14276123046875, 2.2199153900146484, 33.94007682800293, 0.9474754333496094, 95.59226036071777, 779.2816162109375
0.09870529174804688, 2212.813377380371, 0.04458427429199219, 4.085063934326172, 2.1772384643554688, 32.98354148864746, 1.1093616485595703, 95.66903114318848, 776.1352062225342
0.08726119995117188, 2155.6334495544434, 0.04363059997558594, 4.072427749633789, 2.2192001342773438, 33.570051193237305, 0.8962154388427734, 95.88027000427246, 770.8001136779785
0.08893013000488281, 2164.354085922241, 0.024080276489257812, 3.9949417114257812, 2.1903514862060547, 33.09202194213867, 0.9160041809082031, 95.17741203308105, 777.5583267211914
0.08678436279296875, 2144.521474838257, 0.0457763671875, 4.2667388916015625, 2.2339820861816406, 33.32781791687012, 0.9045600891113281, 96.04740142822266, 770.4312801361084
0.09846687316894531, 2163.600444793701, 0.038623809814453125, 4.088401794433594, 2.254486083984375, 33.80084037780762, 0.9791851043701172, 96.22383117675781, 775.8255004882812
0.08749961853027344, 2230.9508323669434, 0.049591064453125, 4.111289978027344, 2.2580623626708984, 33.1728458404541, 1.0173320770263672, 95.89266777038574, 771.7442512512207
0.08940696716308594, 2160.350799560547, 0.032901763916015625, 4.115819931030273, 2.1953582763671875, 34.3170166015625, 0.9484291076660156, 95.65281867980957, 775.8493423461914
0.09775161743164062, 2173.900365829468, 0.04553794860839844, 4.093170166015625, 2.193927764892578, 33.1120491027832, 1.0402202606201172, 97.9163646697998, 776.7395973205566
0.10538101196289062, 2178.7731647491455, 0.033855438232421875, 4.0225982666015625, 2.213716506958008, 33.06174278259277, 0.9157657623291016, 95.46279907226562, 779.0484428405762
0.1087188720703125, 2181.4897060394287, 0.04553794860839844, 4.046440124511719, 2.2249221801757812, 33.36477279663086, 0.9958744049072266, 95.2901840209961, 782.5236320495605
0.09703636169433594, 2165.3783321380615, 0.049591064453125, 4.029035568237305, 2.1963119506835938, 32.49359130859375, 0.9150505065917969, 96.37713432312012, 777.2872447967529
0.08821487426757812, 2162.367343902588, 0.04935264587402344, 4.064798355102539, 2.1944046020507812, 32.46498107910156, 0.9684562683105469, 95.84903717041016, 769.7091102600098
0.09918212890625, 2177.0894527435303, 0.036716461181640625, 4.105567932128906, 2.168893814086914, 33.063650131225586, 0.9198188781738281, 96.16637229919434, 779.8426151275635
0.09751319885253906, 2166.4979457855225, 0.04315376281738281, 4.022836685180664, 2.240419387817383, 33.39719772338867, 1.1942386627197266, 95.91197967529297, 776.5932083129883
0.08702278137207031, 2227.67972946167, 0.04410743713378906, 4.072904586791992, 2.2788047790527344, 34.2862606048584, 0.9431838989257812, 95.4751968383789, 779.1895866394043
0.08749961853027344, 2172.2018718719482, 0.043392181396484375, 4.086017608642578, 2.265453338623047, 34.304141998291016, 0.9896755218505859, 95.85785865783691, 778.862714767456
0.08893013000488281, 2191.884756088257, 0.03314018249511719, 4.023551940917969, 2.198934555053711, 32.741546630859375, 1.0104179382324219, 96.05932235717773, 786.5917682647705
0.09989738464355469, 2174.372673034668, 0.047206878662109375, 3.9436817169189453, 2.194643020629883, 33.910512924194336, 0.9615421295166016, 94.75445747375488, 768.3820724487305
0.09179115295410156, 2217.3452377319336, 0.0438690185546875, 4.137992858886719, 2.1979808807373047, 32.470703125, 0.9675025939941406, 96.30823135375977, 780.0948619842529
0.08678436279296875, 2178.264379501343, 0.05269050598144531, 4.079580307006836, 2.1886825561523438, 33.075571060180664, 1.0905265808105469, 96.01378440856934, 780.247688293457
0.08702278137207031, 2155.72452545166, 0.04744529724121094, 4.082918167114258, 2.1505355834960938, 32.89055824279785, 1.0762214660644531, 94.39611434936523, 773.033857345581
0.09059906005859375, 2160.888195037842, 0.03409385681152344, 3.9887428283691406, 2.1598339080810547, 33.475399017333984, 0.9315013885498047, 96.33517265319824, 772.7172374725342
0.08726119995117188, 2243.983030319214, 0.03361701965332031, 4.034757614135742, 2.281665802001953, 33.50567817687988, 0.9517669677734375, 99.23672676086426, 781.5437316894531
0.09870529174804688, 2167.4299240112305, 0.049591064453125, 3.9832592010498047, 2.2323131561279297, 33.51449966430664, 0.8993148803710938, 96.50468826293945, 772.7096080780029
0.087738037109375, 2209.1526985168457, 0.024080276489257812, 3.972768783569336, 2.1626949310302734, 32.56416320800781, 0.9186267852783203, 95.83640098571777, 786.7856025695801
0.10728836059570312, 2189.1841888427734, 0.04291534423828125, 4.016399383544922, 2.2623538970947266, 33.53071212768555, 0.9250640869140625, 95.54171562194824, 781.8412780761719
0.08869171142578125, 2199.723958969116, 0.023126602172851562, 4.011631011962891, 2.228260040283203, 33.53548049926758, 0.9787082672119141, 96.65751457214355, 778.6369323730469
0.08726119995117188, 2188.8749599456787, 0.04076957702636719, 3.999948501586914, 2.1479129791259766, 34.357309341430664, 0.9050369262695312, 94.70653533935547, 782.5963497161865
0.09846687316894531, 2218.825101852417, 0.050067901611328125, 4.102945327758789, 2.216339111328125, 33.92195701599121, 0.9098052978515625, 95.7479476928711, 775.6044864654541
0.10204315185546875, 2180.006504058838, 0.05316734313964844, 4.083395004272461, 2.218484878540039, 33.414363861083984, 1.0652542114257812, 98.20270538330078, 778.95188331604
0.08749961853027344, 2170.14479637146, 0.04506111145019531, 3.998279571533203, 2.2077560424804688, 33.58888626098633, 1.0533332824707031, 94.18582916259766, 777.8952121734619
0.10085105895996094, 2185.444116592407, 0.0438690185546875, 4.02379035949707, 2.256155014038086, 33.04290771484375, 0.9412765502929688, 97.55778312683105, 782.6330661773682
0.07748603820800781, 2210.1712226867676, 0.03409385681152344, 4.021883010864258, 2.2063255310058594, 33.93149375915527, 1.0378360748291016, 95.81732749938965, 774.7964859008789
0.10061264038085938, 2234.0877056121826, 0.05459785461425781, 3.9892196655273438, 2.178668975830078, 32.978057861328125, 0.8993148803710938, 96.88067436218262, 781.606912612915
0.09894371032714844, 2173.9158630371094, 0.04315376281738281, 4.024267196655273, 2.234935760498047, 33.64443778991699, 0.9541511535644531, 95.98755836486816, 776.8535614013672
0.10919570922851562, 2180.2730560302734, 0.03886222839355469, 4.015207290649414, 2.240896224975586, 34.01684761047363, 0.8864402770996094, 95.36409378051758, 780.8568477630615
0.0896453857421875, 2176.1114597320557, 0.04410743713378906, 4.052639007568359, 2.1529197692871094, 32.85551071166992, 0.8757114410400391, 94.97570991516113, 779.6709537506104
0.09822845458984375, 2170.124292373657, 0.05030632019042969, 4.000663757324219, 2.2487640380859375, 33.04243087768555, 0.9949207305908203, 95.52693367004395, 777.6637077331543
0.09799003601074219, 2239.361524581909, 0.04673004150390625, 4.031658172607422, 2.203226089477539, 33.12253952026367, 0.8983612060546875, 95.2916145324707, 769.132137298584
0.09822845458984375, 2196.8533992767334, 0.14400482177734375, 4.001855850219727, 2.2170543670654297, 33.16998481750488, 0.9624958038330078, 95.35646438598633, 782.9430103302002
0.08869171142578125, 2162.687063217163, 0.034332275390625, 3.9353370666503906, 2.254486083984375, 33.625125885009766, 0.9124279022216797, 95.08323669433594, 775.773286819458
0.09822845458984375, 2214.9405479431152, 0.032901763916015625, 3.9930343627929688, 2.1522045135498047, 33.0045223236084, 0.8528232574462891, 94.9549674987793, 775.3288745880127
0.09965896606445312, 2176.882743835449, 0.03504753112792969, 4.033327102661133, 2.2225379943847656, 33.59198570251465, 0.8933544158935547, 95.88956832885742, 779.5040607452393
0.087738037109375, 2203.603506088257, 0.04506111145019531, 4.033803939819336, 2.2437572479248047, 33.27226638793945, 0.9729862213134766, 96.13537788391113, 787.0669364929199
0.09846687316894531, 2173.5942363739014, 0.04267692565917969, 4.04667854309082, 2.1698474884033203, 32.7761173248291, 0.9539127349853516, 95.99924087524414, 777.5652408599854
0.08916854858398438, 2167.5078868865967, 0.05125999450683594, 3.9849281311035156, 2.267122268676758, 34.12151336669922, 1.0800361633300781, 95.89362144470215, 768.3889865875244
0.09846687316894531, 2179.884195327759, 0.056743621826171875, 4.035234451293945, 2.187013626098633, 32.953739166259766, 0.9086132049560547, 95.19243240356445, 779.8454761505127
0.10156631469726562, 2161.15403175354, 0.06008148193359375, 4.114389419555664, 2.264261245727539, 33.34975242614746, 0.9655952453613281, 95.33548355102539, 772.2423076629639
0.12087821960449219, 2169.3692207336426, 0.03361701965332031, 4.038333892822266, 2.251148223876953, 33.6604118347168, 1.0709762573242188, 95.45135498046875, 776.8871784210205
0.09942054748535156, 2182.0690631866455, 0.04863739013671875, 3.9958953857421875, 2.2203922271728516, 33.77556800842285, 1.1119842529296875, 70.60360908508301, 808.2118034362793
0.08797645568847656, 2201.603651046753, 0.04649162292480469, 4.213571548461914, 2.2211074829101562, 32.613515853881836, 0.9882450103759766, 96.31967544555664, 789.6285057067871
0.09942054748535156, 2202.549457550049, 0.055789947509765625, 4.029989242553711, 2.1941661834716797, 32.5930118560791, 0.9133815765380859, 95.59392929077148, 776.6671180725098
0.08988380432128906, 2192.695379257202, 0.059604644775390625, 4.0760040283203125, 2.1469593048095703, 32.535552978515625, 0.9369850158691406, 95.19362449645996, 770.8613872528076
0.09942054748535156, 2155.914545059204, 0.04601478576660156, 4.057168960571289, 2.191781997680664, 32.90534019470215, 1.0347366333007812, 95.71719169616699, 771.82936668396
0.10991096496582031, 2155.205249786377, 0.034332275390625, 4.0187835693359375, 2.2237300872802734, 33.4172248840332, 0.8783340454101562, 95.31855583190918, 771.0959911346436
0.08893013000488281, 2151.3583660125732, 0.044345855712890625, 3.944873809814453, 2.2306442260742188, 34.04808044433594, 0.9632110595703125, 69.90623474121094, 797.6305484771729
0.10418891906738281, 2207.5490951538086, 0.04982948303222656, 4.045009613037109, 2.1779537200927734, 33.36381912231445, 0.9295940399169922, 94.67959403991699, 781.5039157867432
0.09036064147949219, 2240.6303882598877, 0.04482269287109375, 3.9997100830078125, 2.180814743041992, 33.403873443603516, 0.8549690246582031, 96.32277488708496, 777.5342464447021
0.09965896606445312, 2148.319721221924, 0.04649162292480469, 3.9839744567871094, 2.1924972534179688, 32.341718673706055, 0.9305477142333984, 95.24655342102051, 768.1453227996826
0.08821487426757812, 2172.8174686431885, 0.04982948303222656, 4.013299942016602, 2.2258758544921875, 34.3470573425293, 0.858306884765625, 96.22073173522949, 777.827262878418
0.102996826171875, 2203.4153938293457, 0.03838539123535156, 4.038333892822266, 2.1467208862304688, 33.437252044677734, 1.0848045349121094, 95.34311294555664, 771.1429595947266
0.09942054748535156, 2202.852487564087, 0.0362396240234375, 4.094600677490234, 2.2084712982177734, 33.63752365112305, 1.0101795196533203, 96.56238555908203, 788.8514995574951
0.08940696716308594, 2151.850700378418, 0.03409385681152344, 4.0740966796875, 2.1772384643554688, 33.747196197509766, 0.9295940399169922, 96.51994705200195, 771.0814476013184
0.11348724365234375, 2145.695686340332, 0.04482269287109375, 3.988027572631836, 2.196073532104492, 34.01899337768555, 0.888824462890625, 95.57008743286133, 770.2851295471191
0.09870529174804688, 2175.1279830932617, 0.04506111145019531, 4.117250442504883, 2.2153854370117188, 33.3101749420166, 0.9593963623046875, 94.94972229003906, 777.0161628723145
0.08916854858398438, 2200.5176544189453, 0.03933906555175781, 4.028081893920898, 2.3102760314941406, 33.933162689208984, 0.9033679962158203, 95.38102149963379, 789.3435955047607
0.08726119995117188, 2182.5783252716064, 0.03337860107421875, 4.04047966003418, 2.259969711303711, 34.1644287109375, 0.9555816650390625, 95.51191329956055, 781.940221786499
0.08821487426757812, 2168.851852416992, 0.053882598876953125, 4.042863845825195, 2.1800994873046875, 33.99014472961426, 0.8909702301025391, 95.2293872833252, 776.961088180542
0.09894371032714844, 2152.7092456817627, 0.043392181396484375, 4.012584686279297, 2.177715301513672, 32.47380256652832, 0.9543895721435547, 95.52860260009766, 773.9593982696533
0.07677078247070312, 2183.7985515594482, 0.024080276489257812, 4.096746444702148, 2.166748046875, 33.25939178466797, 1.0356903076171875, 95.6270694732666, 781.2628746032715
0.08916854858398438, 2269.782304763794, 0.03504753112792969, 4.030942916870117, 2.2149085998535156, 32.97019004821777, 0.8399486541748047, 95.38817405700684, 776.9994735717773
0.095367431640625, 2179.2054176330566, 0.034332275390625, 3.9794445037841797, 2.1886825561523438, 32.62639045715332, 0.9417533874511719, 94.79069709777832, 773.2784748077393
0.087738037109375, 2201.428174972534, 0.041961669921875, 4.100322723388672, 2.225160598754883, 34.149885177612305, 1.1265277862548828, 95.85165977478027, 784.0359210968018
0.10061264038085938, 2183.621406555176, 0.04363059997558594, 4.095554351806641, 2.156972885131836, 32.93728828430176, 0.8950233459472656, 95.40224075317383, 777.3101329803467
0.09822845458984375, 2233.4554195404053, 0.03337860107421875, 4.066944122314453, 2.1963119506835938, 33.49637985229492, 0.9138584136962891, 95.6277847290039, 772.5694179534912
0.07677078247070312, 2150.378465652466, 0.05030632019042969, 4.034280776977539, 2.263307571411133, 34.012556076049805, 0.8945465087890625, 95.80349922180176, 772.0201015472412
0.08749961853027344, 2174.9236583709717, 0.023126602172851562, 4.056453704833984, 2.215862274169922, 32.69052505493164, 0.9207725524902344, 95.12567520141602, 778.7728309631348
0.08845329284667969, 2167.6788330078125, 0.05698204040527344, 4.11534309387207, 2.187490463256836, 33.236026763916016, 0.9257793426513672, 96.26936912536621, 775.3305435180664
0.08654594421386719, 2164.151906967163, 0.05435943603515625, 4.052162170410156, 2.155780792236328, 33.12802314758301, 0.9374618530273438, 95.4141616821289, 774.6443748474121
0.08869171142578125, 2164.170980453491, 0.03409385681152344, 4.063129425048828, 2.2602081298828125, 34.06476974487305, 0.8957386016845703, 95.41535377502441, 774.0325927734375
0.07915496826171875, 2156.9607257843018, 0.033855438232421875, 3.9551258087158203, 2.1665096282958984, 34.3477725982666, 1.1677742004394531, 95.87907791137695, 771.5332508087158
0.07843971252441406, 2215.684413909912, 0.034809112548828125, 3.9985179901123047, 2.208232879638672, 33.329010009765625, 0.9083747863769531, 95.86668014526367, 773.3712196350098
0.09894371032714844, 2165.600061416626, 0.049591064453125, 4.079341888427734, 2.2401809692382812, 33.49637985229492, 0.9942054748535156, 95.16406059265137, 777.817964553833
0.08535385131835938, 2195.2261924743652, 0.04267692565917969, 4.016876220703125, 2.2454261779785156, 33.16974639892578, 0.8885860443115234, 95.88050842285156, 772.8688716888428
0.09059906005859375, 2171.787738800049, 0.051021575927734375, 4.091024398803711, 2.2220611572265625, 33.99920463562012, 0.9675025939941406, 96.44556045532227, 776.7455577850342
0.110626220703125, 2149.00279045105, 0.04649162292480469, 4.0340423583984375, 2.226114273071289, 33.1575870513916, 0.9927749633789062, 94.73943710327148, 770.2853679656982
0.09799003601074219, 2166.5568351745605, 0.034809112548828125, 4.034757614135742, 2.2039413452148438, 33.911943435668945, 1.2252330780029297, 95.49522399902344, 777.2846221923828
0.1087188720703125, 2165.48490524292, 0.03361701965332031, 4.000663757324219, 2.1932125091552734, 33.02478790283203, 0.8625984191894531, 95.04508972167969, 771.2206840515137
0.08869171142578125, 2163.7444496154785, 0.03337860107421875, 3.9844512939453125, 2.192974090576172, 37.32180595397949, 0.919342041015625, 95.80469131469727, 775.2621173858643
0.08678436279296875, 2170.6063747406006, 0.0591278076171875, 4.061460494995117, 2.1877288818359375, 33.21647644042969, 0.8752346038818359, 95.63231468200684, 777.6286602020264
0.09870529174804688, 2172.4202632904053, 0.032901763916015625, 4.00233268737793, 2.180337905883789, 32.87243843078613, 0.9815692901611328, 95.71099281311035, 776.8652439117432
0.0972747802734375, 2166.3060188293457, 0.04267692565917969, 4.002094268798828, 2.176046371459961, 33.45632553100586, 1.0514259338378906, 96.31872177124023, 780.1053524017334
0.07724761962890625, 2176.2406826019287, 0.03886222839355469, 4.0187835693359375, 2.2025108337402344, 33.7367057800293, 0.8842945098876953, 94.61522102355957, 777.3253917694092
0.09894371032714844, 2171.87762260437, 0.04982948303222656, 3.988504409790039, 2.207517623901367, 33.65755081176758, 1.1103153228759766, 97.20516204833984, 777.5781154632568
0.09846687316894531, 2193.1679248809814, 0.03409385681152344, 4.074335098266602, 2.25830078125, 33.5240364074707, 1.102447509765625, 96.24910354614258, 785.8617305755615
0.08916854858398438, 2231.8122386932373, 0.04839897155761719, 4.025459289550781, 2.144336700439453, 33.99777412414551, 0.8742809295654297, 94.8634147644043, 778.1212329864502
0.08749961853027344, 2207.766056060791, 0.03218650817871094, 4.08482551574707, 2.2881031036376953, 33.591270446777344, 1.0066032409667969, 95.14021873474121, 783.6000919342041
0.10085105895996094, 2176.3741970062256, 0.04482269287109375, 3.9954185485839844, 2.2428035736083984, 33.70475769042969, 0.8864402770996094, 95.42655944824219, 777.2457599639893
0.08940696716308594, 2166.924238204956, 0.024318695068359375, 4.033088684082031, 2.198934555053711, 33.90240669250488, 0.8707046508789062, 96.28486633300781, 775.7062911987305
0.09036064147949219, 2240.920066833496, 0.04363059997558594, 4.123687744140625, 2.2084712982177734, 33.23721885681152, 0.8974075317382812, 95.60632705688477, 783.2140922546387
0.08845329284667969, 2172.764778137207, 0.04267692565917969, 4.044294357299805, 2.1991729736328125, 33.412933349609375, 0.8766651153564453, 96.33564949035645, 773.2894420623779
0.08702278137207031, 2165.733814239502, 0.05602836608886719, 4.009723663330078, 2.2301673889160156, 32.7458381652832, 1.0936260223388672, 94.97904777526855, 775.7594585418701
0.08916854858398438, 2166.325092315674, 0.05602836608886719, 4.073381423950195, 2.2068023681640625, 32.94062614440918, 1.1715888977050781, 98.60539436340332, 776.0472297668457
0.10323524475097656, 2153.7842750549316, 0.032901763916015625, 3.961801528930664, 2.259969711303711, 32.624244689941406, 0.9920597076416016, 69.88334655761719, 801.750898361206
0.10776519775390625, 2221.0967540740967, 0.04673004150390625, 4.036188125610352, 2.185821533203125, 32.854557037353516, 0.9679794311523438, 95.4430103302002, 777.7345180511475
0.08749961853027344, 2155.097246170044, 0.033855438232421875, 4.075050354003906, 2.180814743041992, 32.62066841125488, 0.9405612945556641, 95.04127502441406, 772.632360458374
0.08916854858398438, 2225.1927852630615, 0.024080276489257812, 3.995656967163086, 2.1500587463378906, 33.16092491149902, 0.9069442749023438, 95.06416320800781, 775.975227355957
0.09989738464355469, 2205.387830734253, 0.0438690185546875, 3.967761993408203, 2.1991729736328125, 34.2249870300293, 0.8800029754638672, 96.2522029876709, 771.9802856445312
0.08726119995117188, 2189.8117065429688, 0.0324249267578125, 4.030466079711914, 2.2368431091308594, 33.85472297668457, 0.9763240814208984, 99.18832778930664, 771.2385654449463
0.087738037109375, 2172.516345977783, 0.03314018249511719, 4.063606262207031, 2.2683143615722656, 33.26153755187988, 0.9644031524658203, 94.6035385131836, 779.5109748840332
0.09894371032714844, 2162.3120307922363, 0.04363059997558594, 4.06646728515625, 2.2020339965820312, 33.04934501647949, 0.9357929229736328, 94.93660926818848, 774.8963832855225
0.10013580322265625, 2246.0689544677734, 0.050067901611328125, 4.102945327758789, 2.2335052490234375, 33.574581146240234, 1.062154769897461, 96.32539749145508, 783.433198928833
0.09822845458984375, 2191.4288997650146, 0.036716461181640625, 4.060506820678711, 2.2118091583251953, 33.3099365234375, 0.9331703186035156, 95.63922882080078, 787.0078086853027
0.08797645568847656, 2165.0326251983643, 0.032901763916015625, 4.043817520141602, 2.214670181274414, 34.00230407714844, 1.0325908660888672, 95.8096981048584, 773.7815380096436
0.10037422180175781, 2179.3558597564697, 0.04363059997558594, 4.127264022827148, 2.1598339080810547, 33.359527587890625, 0.823974609375, 95.66116333007812, 782.6244831085205
0.08869171142578125, 2215.010643005371, 0.023365020751953125, 4.036426544189453, 2.1669864654541016, 32.964229583740234, 0.8776187896728516, 94.56038475036621, 776.4816284179688
0.09751319885253906, 2146.7320919036865, 0.047206878662109375, 3.9343833923339844, 2.166748046875, 33.48278999328613, 0.9658336639404297, 94.36821937561035, 766.5212154388428
0.10800361633300781, 2166.0351753234863, 0.03337860107421875, 4.071235656738281, 2.242565155029297, 32.57346153259277, 0.9176731109619141, 94.89822387695312, 775.792121887207
0.08821487426757812, 2183.7117671966553, 0.023365020751953125, 4.105329513549805, 2.145528793334961, 32.922983169555664, 0.9562969207763672, 95.41201591491699, 780.482292175293
0.11205673217773438, 2184.1652393341064, 0.04482269287109375, 4.120111465454102, 2.190113067626953, 33.097028732299805, 0.9632110595703125, 94.99597549438477, 782.3421955108643
0.087738037109375, 2159.334659576416, 0.03266334533691406, 4.029273986816406, 2.2013187408447266, 33.095359802246094, 0.9725093841552734, 95.90435028076172, 774.8665809631348
0.09775161743164062, 2238.046407699585, 0.06031990051269531, 4.009008407592773, 2.240896224975586, 33.32877159118652, 0.8916854858398438, 95.82662582397461, 774.0025520324707
0.09751319885253906, 2190.3624534606934, 0.047206878662109375, 3.9968490600585938, 2.203702926635742, 32.596588134765625, 1.0044574737548828, 95.63612937927246, 779.4296741485596
0.08869171142578125, 2158.878803253174, 0.03409385681152344, 4.040718078613281, 2.1827220916748047, 33.2791805267334, 0.8997917175292969, 95.11995315551758, 772.3429203033447
0.08916854858398438, 2162.097215652466, 0.05435943603515625, 4.015445709228516, 2.1843910217285156, 33.0507755279541, 0.8678436279296875, 95.76821327209473, 773.6201286315918
0.09918212890625, 2198.0350017547607, 0.04458427429199219, 4.11534309387207, 2.218484878540039, 33.86116027832031, 0.9570121765136719, 96.42934799194336, 784.3103408813477
0.08749961853027344, 2197.2460746765137, 0.037670135498046875, 4.038572311401367, 2.2232532501220703, 32.508134841918945, 0.9887218475341797, 98.66690635681152, 782.5348377227783
0.09799003601074219, 2185.983896255493, 0.042438507080078125, 4.2171478271484375, 2.163410186767578, 33.37836265563965, 0.8771419525146484, 95.40057182312012, 785.9673500061035
0.10180473327636719, 2239.01104927063, 0.02384185791015625, 4.061222076416016, 2.1622180938720703, 34.03353691101074, 1.1034011840820312, 95.1681137084961, 794.8384284973145
0.09822845458984375, 2187.960386276245, 0.03910064697265625, 4.052877426147461, 2.206087112426758, 33.640146255493164, 0.9908676147460938, 95.06678581237793, 784.5385074615479
0.08869171142578125, 2180.4375648498535, 0.04601478576660156, 4.145622253417969, 2.2754669189453125, 33.6766242980957, 1.1947154998779297, 95.0174331665039, 780.7979583740234
0.09751319885253906, 2183.9840412139893, 0.0438690185546875, 4.00233268737793, 2.2001266479492188, 33.51330757141113, 1.1539459228515625, 96.54808044433594, 776.3786315917969
0.09870529174804688, 2174.643039703369, 0.03218650817871094, 4.07099723815918, 2.137899398803711, 32.95707702636719, 0.8394718170166016, 95.2911376953125, 777.585506439209
0.08797645568847656, 2229.9420833587646, 0.032901763916015625, 4.017353057861328, 2.1817684173583984, 33.34546089172363, 0.8776187896728516, 95.1535701751709, 768.5332298278809
0.08869171142578125, 2163.5518074035645, 0.04315376281738281, 4.019260406494141, 2.215862274169922, 33.58101844787598, 0.9496212005615234, 70.91236114501953, 800.7016181945801
0.10752677917480469, 2155.9576988220215, 0.06103515625, 4.013299942016602, 2.240419387817383, 33.048152923583984, 0.9245872497558594, 95.1995849609375, 774.8489379882812
0.09965896606445312, 2176.647186279297, 0.033855438232421875, 4.046201705932617, 2.2788047790527344, 33.29181671142578, 0.9012222290039062, 71.2270736694336, 806.7004680633545
0.09965896606445312, 2244.7617053985596, 0.05078315734863281, 4.168510437011719, 2.2940635681152344, 34.760475158691406, 1.0061264038085938, 72.66807556152344, 832.9081535339355
0.11897087097167969, 2169.2235469818115, 0.024080276489257812, 3.9856433868408203, 2.13623046875, 33.22911262512207, 0.8580684661865234, 95.18241882324219, 775.9649753570557
0.08845329284667969, 2158.2188606262207, 0.05412101745605469, 3.9510726928710938, 2.2509098052978516, 34.44647789001465, 0.9725093841552734, 70.76787948608398, 797.9376316070557
0.09846687316894531, 2176.952123641968, 0.03361701965332031, 3.985166549682617, 2.214193344116211, 34.18874740600586, 1.1851787567138672, 96.03428840637207, 780.0688743591309
0.08893013000488281, 2151.782512664795, 0.05793571472167969, 4.077434539794922, 2.176523208618164, 32.7913761138916, 1.0402202606201172, 98.0536937713623, 771.3539600372314
0.09822845458984375, 2213.4127616882324, 0.03337860107421875, 3.9844512939453125, 2.1462440490722656, 33.13708305358887, 0.8492469787597656, 95.3676700592041, 771.5942859649658
0.08869171142578125, 2198.4050273895264, 0.04482269287109375, 4.061222076416016, 2.208232879638672, 33.29014778137207, 0.8928775787353516, 95.71242332458496, 781.1257839202881
0.10156631469726562, 2203.267812728882, 0.03266334533691406, 4.0187835693359375, 2.258777618408203, 33.14495086669922, 0.9024143218994141, 70.42193412780762, 805.6528568267822
0.09655952453613281, 2241.300344467163, 0.05698204040527344, 4.082918167114258, 2.2225379943847656, 33.197641372680664, 1.230001449584961, 96.17376327514648, 776.9205570220947
0.10895729064941406, 2161.870241165161, 0.023365020751953125, 3.9627552032470703, 2.1479129791259766, 33.22720527648926, 0.9176731109619141, 95.38555145263672, 776.3299942016602
0.09918212890625, 2139.3299102783203, 0.03528594970703125, 4.18853759765625, 2.1822452545166016, 33.318281173706055, 0.8623600006103516, 94.92325782775879, 767.298698425293
0.09799003601074219, 2189.3088817596436, 0.04410743713378906, 4.11534309387207, 2.173900604248047, 33.09154510498047, 0.8947849273681641, 96.13609313964844, 784.0042114257812
0.1010894775390625, 2241.096019744873, 0.04982948303222656, 4.117012023925781, 2.294778823852539, 33.93125534057617, 0.8895397186279297, 96.10700607299805, 792.6681041717529
0.0972747802734375, 2180.407762527466, 0.04458427429199219, 4.074811935424805, 2.168416976928711, 32.47642517089844, 0.995635986328125, 98.46043586730957, 780.5683612823486
0.08702278137207031, 2206.223964691162, 0.05626678466796875, 4.018068313598633, 2.2046566009521484, 33.83207321166992, 0.9350776672363281, 95.25942802429199, 775.2151489257812
0.08726119995117188, 2250.016689300537, 0.05030632019042969, 4.094600677490234, 2.195596694946289, 32.67836570739746, 0.9331703186035156, 95.61371803283691, 783.7696075439453
0.08821487426757812, 2245.4545497894287, 0.03790855407714844, 4.099845886230469, 2.2132396697998047, 33.468008041381836, 0.8640289306640625, 95.27897834777832, 777.2848606109619
0.09846687316894531, 2178.455352783203, 0.03528594970703125, 3.9861202239990234, 2.2058486938476562, 32.64808654785156, 0.8838176727294922, 70.41811943054199, 809.6356391906738
0.09822845458984375, 2161.8945598602295, 0.03266334533691406, 4.012584686279297, 2.2525787353515625, 33.649444580078125, 0.9565353393554688, 94.61855888366699, 774.8386859893799
0.12350082397460938, 2195.5626010894775, 0.03337860107421875, 3.934621810913086, 2.205371856689453, 33.17070007324219, 0.9751319885253906, 95.42346000671387, 770.2903747558594
0.10037422180175781, 2153.679847717285, 0.03409385681152344, 4.036903381347656, 2.234935760498047, 33.44249725341797, 0.9360313415527344, 96.42195701599121, 771.3229656219482
0.09775161743164062, 2184.363603591919, 0.03314018249511719, 3.957033157348633, 2.199888229370117, 32.980918884277344, 1.0614395141601562, 95.52597999572754, 771.5423107147217
0.10228157043457031, 2183.5973262786865, 0.03504753112792969, 4.069328308105469, 2.1622180938720703, 33.864736557006836, 1.0766983032226562, 98.68383407592773, 783.4453582763672
0.10037422180175781, 2150.0768661499023, 0.034332275390625, 3.9348602294921875, 2.2139549255371094, 34.014225006103516, 0.919342041015625, 95.3226089477539, 772.723913192749
0.08893013000488281, 2148.6189365386963, 0.03361701965332031, 3.9844512939453125, 2.2602081298828125, 33.782243728637695, 0.8914470672607422, 96.54712677001953, 771.500825881958
0.09822845458984375, 2168.3552265167236, 0.03552436828613281, 3.9687156677246094, 2.278566360473633, 34.04593467712402, 1.0495185852050781, 95.56150436401367, 776.7822742462158
0.10085105895996094, 2170.196533203125, 0.032901763916015625, 4.010438919067383, 2.233266830444336, 33.77580642700195, 0.8487701416015625, 95.5514907836914, 778.0778408050537
0.08916854858398438, 2159.595012664795, 0.033855438232421875, 3.9396286010742188, 2.2745132446289062, 33.26559066772461, 0.9293556213378906, 95.51525115966797, 772.7251052856445
0.11038780212402344, 2252.589702606201, 0.03409385681152344, 4.094123840332031, 2.1507740020751953, 33.3707332611084, 1.1546611785888672, 95.2749252319336, 782.2027206420898
0.10061264038085938, 2183.1281185150146, 0.0457763671875, 4.113912582397461, 2.1736621856689453, 33.3707332611084, 0.8625984191894531, 95.81708908081055, 784.2750549316406
0.09989738464355469, 2186.0361099243164, 0.04935264587402344, 3.980398178100586, 2.1517276763916016, 33.0657958984375, 0.9288787841796875, 95.68595886230469, 776.9436836242676
0.08702278137207031, 2185.163736343384, 0.03361701965332031, 4.015922546386719, 2.2389888763427734, 34.06667709350586, 0.9658336639404297, 100.0211238861084, 780.3428173065186
0.08869171142578125, 2153.000593185425, 0.04363059997558594, 3.963470458984375, 2.258777618408203, 34.234046936035156, 1.0025501251220703, 96.56095504760742, 773.6210823059082
0.08797645568847656, 2153.992176055908, 0.0324249267578125, 3.9865970611572266, 2.229452133178711, 33.16783905029297, 1.0385513305664062, 95.82066535949707, 770.4825401306152
0.10037422180175781, 2180.554151535034, 0.04982948303222656, 4.058122634887695, 2.2301673889160156, 33.03050994873047, 1.062631607055664, 98.97470474243164, 779.4737815856934
0.087738037109375, 2170.0785160064697, 0.024318695068359375, 4.062175750732422, 2.2313594818115234, 33.126115798950195, 1.0612010955810547, 95.66950798034668, 768.5637474060059
0.09822845458984375, 2181.5316677093506, 0.04315376281738281, 4.048585891723633, 2.2122859954833984, 33.10894966125488, 0.9319782257080078, 96.45605087280273, 779.6969413757324
0.10967254638671875, 2198.4355449676514, 0.032901763916015625, 3.961801528930664, 2.222776412963867, 33.68067741394043, 0.9360313415527344, 96.53472900390625, 774.8191356658936
0.0896453857421875, 2244.877338409424, 0.05412101745605469, 4.128694534301758, 2.213716506958008, 34.04855728149414, 0.9684562683105469, 96.23551368713379, 790.4818058013916
0.11706352233886719, 2218.0750370025635, 0.04482269287109375, 4.148244857788086, 2.2492408752441406, 34.52563285827637, 0.8940696716308594, 96.12917900085449, 794.304609298706
0.08797645568847656, 2268.3255672454834, 0.040531158447265625, 4.043102264404297, 2.1567344665527344, 34.53874588012695, 0.8985996246337891, 95.2749252319336, 778.3198356628418
0.08726119995117188, 2165.9762859344482, 0.0324249267578125, 4.019737243652344, 2.2003650665283203, 33.489227294921875, 0.9975433349609375, 99.19905662536621, 775.5165100097656
0.08726119995117188, 2234.3106269836426, 0.03886222839355469, 3.9908885955810547, 2.1474361419677734, 33.72669219970703, 1.0025501251220703, 96.07148170471191, 778.2497406005859
0.08797645568847656, 2194.749355316162, 0.056743621826171875, 4.118442535400391, 2.166748046875, 33.01048278808594, 1.2273788452148438, 95.47567367553711, 787.3916625976562
0.09799003601074219, 2193.8676834106445, 0.047206878662109375, 4.108667373657227, 2.178192138671875, 32.25088119506836, 1.2042522430419922, 95.60370445251465, 783.851146697998
0.09918212890625, 2154.1213989257812, 0.03266334533691406, 4.009008407592773, 2.179384231567383, 33.02121162414551, 0.89263916015625, 94.59829330444336, 769.2594528198242
0.10013580322265625, 2160.7370376586914, 0.05030632019042969, 4.087924957275391, 2.1924972534179688, 34.23619270324707, 1.026153564453125, 96.4043140411377, 771.5942859649658
0.07724761962890625, 2150.7644653320312, 0.03337860107421875, 3.988027572631836, 2.2192001342773438, 33.19573402404785, 0.9074211120605469, 95.06845474243164, 772.8924751281738
0.08845329284667969, 2233.090400695801, 0.04935264587402344, 4.0187835693359375, 2.2401809692382812, 33.512115478515625, 0.9453296661376953, 96.2824821472168, 778.4464359283447
0.087738037109375, 2193.21870803833, 0.0324249267578125, 4.124164581298828, 2.1784305572509766, 33.447265625, 0.9837150573730469, 98.45709800720215, 777.6565551757812
0.08797645568847656, 2185.473680496216, 0.045299530029296875, 4.0149688720703125, 2.2139549255371094, 33.455848693847656, 1.0313987731933594, 95.91150283813477, 779.5491218566895
0.08797645568847656, 2169.9461936950684, 0.024080276489257812, 4.053592681884766, 2.221822738647461, 32.76371955871582, 0.9009838104248047, 95.19028663635254, 776.5634059906006
0.08702278137207031, 2166.4161682128906, 0.04363059997558594, 3.990650177001953, 2.18963623046875, 32.38534927368164, 1.0578632354736328, 97.87678718566895, 774.1641998291016
0.10561943054199219, 2210.6270790100098, 0.0457763671875, 4.008054733276367, 2.245187759399414, 33.116817474365234, 1.0385513305664062, 95.38984298706055, 772.1905708312988
0.087738037109375, 2216.327667236328, 0.03361701965332031, 4.045724868774414, 2.2110939025878906, 33.23173522949219, 0.9746551513671875, 95.44181823730469, 776.0396003723145
0.09989738464355469, 2187.612533569336, 0.03361701965332031, 4.019498825073242, 2.1398067474365234, 32.49192237854004, 0.8983612060546875, 94.59114074707031, 781.4218997955322
0.11229515075683594, 2153.5050868988037, 0.057220458984375, 4.011631011962891, 2.168893814086914, 32.584190368652344, 1.0027885437011719, 94.95091438293457, 771.3921070098877
0.09775161743164062, 2169.9440479278564, 0.044345855712890625, 3.997802734375, 2.162456512451172, 33.28061103820801, 0.9429454803466797, 99.17998313903809, 777.4124145507812
0.09894371032714844, 2163.2726192474365, 0.04696846008300781, 4.085063934326172, 2.2008419036865234, 32.83810615539551, 0.858306884765625, 94.85673904418945, 771.7890739440918
0.08678436279296875, 2186.654567718506, 0.0247955322265625, 4.057884216308594, 2.1800994873046875, 33.20479393005371, 1.0216236114501953, 95.08633613586426, 782.1381092071533
0.08821487426757812, 2214.5016193389893, 0.04601478576660156, 4.010915756225586, 2.2106170654296875, 33.13398361206055, 0.9083747863769531, 95.48068046569824, 785.4046821594238
0.10156631469726562, 2161.7143154144287, 0.045299530029296875, 4.090070724487305, 2.216339111328125, 33.27226638793945, 0.9064674377441406, 95.23320198059082, 772.6969718933105
0.09918212890625, 2250.3514289855957, 0.04410743713378906, 4.204034805297852, 2.1860599517822266, 33.98776054382324, 0.8871555328369141, 96.86779975891113, 780.4667949676514
0.09083747863769531, 2170.8364486694336, 0.036716461181640625, 4.079103469848633, 2.203226089477539, 33.30731391906738, 1.1668205261230469, 95.23296356201172, 776.8807411193848
0.10275840759277344, 2196.525812149048, 0.023126602172851562, 4.060506820678711, 2.255678176879883, 33.913612365722656, 1.199960708618164, 95.82710266113281, 771.9881534576416
0.09894371032714844, 2208.9626789093018, 0.04553794860839844, 4.08172607421875, 2.172231674194336, 32.860755920410156, 0.9694099426269531, 96.3437557220459, 775.1100063323975
0.09822845458984375, 2189.441442489624, 0.0457763671875, 3.978729248046875, 2.2368431091308594, 32.9129695892334, 1.1625289916992188, 98.9987850189209, 776.1011123657227
0.10013580322265625, 2190.490484237671, 0.04553794860839844, 4.075288772583008, 2.1469593048095703, 33.27751159667969, 0.8642673492431641, 95.55673599243164, 779.0708541870117
0.08702278137207031, 2150.447368621826, 0.031948089599609375, 3.9505958557128906, 2.1839141845703125, 32.78326988220215, 1.0383129119873047, 94.19465065002441, 768.6898708343506
0.09799003601074219, 2155.870199203491, 0.0438690185546875, 4.011631011962891, 2.2153854370117188, 33.36834907531738, 0.8704662322998047, 94.86722946166992, 773.6608982086182
0.09870529174804688, 2293.6928272247314, 0.03337860107421875, 4.114389419555664, 2.260923385620117, 33.91623497009277, 1.0018348693847656, 95.11065483093262, 780.9135913848877
0.09441375732421875, 2152.5917053222656, 0.034332275390625, 3.923177719116211, 2.2356510162353516, 32.78779983520508, 0.8916854858398438, 95.75557708740234, 769.049882888794
0.08726119995117188, 2177.0272254943848, 0.03337860107421875, 4.074335098266602, 2.1812915802001953, 33.23531150817871, 0.8890628814697266, 95.92628479003906, 780.806303024292
0.1010894775390625, 2183.9709281921387, 0.024318695068359375, 3.993988037109375, 2.2008419036865234, 33.93912315368652, 1.0783672332763672, 94.55299377441406, 774.2795944213867
0.09799003601074219, 2235.440492630005, 0.044345855712890625, 4.147768020629883, 2.136707305908203, 33.72359275817871, 0.8761882781982422, 95.35622596740723, 774.357795715332
0.09846687316894531, 2240.6511306762695, 0.047206878662109375, 3.9942264556884766, 2.2008419036865234, 32.78636932373047, 0.89263916015625, 95.19362449645996, 772.6397514343262
0.09989738464355469, 2169.0073013305664, 0.05459785461425781, 4.0225982666015625, 2.1893978118896484, 32.93132781982422, 0.9632110595703125, 99.33257102966309, 776.958703994751
0.09894371032714844, 2152.3852348327637, 0.047206878662109375, 3.9818286895751953, 2.1762847900390625, 32.92417526245117, 1.0194778442382812, 98.7238883972168, 771.4107036590576
0.09846687316894531, 2177.438974380493, 0.03147125244140625, 4.004240036010742, 2.239227294921875, 33.49423408508301, 0.9233951568603516, 95.48020362854004, 772.4719047546387
0.087738037109375, 2197.521448135376, 0.034332275390625, 4.0416717529296875, 2.263784408569336, 33.837318420410156, 0.8497238159179688, 95.8714485168457, 776.0672569274902
0.09965896606445312, 2256.566047668457, 0.04792213439941406, 4.005670547485352, 2.2139549255371094, 33.15258026123047, 0.9424686431884766, 96.13442420959473, 779.6947956085205
0.09846687316894531, 2267.565965652466, 0.050067901611328125, 4.004955291748047, 2.232789993286133, 32.90843963623047, 1.1053085327148438, 95.33143043518066, 779.8550128936768
0.08749961853027344, 2160.9222888946533, 0.031948089599609375, 4.083871841430664, 2.2096633911132812, 33.21504592895508, 1.1246204376220703, 98.50525856018066, 770.0331211090088
0.10251998901367188, 2159.393310546875, 0.03361701965332031, 3.951549530029297, 2.2661685943603516, 32.933712005615234, 1.0247230529785156, 94.65575218200684, 773.439884185791
0.08797645568847656, 2185.659408569336, 0.04506111145019531, 4.0531158447265625, 2.180337905883789, 33.27822685241699, 0.8692741394042969, 69.54693794250488, 807.9357147216797
0.09775161743164062, 2162.0094776153564, 0.04506111145019531, 4.0740966796875, 2.1936893463134766, 33.512115478515625, 0.9801387786865234, 98.55389595031738, 773.411750793457
0.1087188720703125, 2270.341396331787, 0.03409385681152344, 4.056453704833984, 2.176046371459961, 33.225059509277344, 0.9028911590576172, 95.7326889038086, 771.2967395782471
0.09775161743164062, 2208.2223892211914, 0.04887580871582031, 4.087686538696289, 2.2225379943847656, 36.68808937072754, 1.428842544555664, 110.31270027160645, 782.193660736084
0.07748603820800781, 2162.508964538574, 0.03314018249511719, 4.084587097167969, 2.2170543670654297, 33.786773681640625, 0.9856224060058594, 98.5419750213623, 776.6697406768799
0.08749961853027344, 2159.379243850708, 0.03314018249511719, 4.060506820678711, 2.2096633911132812, 32.94944763183594, 0.9624958038330078, 95.77417373657227, 771.867036819458
0.09918212890625, 2155.1077365875244, 0.03504753112792969, 3.9670467376708984, 2.165079116821289, 33.6606502532959, 0.885009765625, 95.93319892883301, 770.305871963501
0.08726119995117188, 2194.918394088745, 0.04982948303222656, 4.068851470947266, 2.202749252319336, 33.49947929382324, 0.9694099426269531, 95.73841094970703, 787.8003120422363
0.11014938354492188, 2210.0398540496826, 0.04267692565917969, 4.0760040283203125, 2.212047576904297, 33.59699249267578, 0.8747577667236328, 96.82726860046387, 788.9533042907715
0.10824203491210938, 2227.768659591675, 0.025033950805664062, 3.9463043212890625, 2.251148223876953, 33.091068267822266, 0.8378028869628906, 95.81875801086426, 773.1454372406006
0.1049041748046875, 2232.2299480438232, 0.040531158447265625, 4.103660583496094, 2.225637435913086, 33.658742904663086, 0.9324550628662109, 96.38524055480957, 771.6333866119385
0.09918212890625, 2179.8672676086426, 0.032901763916015625, 4.276037216186523, 2.2382736206054688, 34.070730209350586, 0.8902549743652344, 95.48783302307129, 778.9623737335205
0.080108642578125, 2168.1268215179443, 0.045299530029296875, 4.088401794433594, 2.1927356719970703, 33.52856636047363, 1.09100341796875, 95.93319892883301, 773.4172344207764
0.07867813110351562, 2186.0265731811523, 0.03504753112792969, 4.019021987915039, 2.1529197692871094, 33.63919258117676, 1.0752677917480469, 70.10746002197266, 800.9929656982422
0.11229515075683594, 2158.2422256469727, 0.03409385681152344, 3.9522647857666016, 2.1686553955078125, 33.25939178466797, 1.0447502136230469, 94.70677375793457, 770.5810070037842
0.09989738464355469, 2236.288070678711, 0.036716461181640625, 4.044532775878906, 2.2211074829101562, 33.67304801940918, 1.0581016540527344, 95.74103355407715, 774.4460105895996
0.08749961853027344, 2227.3943424224854, 0.04267692565917969, 4.080533981323242, 2.329587936401367, 33.143043518066406, 0.9541511535644531, 96.24171257019043, 790.6723022460938
0.10085105895996094, 2265.9499645233154, 0.03457069396972656, 4.031896591186523, 2.1257400512695312, 32.96041488647461, 0.8916854858398438, 96.01187705993652, 777.2297859191895
0.10848045349121094, 2194.0817832946777, 0.03409385681152344, 4.06193733215332, 2.190113067626953, 33.66518020629883, 0.9462833404541016, 96.09651565551758, 771.8729972839355
0.10037422180175781, 2273.2386589050293, 0.03337860107421875, 4.063844680786133, 2.233266830444336, 33.34379196166992, 0.9698867797851562, 95.35789489746094, 785.4948043823242
0.09775161743164062, 2180.6881427764893, 0.053882598876953125, 4.009008407592773, 2.1657943725585938, 32.6385498046875, 1.0230541229248047, 96.7710018157959, 780.7424068450928
0.09870529174804688, 2266.7508125305176, 0.05698204040527344, 4.027605056762695, 2.2253990173339844, 34.08384323120117, 0.9639263153076172, 95.63279151916504, 781.6369533538818
0.08726119995117188, 2187.3841285705566, 0.04267692565917969, 4.0073394775390625, 2.1867752075195312, 33.53428840637207, 0.8821487426757812, 95.34168243408203, 776.0090827941895
0.07677078247070312, 2151.6330242156982, 0.04506111145019531, 4.013299942016602, 2.2058486938476562, 32.97281265258789, 0.8571147918701172, 95.09134292602539, 773.1335163116455
0.08797645568847656, 2169.3341732025146, 0.05078315734863281, 3.999948501586914, 2.232789993286133, 32.928466796875, 0.9591579437255859, 98.34718704223633, 771.848201751709
0.087738037109375, 2167.0939922332764, 0.03266334533691406, 4.093408584594727, 2.2411346435546875, 33.164024353027344, 0.8943080902099609, 95.94488143920898, 775.015115737915
0.09918212890625, 2186.657667160034, 0.03409385681152344, 4.051923751831055, 2.222776412963867, 33.293724060058594, 0.9174346923828125, 96.11034393310547, 776.1194705963135
0.102996826171875, 2207.9691886901855, 0.04482269287109375, 4.020929336547852, 2.1522045135498047, 32.46498107910156, 1.219034194946289, 96.0690975189209, 777.2374153137207
0.09942054748535156, 2165.1718616485596, 0.04887580871582031, 4.032135009765625, 2.225637435913086, 33.33902359008789, 0.949859619140625, 95.0775146484375, 777.7440547943115
0.09036064147949219, 2156.951665878296, 0.043392181396484375, 3.990650177001953, 2.2389888763427734, 33.6155891418457, 1.1153221130371094, 95.61729431152344, 772.2961902618408
0.08726119995117188, 2230.9255599975586, 0.033855438232421875, 4.0760040283203125, 2.2249221801757812, 34.36279296875, 0.9779930114746094, 95.03817558288574, 774.4772434234619
0.09870529174804688, 2181.999444961548, 0.03409385681152344, 4.003763198852539, 2.185344696044922, 33.78868103027344, 0.8847713470458984, 95.1693058013916, 779.7698974609375
0.0972747802734375, 2143.3005332946777, 0.05698204040527344, 3.9615631103515625, 2.221345901489258, 33.88237953186035, 0.9186267852783203, 95.61371803283691, 770.2770233154297
0.0972747802734375, 2191.1258697509766, 0.04315376281738281, 4.050970077514648, 2.231121063232422, 34.16705131530762, 0.8702278137207031, 96.49491310119629, 784.4228744506836
0.09822845458984375, 2157.9699516296387, 0.03528594970703125, 4.003763198852539, 2.1543502807617188, 32.90390968322754, 0.9090900421142578, 95.13235092163086, 770.3590393066406
0.1125335693359375, 2162.3125076293945, 0.04982948303222656, 4.160642623901367, 2.1724700927734375, 33.10084342956543, 1.0111331939697266, 95.77059745788574, 776.3245105743408
0.09799003601074219, 2180.274248123169, 0.04291534423828125, 4.159688949584961, 2.1944046020507812, 32.773733139038086, 0.9057521820068359, 96.13251686096191, 782.1800708770752
0.08821487426757812, 2161.1955165863037, 0.04506111145019531, 4.038095474243164, 2.2013187408447266, 33.720970153808594, 0.8919239044189453, 95.94202041625977, 768.6977386474609
0.08845329284667969, 2198.739767074585, 0.03504753112792969, 3.9510726928710938, 2.180337905883789, 33.23197364807129, 0.8940696716308594, 95.13735771179199, 771.6810703277588
0.08893013000488281, 2154.271125793457, 0.033855438232421875, 3.997802734375, 2.269744873046875, 33.17904472351074, 0.8819103240966797, 95.8859920501709, 770.0023651123047
0.09846687316894531, 2167.8006649017334, 0.04935264587402344, 4.047870635986328, 2.1982192993164062, 32.858848571777344, 1.0552406311035156, 99.33948516845703, 777.0636081695557
0.09942054748535156, 2183.138370513916, 0.04553794860839844, 4.09245491027832, 2.3305416107177734, 32.97686576843262, 0.949859619140625, 96.74477577209473, 779.3045043945312
0.09918212890625, 2180.121660232544, 0.0476837158203125, 4.014730453491211, 2.219676971435547, 33.469438552856445, 1.094818115234375, 96.02880477905273, 779.1080474853516
0.11324882507324219, 2224.209785461426, 0.04982948303222656, 3.9899349212646484, 2.197742462158203, 33.46610069274902, 0.8635520935058594, 94.56515312194824, 771.4104652404785
0.11086463928222656, 2208.4784507751465, 0.02384185791015625, 4.026651382446289, 2.197265625, 34.59048271179199, 0.8995532989501953, 96.12226486206055, 789.0181541442871
0.10251998901367188, 2207.869052886963, 0.05793571472167969, 4.152536392211914, 2.2590160369873047, 33.15162658691406, 0.9429454803466797, 95.55697441101074, 781.7773818969727
0.09799003601074219, 2196.12193107605, 0.04220008850097656, 4.029512405395508, 2.1567344665527344, 33.66804122924805, 0.8609294891357422, 70.93405723571777, 815.9723281860352
0.08797645568847656, 2243.9920902252197, 0.03314018249511719, 3.988981246948242, 2.1715164184570312, 33.15091133117676, 1.195669174194336, 94.21753883361816, 773.6432552337646
0.1125335693359375, 2236.287832260132, 0.05269050598144531, 4.154205322265625, 2.1753311157226562, 33.568620681762695, 0.9298324584960938, 96.5731143951416, 784.9555015563965
0.09775161743164062, 2185.631513595581, 0.05555152893066406, 4.068851470947266, 2.2182464599609375, 33.5235595703125, 0.9074211120605469, 94.41399574279785, 775.9647369384766
0.08606910705566406, 2177.931308746338, 0.03361701965332031, 4.0740966796875, 2.186298370361328, 33.54644775390625, 0.946044921875, 94.5591926574707, 779.3703079223633
0.09846687316894531, 2292.5872802734375, 0.03910064697265625, 4.034280776977539, 2.1512508392333984, 33.2331657409668, 0.8521080017089844, 95.3969955444336, 787.609338760376
0.08869171142578125, 2178.2867908477783, 0.04363059997558594, 4.057407379150391, 2.237558364868164, 32.93037414550781, 0.9539127349853516, 98.45781326293945, 782.1826934814453
0.09894371032714844, 2218.254327774048, 0.034809112548828125, 4.12750244140625, 2.273082733154297, 33.156394958496094, 1.2302398681640625, 95.9017276763916, 781.8565368652344
0.09870529174804688, 2173.222541809082, 0.043392181396484375, 4.007816314697266, 2.1986961364746094, 33.796072006225586, 0.8702278137207031, 95.28088569641113, 778.7160873413086
0.09274482727050781, 2171.3719367980957, 0.023603439331054688, 4.015207290649414, 2.2287368774414062, 33.660173416137695, 0.8738040924072266, 95.66545486450195, 776.7124176025391
