0.34928321838378906, 2659.9302291870117, 0.04220008850097656, 4.095554351806641, 1.74713134765625, 33.576011657714844, 1.3213157653808594, 93.34111213684082, 865.670919418335
0.3724098205566406, 2648.954153060913, 0.04124641418457031, 4.125833511352539, 1.8157958984375, 33.889055252075195, 1.3060569763183594, 92.99015998840332, 856.3153743743896
0.3600120544433594, 2649.7373580932617, 0.04482269287109375, 4.054069519042969, 1.7580986022949219, 33.03790092468262, 1.375436782836914, 92.2996997833252, 856.1205863952637
0.3528594970703125, 2637.209177017212, 0.042438507080078125, 4.001617431640625, 1.8053054809570312, 32.938480377197266, 1.2309551239013672, 92.2856330871582, 856.9793701171875
0.3485679626464844, 2637.3560428619385, 0.04267692565917969, 4.020929336547852, 1.8317699432373047, 33.78462791442871, 1.4660358428955078, 93.62077713012695, 857.2492599487305
0.36406517028808594, 2645.265817642212, 0.05459785461425781, 4.109382629394531, 1.7671585083007812, 31.969547271728516, 1.337289810180664, 91.80045127868652, 859.572172164917
0.3771781921386719, 2632.2500705718994, 0.03170967102050781, 4.080057144165039, 1.7828941345214844, 32.28902816772461, 1.3020038604736328, 91.97115898132324, 856.1782836914062
0.3619194030761719, 2656.20756149292, 0.03170967102050781, 4.04047966003418, 1.7421245574951172, 33.186912536621094, 1.2423992156982422, 92.23651885986328, 854.2308807373047
0.3764629364013672, 2646.714687347412, 0.04076957702636719, 4.063844680786133, 1.7631053924560547, 32.9890251159668, 1.2547969818115234, 92.66805648803711, 862.1766567230225
0.35500526428222656, 2660.8643531799316, 0.041484832763671875, 4.117727279663086, 1.8270015716552734, 33.40888023376465, 1.1811256408691406, 92.81063079833984, 863.9922142028809
0.34308433532714844, 2646.8982696533203, 0.04291534423828125, 4.104137420654297, 1.8050670623779297, 32.84955024719238, 1.3625621795654297, 93.23883056640625, 856.8456172943115
0.3619194030761719, 2657.5448513031006, 0.04863739013671875, 4.100799560546875, 1.7819404602050781, 33.54215621948242, 1.3496875762939453, 93.25504302978516, 859.5926761627197
0.3504753112792969, 2646.2690830230713, 0.04172325134277344, 4.08172607421875, 1.7659664154052734, 33.181190490722656, 1.3270378112792969, 92.529296875, 857.8011989593506
0.36025047302246094, 2653.3098220825195, 0.03147125244140625, 4.112482070922852, 1.7740726470947266, 32.10639953613281, 1.5115737915039062, 91.80092811584473, 858.1364154815674
0.35119056701660156, 2640.6030654907227, 0.03266334533691406, 4.050970077514648, 1.8265247344970703, 33.51569175720215, 1.5330314636230469, 92.28873252868652, 857.4705123901367
0.35190582275390625, 2641.0365104675293, 0.021219253540039062, 4.0721893310546875, 1.7697811126708984, 32.7150821685791, 1.3065338134765625, 94.46096420288086, 862.4892234802246
0.3612041473388672, 2648.0753421783447, 0.04458427429199219, 4.069328308105469, 1.76239013671875, 32.956838607788086, 1.439809799194336, 92.85807609558105, 859.4498634338379
0.354766845703125, 2659.1062545776367, 0.04029273986816406, 4.061460494995117, 1.7714500427246094, 33.59484672546387, 1.4886856079101562, 91.77994728088379, 855.1332950592041
0.3514289855957031, 2631.009340286255, 0.033855438232421875, 4.106998443603516, 1.7991065979003906, 32.85479545593262, 1.2443065643310547, 92.53883361816406, 852.501392364502
0.3769397735595703, 2636.852264404297, 0.0209808349609375, 4.053592681884766, 1.744985580444336, 32.36198425292969, 1.2624263763427734, 92.01359748840332, 855.6544780731201
0.3643035888671875, 2634.160041809082, 0.045299530029296875, 4.108667373657227, 1.7957687377929688, 32.2420597076416, 1.748800277709961, 95.57723999023438, 851.4599800109863
0.36025047302246094, 2650.3231525421143, 0.03218650817871094, 4.145145416259766, 1.744985580444336, 33.217430114746094, 1.294851303100586, 92.30160713195801, 861.6831302642822
0.3745555877685547, 2652.463912963867, 0.04172325134277344, 4.094362258911133, 1.794576644897461, 32.26828575134277, 1.2278556823730469, 91.55678749084473, 855.2346229553223
0.3619194030761719, 2678.1725883483887, 0.0438690185546875, 4.188776016235352, 1.8007755279541016, 32.73367881774902, 1.3594627380371094, 96.48990631103516, 872.1745014190674
0.37550926208496094, 2668.2307720184326, 0.03218650817871094, 4.018068313598633, 1.821279525756836, 32.93561935424805, 1.2233257293701172, 92.03743934631348, 859.7571849822998
0.3924369812011719, 2674.4167804718018, 0.04124641418457031, 4.065036773681641, 1.8639564514160156, 33.327341079711914, 1.3668537139892578, 93.25742721557617, 866.2509918212891
0.3502368927001953, 2654.3078422546387, 0.04315376281738281, 4.115581512451172, 1.7638206481933594, 32.135963439941406, 1.233816146850586, 91.17245674133301, 862.4918460845947
0.3597736358642578, 2638.953685760498, 0.04839897155761719, 4.096031188964844, 1.7583370208740234, 34.06095504760742, 1.3346672058105469, 92.46993064880371, 854.2907238006592
0.3857612609863281, 2694.673538208008, 0.04458427429199219, 4.146099090576172, 1.7805099487304688, 32.82523155212402, 1.2841224670410156, 91.47453308105469, 866.6942119598389
0.40221214294433594, 2680.143117904663, 0.04744529724121094, 4.151582717895508, 1.768350601196289, 32.82976150512695, 1.5888214111328125, 92.33832359313965, 867.0923709869385
0.36144256591796875, 2648.4034061431885, 0.04482269287109375, 4.092216491699219, 1.758575439453125, 32.27519989013672, 1.67083740234375, 92.07463264465332, 859.8005771636963
0.37097930908203125, 2655.134916305542, 0.03147125244140625, 4.134416580200195, 1.7309188842773438, 32.58395195007324, 1.2195110321044922, 92.53239631652832, 862.6663684844971
0.3657341003417969, 2656.6896438598633, 0.020742416381835938, 4.009723663330078, 1.8093585968017578, 32.60660171508789, 1.3074874877929688, 92.33856201171875, 853.7399768829346
0.3612041473388672, 2633.9187622070312, 0.031232833862304688, 4.0035247802734375, 1.7991065979003906, 32.45067596435547, 1.293182373046875, 95.73030471801758, 854.9478054046631
0.35119056701660156, 2670.485258102417, 0.04601478576660156, 4.155874252319336, 1.7998218536376953, 33.08725357055664, 1.5099048614501953, 96.52590751647949, 868.7469959259033
0.3685951232910156, 2680.0265312194824, 0.0457763671875, 4.04810905456543, 1.7821788787841797, 32.74893760681152, 1.561880111694336, 92.1776294708252, 867.9955005645752
0.3910064697265625, 2662.6956462860107, 0.032901763916015625, 4.137516021728516, 1.7848014831542969, 33.965349197387695, 1.476287841796875, 93.40667724609375, 865.1096820831299
0.40984153747558594, 2692.4242973327637, 0.031948089599609375, 4.145622253417969, 1.7576217651367188, 33.405303955078125, 1.2407302856445312, 92.40174293518066, 873.4555244445801
0.36454200744628906, 2632.6215267181396, 0.031948089599609375, 4.0645599365234375, 1.7812252044677734, 32.561302185058594, 1.3265609741210938, 91.71843528747559, 850.2445220947266
0.3745555877685547, 2680.697202682495, 0.03218650817871094, 4.061698913574219, 1.748800277709961, 32.5617790222168, 1.2814998626708984, 92.74554252624512, 867.6700592041016
0.3609657287597656, 2656.3689708709717, 0.04076957702636719, 4.097700119018555, 1.888275146484375, 33.10084342956543, 1.5156269073486328, 92.84520149230957, 860.2480888366699
0.3943443298339844, 2668.1106090545654, 0.046253204345703125, 4.132747650146484, 1.7552375793457031, 32.849788665771484, 1.5039443969726562, 92.6504135131836, 863.3439540863037
0.3478527069091797, 2675.1506328582764, 0.04220008850097656, 4.043340682983398, 1.8362998962402344, 32.61089324951172, 1.2760162353515625, 92.83947944641113, 866.4829730987549
0.3509521484375, 2674.8883724212646, 0.0438690185546875, 4.038333892822266, 1.7905235290527344, 33.40864181518555, 1.2595653533935547, 92.11039543151855, 854.9556732177734
0.3628730773925781, 2632.1980953216553, 0.04458427429199219, 4.050254821777344, 1.7993450164794922, 32.57489204406738, 1.2178421020507812, 91.98999404907227, 856.7712306976318
0.35190582275390625, 2677.769184112549, 0.04792213439941406, 4.091978073120117, 1.748800277709961, 33.13946723937988, 1.2733936309814453, 92.43416786193848, 865.9584522247314
0.3712177276611328, 2622.7142810821533, 0.024080276489257812, 4.038810729980469, 1.764059066772461, 32.854318618774414, 1.33514404296875, 92.26131439208984, 851.9985675811768
0.3769397735595703, 2629.040479660034, 0.0438690185546875, 4.0435791015625, 1.8079280853271484, 33.067941665649414, 1.2524127960205078, 91.70079231262207, 855.3030490875244
0.35262107849121094, 2658.954381942749, 0.03218650817871094, 3.9823055267333984, 1.852273941040039, 33.39505195617676, 1.3010501861572266, 91.65358543395996, 859.5061302185059
0.3604888916015625, 2651.9508361816406, 0.0457763671875, 4.13203239440918, 1.8181800842285156, 33.408164978027344, 1.3070106506347656, 92.7734375, 861.8564605712891
0.3600120544433594, 2670.290231704712, 0.0400543212890625, 4.139423370361328, 1.8000602722167969, 34.101247787475586, 1.2962818145751953, 92.85902976989746, 863.9430999755859
0.3597736358642578, 2669.0938472747803, 0.030994415283203125, 3.998279571533203, 1.7142295837402344, 32.897233963012695, 1.2879371643066406, 92.15974807739258, 863.3983135223389
0.35071372985839844, 2670.839786529541, 0.030517578125, 4.047155380249023, 1.7914772033691406, 33.8892936706543, 1.3203620910644531, 92.32449531555176, 865.8032417297363
0.36525726318359375, 2644.2222595214844, 0.03266334533691406, 4.036903381347656, 1.7616748809814453, 32.72199630737305, 1.3058185577392578, 92.37861633300781, 857.5809001922607
0.3628730773925781, 2671.262264251709, 0.031232833862304688, 4.0798187255859375, 1.7995834350585938, 32.050371170043945, 1.2493133544921875, 92.4384593963623, 850.7754802703857
0.3790855407714844, 2662.5375747680664, 0.03147125244140625, 4.054546356201172, 1.7507076263427734, 32.956838607788086, 1.260519027709961, 92.49210357666016, 864.691972732544
0.3745555877685547, 2672.3365783691406, 0.0324249267578125, 4.009723663330078, 1.7795562744140625, 33.10656547546387, 1.2657642364501953, 92.81206130981445, 861.2940311431885
0.3616809844970703, 2634.697675704956, 0.030279159545898438, 4.014492034912109, 1.7588138580322266, 32.375335693359375, 1.3282299041748047, 92.19002723693848, 859.1310977935791
0.3628730773925781, 2667.865037918091, 0.04935264587402344, 4.009246826171875, 1.7249584197998047, 33.61701965332031, 1.2416839599609375, 93.1391716003418, 856.8627834320068
0.3666877746582031, 2642.587184906006, 0.04792213439941406, 4.092931747436523, 1.7859935760498047, 33.102989196777344, 1.439809799194336, 92.3454761505127, 856.9254875183105
0.36215782165527344, 2656.9912433624268, 0.048160552978515625, 4.0111541748046875, 1.8663406372070312, 33.53142738342285, 1.2202262878417969, 92.94605255126953, 854.9997806549072
0.3504753112792969, 2660.1524353027344, 0.031948089599609375, 4.045248031616211, 1.8374919891357422, 32.77111053466797, 1.3594627380371094, 91.90034866333008, 867.6841259002686
0.38933753967285156, 2647.3848819732666, 0.04410743713378906, 4.044055938720703, 1.7499923706054688, 32.712459564208984, 1.2950897216796875, 91.89319610595703, 856.9703102111816
0.35119056701660156, 2656.2066078186035, 0.03218650817871094, 4.024744033813477, 1.7676353454589844, 32.97543525695801, 1.4412403106689453, 92.15331077575684, 860.1419925689697
0.4088878631591797, 2676.926612854004, 0.048160552978515625, 4.092693328857422, 1.7852783203125, 32.822370529174805, 1.3782978057861328, 92.92888641357422, 867.8061962127686
0.3745555877685547, 2636.5275382995605, 0.0362396240234375, 4.004716873168945, 1.8086433410644531, 33.0660343170166, 1.2552738189697266, 92.40150451660156, 858.6928844451904
0.3426074981689453, 2661.088705062866, 0.04291534423828125, 4.003763198852539, 1.806497573852539, 32.781362533569336, 1.268148422241211, 91.23945236206055, 855.0844192504883
0.35643577575683594, 2620.135545730591, 0.0476837158203125, 4.053354263305664, 1.7294883728027344, 32.053470611572266, 1.2581348419189453, 92.28277206420898, 851.1724472045898
0.3616809844970703, 2637.024164199829, 0.04792213439941406, 4.088878631591797, 1.7800331115722656, 33.349037170410156, 1.3244152069091797, 93.06001663208008, 855.8862209320068
0.3650188446044922, 2642.557144165039, 0.048160552978515625, 4.021883010864258, 1.7859935760498047, 33.469200134277344, 1.2865066528320312, 94.5899486541748, 861.1576557159424
0.35119056701660156, 2695.9824562072754, 0.030755996704101562, 4.118680953979492, 1.764535903930664, 32.31167793273926, 1.3623237609863281, 92.20767021179199, 877.906084060669
0.36716461181640625, 2633.7106227874756, 0.030517578125, 4.054784774780273, 1.8458366394042969, 32.762765884399414, 1.252889633178711, 92.22221374511719, 853.8212776184082
0.3705024719238281, 2634.124755859375, 0.021696090698242188, 4.205942153930664, 1.7576217651367188, 33.40721130371094, 1.2981891632080078, 92.39864349365234, 856.1897277832031
0.4487037658691406, 2633.035659790039, 0.04291534423828125, 4.047870635986328, 1.7657279968261719, 31.826496124267578, 1.2865066528320312, 92.46563911437988, 854.3257713317871
0.3845691680908203, 2639.1286849975586, 0.041961669921875, 4.065036773681641, 1.8267631530761719, 33.188581466674805, 1.5344619750976562, 94.95067596435547, 856.8284511566162
0.36406517028808594, 2628.774642944336, 0.031948089599609375, 4.070043563842773, 1.7476081848144531, 32.895803451538086, 1.4824867248535156, 91.88628196716309, 854.7849655151367
0.36144256591796875, 2664.853572845459, 0.04220008850097656, 4.06336784362793, 1.7783641815185547, 33.1568717956543, 1.1930465698242188, 91.47262573242188, 860.917329788208
0.37360191345214844, 2659.8060131073, 0.041484832763671875, 4.104852676391602, 1.7917156219482422, 32.55319595336914, 1.340627670288086, 95.70980072021484, 861.0246181488037
0.3612041473388672, 2631.2100887298584, 0.04863739013671875, 3.996133804321289, 1.7735958099365234, 32.92536735534668, 1.363992691040039, 94.05136108398438, 855.3688526153564
0.35309791564941406, 2640.489339828491, 0.048160552978515625, 4.126071929931641, 1.7957687377929688, 31.717300415039062, 1.3217926025390625, 92.01216697692871, 857.6455116271973
0.36406517028808594, 2672.718286514282, 0.030994415283203125, 4.115104675292969, 1.8231868743896484, 32.45949745178223, 1.283407211303711, 95.94416618347168, 859.9984645843506
0.3638267517089844, 2683.7151050567627, 0.042438507080078125, 4.117488861083984, 1.8544197082519531, 33.50019454956055, 1.3058185577392578, 92.14520454406738, 865.5571937561035
0.3502368927001953, 2663.1076335906982, 0.04601478576660156, 4.122734069824219, 1.7852783203125, 32.21845626831055, 1.3194084167480469, 92.43249893188477, 864.0618324279785
0.3502368927001953, 2620.4793453216553, 0.04315376281738281, 4.049062728881836, 1.7654895782470703, 32.29689598083496, 1.249551773071289, 91.84932708740234, 849.7684001922607
0.36978721618652344, 2667.2115325927734, 0.04291534423828125, 4.076719284057617, 1.7826557159423828, 33.116817474365234, 1.5811920166015625, 92.29183197021484, 865.2279376983643
0.3578662872314453, 2660.104751586914, 0.04792213439941406, 4.057168960571289, 1.7783641815185547, 33.03027153015137, 1.4564990997314453, 93.75596046447754, 858.6654663085938
0.3514289855957031, 2669.295310974121, 0.022172927856445312, 4.06646728515625, 1.7731189727783203, 32.86910057067871, 1.4548301696777344, 92.10443496704102, 865.0429248809814
0.370025634765625, 2653.956413269043, 0.04792213439941406, 4.113912582397461, 1.7807483673095703, 33.31112861633301, 1.3089179992675781, 93.93501281738281, 861.9236946105957
0.3502368927001953, 2696.2668895721436, 0.05507469177246094, 4.061460494995117, 1.7769336700439453, 33.463478088378906, 1.3120174407958984, 93.32847595214844, 877.1445751190186
0.3581047058105469, 2664.0655994415283, 0.04172325134277344, 4.173517227172852, 1.8391609191894531, 33.283233642578125, 1.2905597686767578, 92.9112434387207, 868.563175201416
0.42057037353515625, 2673.539161682129, 0.04076957702636719, 4.141092300415039, 1.7769336700439453, 32.7146053314209, 1.1954307556152344, 92.37337112426758, 857.9542636871338
0.362396240234375, 2667.0475006103516, 0.04649162292480469, 4.142522811889648, 1.7795562744140625, 33.16164016723633, 1.5747547149658203, 92.29469299316406, 865.8621311187744
0.37598609924316406, 2634.86647605896, 0.020742416381835938, 4.0798187255859375, 1.744985580444336, 32.8216552734375, 1.3005733489990234, 92.06914901733398, 857.2006225585938
0.3516674041748047, 2645.5934047698975, 0.0209808349609375, 3.943204879760742, 1.8317699432373047, 32.32145309448242, 1.3022422790527344, 95.49427032470703, 855.6187152862549
0.3762245178222656, 2631.620407104492, 0.03170967102050781, 4.10008430480957, 1.7895698547363281, 32.22179412841797, 1.4755725860595703, 92.3309326171875, 855.3426265716553
0.3514289855957031, 2654.392957687378, 0.053882598876953125, 3.982067108154297, 1.7910003662109375, 34.089088439941406, 1.4674663543701172, 92.99468994140625, 855.6878566741943
0.3612041473388672, 2659.592628479004, 0.0438690185546875, 4.135847091674805, 1.7871856689453125, 32.43112564086914, 1.3036727905273438, 92.0257568359375, 862.9615306854248
0.3600120544433594, 2687.427759170532, 0.04506111145019531, 4.192113876342773, 1.7447471618652344, 33.10894966125488, 1.3308525085449219, 92.0555591583252, 870.0604438781738
0.3757476806640625, 2649.860620498657, 0.048160552978515625, 4.062891006469727, 1.8193721771240234, 33.14685821533203, 1.3744831085205078, 92.12517738342285, 860.5763912200928
0.3495216369628906, 2704.5230865478516, 0.031232833862304688, 4.132270812988281, 1.8222332000732422, 32.33909606933594, 1.237630844116211, 92.54765510559082, 864.8355007171631
0.3666877746582031, 2664.573907852173, 0.03170967102050781, 4.063606262207031, 1.7497539520263672, 33.104896545410156, 1.2445449829101562, 93.06836128234863, 858.2665920257568
0.3628730773925781, 2652.5015830993652, 0.04410743713378906, 3.9784908294677734, 1.817941665649414, 32.88125991821289, 1.2233257293701172, 92.38815307617188, 854.9277782440186
0.3523826599121094, 2651.097059249878, 0.04220008850097656, 4.106760025024414, 1.840829849243164, 31.88776969909668, 1.4793872833251953, 92.8189754486084, 861.8049621582031
0.3619194030761719, 2676.656484603882, 0.042438507080078125, 4.026651382446289, 1.7914772033691406, 32.39083290100098, 1.3201236724853516, 93.37997436523438, 863.0733489990234
0.35262107849121094, 2651.5862941741943, 0.03170967102050781, 4.091024398803711, 1.7857551574707031, 33.048152923583984, 1.3430118560791016, 94.06328201293945, 860.3193759918213
0.36454200744628906, 2658.308506011963, 0.04792213439941406, 4.133462905883789, 1.804351806640625, 32.1958065032959, 1.3027191162109375, 95.07155418395996, 857.5923442840576
0.3619194030761719, 2653.9077758789062, 0.030279159545898438, 4.038333892822266, 1.783132553100586, 32.84406661987305, 1.3127326965332031, 91.9179916381836, 865.1971817016602
0.3495216369628906, 2666.4397716522217, 0.03170967102050781, 4.131793975830078, 1.7628669738769531, 32.8829288482666, 1.354217529296875, 92.67497062683105, 865.3903007507324
0.35309791564941406, 2639.894962310791, 0.04076957702636719, 4.071950912475586, 1.847982406616211, 33.64849090576172, 1.2161731719970703, 92.84114837646484, 856.1630249023438
0.3609657287597656, 2640.1569843292236, 0.04172325134277344, 3.9815902709960938, 1.7955303192138672, 33.110857009887695, 1.2979507446289062, 93.39666366577148, 852.3480892181396
0.3533363342285156, 2656.1808586120605, 0.04673004150390625, 4.10008430480957, 1.7719268798828125, 32.98044204711914, 1.3287067413330078, 92.60749816894531, 863.0514144897461
0.3616809844970703, 2627.427339553833, 0.046253204345703125, 4.044532775878906, 1.8417835235595703, 32.534122467041016, 1.4262199401855469, 92.10896492004395, 858.4063053131104
0.362396240234375, 2668.5030460357666, 0.03337860107421875, 4.001617431640625, 1.8367767333984375, 33.17975997924805, 1.5194416046142578, 91.44401550292969, 867.0737743377686
0.37217140197753906, 2613.7170791625977, 0.04100799560546875, 4.050254821777344, 1.7404556274414062, 33.252716064453125, 1.3875961303710938, 93.02520751953125, 850.8310317993164
0.362396240234375, 2720.224380493164, 0.13113021850585938, 4.196643829345703, 1.8186569213867188, 32.332420349121094, 1.42669677734375, 92.53978729248047, 883.9461803436279
0.35071372985839844, 2635.70237159729, 0.04553794860839844, 3.9958953857421875, 1.7893314361572266, 32.393693923950195, 1.2431144714355469, 92.29230880737305, 855.7977676391602
0.3604888916015625, 2628.4215450286865, 0.04100799560546875, 3.971576690673828, 1.7790794372558594, 32.785892486572266, 1.3089179992675781, 91.68076515197754, 855.1056385040283
0.3781318664550781, 2637.1421813964844, 0.03266334533691406, 4.035472869873047, 1.7428398132324219, 32.9892635345459, 1.2359619140625, 92.0708179473877, 857.0916652679443
0.3490447998046875, 2641.925811767578, 0.04029273986816406, 4.047870635986328, 1.7688274383544922, 32.7455997467041, 1.3289451599121094, 92.86975860595703, 859.9696159362793
0.35572052001953125, 2693.1169033050537, 0.04506111145019531, 4.089117050170898, 1.8067359924316406, 32.62901306152344, 1.4908313751220703, 91.91274642944336, 871.0110187530518
0.3638267517089844, 2633.314371109009, 0.021457672119140625, 4.059791564941406, 1.7926692962646484, 33.01262855529785, 1.554250717163086, 91.27187728881836, 855.018138885498
0.3566741943359375, 2680.21559715271, 0.021696090698242188, 4.075765609741211, 1.772165298461914, 33.26892852783203, 1.2423992156982422, 92.18788146972656, 861.5953922271729
0.3616809844970703, 2687.720775604248, 0.04100799560546875, 4.186153411865234, 1.7981529235839844, 33.0202579498291, 1.2040138244628906, 93.31226348876953, 863.0220890045166
0.37479400634765625, 2688.950538635254, 0.04267692565917969, 3.977060317993164, 1.8341541290283203, 33.40959548950195, 1.2726783752441406, 91.75634384155273, 856.4832210540771
0.3504753112792969, 2624.7665882110596, 0.04363059997558594, 4.096746444702148, 1.7826557159423828, 32.393693923950195, 1.6074180603027344, 95.41654586791992, 851.4854907989502
0.3609657287597656, 2634.6964836120605, 0.03147125244140625, 4.014015197753906, 1.810312271118164, 32.52768516540527, 1.2459754943847656, 91.77589416503906, 854.8140525817871
0.3612041473388672, 2659.888744354248, 0.021696090698242188, 3.9763450622558594, 1.7621517181396484, 33.196449279785156, 1.4688968658447266, 92.0097827911377, 856.4162254333496
0.37479400634765625, 2669.3739891052246, 0.03170967102050781, 4.045724868774414, 1.7631053924560547, 32.9437255859375, 1.377105712890625, 92.88549423217773, 862.316370010376
0.35691261291503906, 2672.2517013549805, 0.03314018249511719, 4.086494445800781, 1.7833709716796875, 32.92250633239746, 1.1665821075439453, 91.4299488067627, 859.4224452972412
0.3628730773925781, 2630.22518157959, 0.031232833862304688, 3.9658546447753906, 1.7957687377929688, 32.180070877075195, 1.451730728149414, 94.90299224853516, 845.6964492797852
0.36215782165527344, 2616.2681579589844, 0.04315376281738281, 4.024744033813477, 1.7583370208740234, 33.03027153015137, 1.5139579772949219, 92.06461906433105, 847.0864295959473
0.3540515899658203, 2637.0577812194824, 0.030279159545898438, 4.133462905883789, 1.7676353454589844, 32.47570991516113, 1.634836196899414, 92.27323532104492, 854.311466217041
0.3972053527832031, 2659.2507362365723, 0.04506111145019531, 4.044294357299805, 1.7561912536621094, 32.263994216918945, 1.359701156616211, 91.96925163269043, 862.680196762085
0.3638267517089844, 2644.057512283325, 0.03314018249511719, 4.091978073120117, 1.7294883728027344, 32.23991394042969, 1.2755393981933594, 91.76230430603027, 859.3411445617676
0.3495216369628906, 2629.077911376953, 0.04291534423828125, 4.081487655639648, 1.8444061279296875, 33.327579498291016, 1.2156963348388672, 93.56355667114258, 855.3380966186523
0.4010200500488281, 2654.230833053589, 0.04267692565917969, 4.078388214111328, 1.7969608306884766, 34.28173065185547, 1.2547969818115234, 92.78631210327148, 861.8936538696289
0.3650188446044922, 2659.5871448516846, 0.031948089599609375, 4.063844680786133, 1.8205642700195312, 32.67931938171387, 1.3225078582763672, 91.5994644165039, 858.3617210388184
0.3509521484375, 2622.678279876709, 0.031232833862304688, 4.015684127807617, 1.7974376678466797, 32.67049789428711, 1.500844955444336, 92.96846389770508, 848.473072052002
0.38433074951171875, 2653.6545753479004, 0.03147125244140625, 4.047870635986328, 1.7330646514892578, 33.16211700439453, 1.2798309326171875, 92.73004531860352, 862.7340793609619
0.3769397735595703, 2623.779535293579, 0.04315376281738281, 4.043340682983398, 1.7428398132324219, 33.69545936584473, 1.195669174194336, 92.40388870239258, 853.2834053039551
0.3600120544433594, 2682.8198432922363, 0.03147125244140625, 4.116296768188477, 1.7235279083251953, 33.15424919128418, 1.2118816375732422, 92.18835830688477, 872.406005859375
0.3643035888671875, 2681.1275482177734, 0.04220008850097656, 4.1046142578125, 1.796722412109375, 33.629417419433594, 1.4691352844238281, 93.00613403320312, 867.4066066741943
0.36525726318359375, 2679.8622608184814, 0.022172927856445312, 4.073619842529297, 1.781463623046875, 33.53166580200195, 1.1878013610839844, 93.08695793151855, 871.3505268096924
0.36263465881347656, 2637.063503265381, 0.04291534423828125, 4.048347473144531, 1.7647743225097656, 33.21552276611328, 1.3031959533691406, 92.57674217224121, 852.320671081543
0.35500526428222656, 2648.745059967041, 0.04124641418457031, 3.9589405059814453, 1.7995834350585938, 34.07645225524902, 1.3740062713623047, 93.50419044494629, 853.2817363739014
0.3571510314941406, 2631.8862438201904, 0.03314018249511719, 4.027366638183594, 1.7666816711425781, 33.143043518066406, 1.2395381927490234, 91.30406379699707, 855.9792041778564
0.3654956817626953, 2629.1239261627197, 0.04172325134277344, 3.997325897216797, 1.7833709716796875, 33.17761421203613, 1.241922378540039, 92.29087829589844, 852.5810241699219
0.36525726318359375, 2653.593063354492, 0.0438690185546875, 4.05573844909668, 1.8227100372314453, 33.46967697143555, 1.2359619140625, 92.59963035583496, 863.323450088501
0.3647804260253906, 2629.5740604400635, 0.04506111145019531, 4.090309143066406, 1.787424087524414, 32.18793869018555, 1.2557506561279297, 92.22102165222168, 854.8836708068848
0.3604888916015625, 2645.146608352661, 0.0362396240234375, 4.094362258911133, 1.7895698547363281, 33.88381004333496, 1.3165473937988281, 96.37737274169922, 863.1241321563721
0.3612041473388672, 2621.7241287231445, 0.03218650817871094, 4.029512405395508, 1.787424087524414, 33.812522888183594, 1.2977123260498047, 91.96639060974121, 849.7850894927979
0.3600120544433594, 2669.827461242676, 0.03218650817871094, 4.040002822875977, 1.8219947814941406, 32.47570991516113, 1.3697147369384766, 93.39118003845215, 860.8548641204834
0.36787986755371094, 2667.8473949432373, 0.03218650817871094, 4.125833511352539, 1.752614974975586, 33.75840187072754, 1.2879371643066406, 92.79465675354004, 864.3326759338379
0.36334991455078125, 2638.582706451416, 0.03170967102050781, 3.9522647857666016, 1.7309188842773438, 32.90295600891113, 1.4116764068603516, 92.08106994628906, 853.4317016601562
0.3497600555419922, 2664.22176361084, 0.04124641418457031, 4.037380218505859, 1.7790794372558594, 33.746957778930664, 1.3244152069091797, 92.53072738647461, 863.5504245758057
0.3399848937988281, 2655.6973457336426, 0.021457672119140625, 4.114627838134766, 1.7979145050048828, 33.94508361816406, 1.538991928100586, 92.67973899841309, 862.8439903259277
0.35190582275390625, 2648.4556198120117, 0.04220008850097656, 4.085779190063477, 1.7273426055908203, 33.04457664489746, 1.2042522430419922, 91.95852279663086, 857.1054935455322
0.3917217254638672, 2646.272897720337, 0.0324249267578125, 4.07862663269043, 1.787424087524414, 33.5848331451416, 1.5370845794677734, 92.88907051086426, 859.8463535308838
0.3657341003417969, 2645.345687866211, 0.030994415283203125, 4.005670547485352, 1.8112659454345703, 32.713890075683594, 1.199960708618164, 91.91060066223145, 856.5804958343506
0.36144256591796875, 2697.3259449005127, 0.02193450927734375, 4.098415374755859, 1.8162727355957031, 33.46896171569824, 1.374959945678711, 93.57309341430664, 877.6884078979492
0.35452842712402344, 2651.278018951416, 0.03218650817871094, 4.026174545288086, 1.7733573913574219, 32.875776290893555, 1.287221908569336, 92.61155128479004, 858.008861541748
0.36215782165527344, 2655.2979946136475, 0.0400543212890625, 4.125356674194336, 1.8019676208496094, 33.63513946533203, 1.2853145599365234, 93.21260452270508, 861.9468212127686
0.3609657287597656, 2648.946523666382, 0.0553131103515625, 4.08625602722168, 1.7817020416259766, 33.16855430603027, 1.3210773468017578, 92.24486351013184, 859.1091632843018
0.36454200744628906, 2605.907917022705, 0.0324249267578125, 3.973722457885742, 1.7898082733154297, 33.09297561645508, 1.28936767578125, 91.68004989624023, 847.9938507080078
0.3654956817626953, 2616.3415908813477, 0.031232833862304688, 3.946542739868164, 1.749277114868164, 33.35237503051758, 1.3234615325927734, 93.13416481018066, 849.6792316436768
0.36144256591796875, 2666.536331176758, 0.04315376281738281, 4.1027069091796875, 1.8329620361328125, 33.24556350708008, 1.3086795806884766, 92.97680854797363, 864.9101257324219
0.38933753967285156, 2627.9568672180176, 0.04863739013671875, 4.073143005371094, 1.7201900482177734, 32.736778259277344, 1.2881755828857422, 92.2844409942627, 855.5376529693604
0.36525726318359375, 2644.686222076416, 0.031948089599609375, 4.060506820678711, 1.750946044921875, 34.10458564758301, 1.5888214111328125, 93.96505355834961, 859.8976135253906
0.3609657287597656, 2627.5153160095215, 0.039577484130859375, 4.056215286254883, 1.8055438995361328, 33.182382583618164, 1.3315677642822266, 92.74506568908691, 857.6405048370361
0.3566741943359375, 2698.429822921753, 0.0324249267578125, 4.020929336547852, 1.7557144165039062, 31.959056854248047, 1.2574195861816406, 91.58039093017578, 864.0034198760986
0.362396240234375, 2691.821813583374, 0.04267692565917969, 4.042625427246094, 1.7521381378173828, 32.73630142211914, 1.3015270233154297, 94.51413154602051, 861.8876934051514
0.36144256591796875, 2643.143892288208, 0.021219253540039062, 3.980875015258789, 1.7545223236083984, 33.31422805786133, 1.2865066528320312, 91.42470359802246, 853.2333374023438
0.35262107849121094, 2657.7701568603516, 0.03170967102050781, 4.101037979125977, 1.8088817596435547, 33.211708068847656, 1.2848377227783203, 93.14632415771484, 864.2787933349609
0.3523826599121094, 2643.4407234191895, 0.02193450927734375, 4.086494445800781, 1.7070770263671875, 32.355308532714844, 1.2497901916503906, 92.46277809143066, 859.8909378051758
0.3528594970703125, 2642.320394515991, 0.04315376281738281, 4.037141799926758, 1.791238784790039, 33.79416465759277, 1.2774467468261719, 91.9198989868164, 860.6038093566895
0.36215782165527344, 2690.340280532837, 0.04506111145019531, 4.110097885131836, 1.7724037170410156, 32.3939323425293, 1.5265941619873047, 91.60876274108887, 868.7083721160889
0.3712177276611328, 2692.018985748291, 0.0438690185546875, 4.112958908081055, 1.77764892578125, 33.0657958984375, 1.2454986572265625, 92.37074851989746, 873.6371994018555
0.3628730773925781, 2705.4603099823, 0.04506111145019531, 4.07719612121582, 1.8794536590576172, 32.585859298706055, 1.6350746154785156, 92.79227256774902, 858.8521480560303
0.35452842712402344, 2611.0482215881348, 0.030279159545898438, 4.070758819580078, 1.7895698547363281, 32.72128105163574, 1.2536048889160156, 92.62990951538086, 849.1470813751221
0.3581047058105469, 2673.654556274414, 0.031232833862304688, 4.1027069091796875, 1.7740726470947266, 32.804012298583984, 1.2476444244384766, 92.00167655944824, 862.1394634246826
0.37384033203125, 2673.877000808716, 0.03147125244140625, 4.090309143066406, 1.8000602722167969, 32.93752670288086, 1.2290477752685547, 92.24367141723633, 864.9094104766846
0.3762245178222656, 2645.8940505981445, 0.035762786865234375, 4.068136215209961, 1.8260478973388672, 33.47587585449219, 1.2784004211425781, 92.36955642700195, 859.4784736633301
0.3533363342285156, 2686.500310897827, 0.03266334533691406, 4.044532775878906, 1.737356185913086, 33.647775650024414, 1.1835098266601562, 93.49226951599121, 866.591215133667
0.35691261291503906, 2631.822347640991, 0.031948089599609375, 4.050731658935547, 1.714944839477539, 32.14597702026367, 1.2068748474121094, 91.99094772338867, 855.5543422698975
0.3638267517089844, 2630.340099334717, 0.030994415283203125, 4.040241241455078, 1.8112659454345703, 32.47404098510742, 1.323699951171875, 92.9560661315918, 853.3279895782471
0.3688335418701172, 2686.3465309143066, 0.044345855712890625, 4.161596298217773, 1.7960071563720703, 33.123016357421875, 1.2962818145751953, 93.98293495178223, 874.2778301239014
0.3662109375, 2656.285047531128, 0.02288818359375, 4.050493240356445, 1.7211437225341797, 33.00070762634277, 1.3132095336914062, 92.7884578704834, 856.4260005950928
0.3616809844970703, 2629.0948390960693, 0.035762786865234375, 4.009008407592773, 1.764535903930664, 32.45663642883301, 1.2083053588867188, 92.27466583251953, 852.8108596801758
0.3807544708251953, 2656.839370727539, 0.04887580871582031, 4.047870635986328, 1.7528533935546875, 33.9055061340332, 1.3611316680908203, 96.47750854492188, 858.6182594299316
0.3497600555419922, 2645.1594829559326, 0.021219253540039062, 4.006385803222656, 1.7540454864501953, 32.843589782714844, 1.3365745544433594, 92.87762641906738, 857.3431968688965
0.34046173095703125, 2662.062168121338, 0.04863739013671875, 4.148721694946289, 1.795053482055664, 33.26249122619629, 1.2767314910888672, 94.50578689575195, 853.4955978393555
0.3523826599121094, 2677.7429580688477, 0.04029273986816406, 4.094123840332031, 1.806497573852539, 32.8679084777832, 1.2099742889404297, 91.19415283203125, 870.7349300384521
0.36597251892089844, 2666.454553604126, 0.047206878662109375, 4.049777984619141, 1.7352104187011719, 32.69195556640625, 1.234292984008789, 92.96822547912598, 867.9697513580322
0.3566741943359375, 2668.398141860962, 0.04029273986816406, 4.086494445800781, 1.8167495727539062, 33.92624855041504, 1.299142837524414, 92.05126762390137, 866.0523891448975
0.40340423583984375, 2641.4544582366943, 0.0476837158203125, 3.9985179901123047, 1.787424087524414, 33.94508361816406, 1.3287067413330078, 91.7816162109375, 851.909875869751
0.3800392150878906, 2628.056049346924, 0.03647804260253906, 4.033565521240234, 1.787424087524414, 32.588958740234375, 1.2454986572265625, 92.18764305114746, 854.0935516357422
0.3497600555419922, 2659.0592861175537, 0.06628036499023438, 4.120349884033203, 1.764059066772461, 33.04338455200195, 1.3532638549804688, 92.95058250427246, 864.2454147338867
0.40078163146972656, 2656.768798828125, 0.03266334533691406, 4.024028778076172, 1.7497539520263672, 32.02104568481445, 1.4319419860839844, 91.5224552154541, 861.4084720611572
0.36072731018066406, 2690.213680267334, 0.041961669921875, 4.121541976928711, 1.9190311431884766, 33.9510440826416, 1.251220703125, 93.65463256835938, 864.3860816955566
0.36215782165527344, 2699.413299560547, 0.04267692565917969, 4.066705703735352, 1.7592906951904297, 32.876014709472656, 1.313924789428711, 92.03720092773438, 865.5316829681396
0.3809928894042969, 2659.8169803619385, 0.04172325134277344, 4.056453704833984, 1.7795562744140625, 32.93323516845703, 1.3985633850097656, 91.7978286743164, 862.0851039886475
0.3604888916015625, 2662.766218185425, 0.03170967102050781, 4.048824310302734, 1.7740726470947266, 32.6383113861084, 1.3594627380371094, 92.56768226623535, 862.5571727752686
0.3714561462402344, 2698.162317276001, 0.04172325134277344, 4.055261611938477, 1.814126968383789, 33.77556800842285, 1.3470649719238281, 92.64278411865234, 863.213062286377
0.35762786865234375, 2697.6852416992188, 0.043392181396484375, 4.174470901489258, 1.8010139465332031, 32.90534019470215, 1.2111663818359375, 91.01223945617676, 874.8698234558105
0.3597736358642578, 2630.2738189697266, 0.04792213439941406, 4.0531158447265625, 1.802682876586914, 32.39321708679199, 1.3511180877685547, 95.72577476501465, 851.1338233947754
0.3693103790283203, 2668.919324874878, 0.06079673767089844, 4.2552947998046875, 1.7976760864257812, 32.50908851623535, 1.3554096221923828, 95.92795372009277, 863.8803958892822
0.35834312438964844, 2682.4886798858643, 0.03266334533691406, 3.994464874267578, 1.7855167388916016, 33.00023078918457, 1.4448165893554688, 92.49424934387207, 858.710527420044
0.37407875061035156, 2624.1865158081055, 0.03218650817871094, 4.03141975402832, 1.7745494842529297, 32.72104263305664, 1.2176036834716797, 92.24414825439453, 852.0128726959229
0.3502368927001953, 2664.996385574341, 0.04220008850097656, 4.072427749633789, 1.8258094787597656, 34.08455848693848, 1.3022422790527344, 93.27530860900879, 859.760046005249
0.34999847412109375, 2656.703472137451, 0.03337860107421875, 4.119634628295898, 1.7802715301513672, 33.20884704589844, 1.3813972473144531, 91.69745445251465, 860.9545230865479
0.3504753112792969, 2644.078016281128, 0.04792213439941406, 4.155158996582031, 1.8734931945800781, 32.41777420043945, 1.24359130859375, 91.98260307312012, 864.2168045043945
0.36978721618652344, 2708.90474319458, 0.04744529724121094, 4.088640213012695, 1.7819404602050781, 32.67312049865723, 1.6319751739501953, 91.55583381652832, 869.2147731781006
0.37407875061035156, 2662.3945236206055, 0.04315376281738281, 4.073143005371094, 1.7786026000976562, 32.776594161987305, 1.3210773468017578, 92.05985069274902, 857.1090698242188
0.3688335418701172, 2658.1406593322754, 0.046253204345703125, 3.9865970611572266, 1.7981529235839844, 32.596588134765625, 1.2500286102294922, 92.44823455810547, 854.6895980834961
0.354766845703125, 2689.9759769439697, 0.022411346435546875, 3.9992332458496094, 1.730203628540039, 32.77301788330078, 1.2984275817871094, 93.1539535522461, 866.0471439361572
0.40531158447265625, 2643.2108879089355, 0.032901763916015625, 4.050731658935547, 1.7671585083007812, 32.923221588134766, 1.3113021850585938, 93.03569793701172, 857.9607009887695
0.3631114959716797, 2672.7335453033447, 0.05316734313964844, 4.12297248840332, 1.7695426940917969, 32.775163650512695, 1.4371871948242188, 92.05341339111328, 866.0392761230469
0.3523826599121094, 2664.1838550567627, 0.021696090698242188, 4.051685333251953, 1.760244369506836, 33.09488296508789, 1.2536048889160156, 92.26799011230469, 863.4381294250488
0.36215782165527344, 2674.4773387908936, 0.033855438232421875, 3.9904117584228516, 1.7735958099365234, 32.86290168762207, 1.2280941009521484, 91.74227714538574, 860.2931499481201
0.3535747528076172, 2661.720037460327, 0.0476837158203125, 4.052639007568359, 1.77001953125, 32.988786697387695, 1.3451576232910156, 95.3361988067627, 857.1150302886963
0.36334991455078125, 2655.569553375244, 0.04553794860839844, 4.2018890380859375, 1.7843246459960938, 32.462120056152344, 1.2483596801757812, 92.37861633300781, 859.6727848052979
0.3845691680908203, 2651.9343852996826, 0.04744529724121094, 4.0378570556640625, 1.7240047454833984, 32.67621994018555, 1.3141632080078125, 92.41724014282227, 862.2033596038818
0.36406517028808594, 2620.1796531677246, 0.045299530029296875, 4.090785980224609, 1.7426013946533203, 32.512664794921875, 1.2955665588378906, 95.91484069824219, 850.2576351165771
0.38051605224609375, 2683.9382648468018, 0.04506111145019531, 4.143238067626953, 1.7573833465576172, 33.07533264160156, 1.3277530670166016, 92.85354614257812, 861.6394996643066
0.37026405334472656, 2696.6845989227295, 0.04172325134277344, 4.089832305908203, 1.7764568328857422, 32.715797424316406, 1.2774467468261719, 91.78543090820312, 862.1342182159424
0.35452842712402344, 2661.6578102111816, 0.04076957702636719, 4.195928573608398, 1.786947250366211, 34.108877182006836, 1.2621879577636719, 93.2149887084961, 866.4493560791016
0.3559589385986328, 2640.787124633789, 0.030994415283203125, 4.108905792236328, 1.7766952514648438, 32.5927734375, 1.3124942779541016, 92.2703742980957, 858.0715656280518
0.34999847412109375, 2655.770778656006, 0.04863739013671875, 4.069328308105469, 1.7766952514648438, 33.06388854980469, 1.6775131225585938, 92.93699264526367, 859.0288162231445
0.3705024719238281, 2651.839256286621, 0.041484832763671875, 4.003286361694336, 1.7914772033691406, 33.254146575927734, 1.3229846954345703, 94.22755241394043, 854.5291423797607
0.35309791564941406, 2659.834146499634, 0.0457763671875, 4.083871841430664, 1.8224716186523438, 33.29873085021973, 1.397848129272461, 92.8041934967041, 862.3621463775635
0.37479400634765625, 2669.870138168335, 0.0438690185546875, 4.081964492797852, 1.790761947631836, 32.93633460998535, 1.2087821960449219, 92.12398529052734, 860.074520111084
0.4787445068359375, 2627.9516220092773, 0.0438690185546875, 4.03904914855957, 1.7740726470947266, 33.38432312011719, 1.6684532165527344, 92.47946739196777, 858.9279651641846
0.36454200744628906, 2692.030191421509, 0.04363059997558594, 4.06193733215332, 1.7633438110351562, 32.76777267456055, 1.508474349975586, 92.66018867492676, 866.2176132202148
0.35190582275390625, 2680.478572845459, 0.043392181396484375, 4.041433334350586, 1.8434524536132812, 33.90669822692871, 1.3248920440673828, 92.11444854736328, 865.7453060150146
0.3731250762939453, 2655.1337242126465, 0.04863739013671875, 4.1103363037109375, 1.8165111541748047, 32.23562240600586, 1.3382434844970703, 92.1323299407959, 862.7970218658447
0.3604888916015625, 2682.0263862609863, 0.04410743713378906, 4.1179656982421875, 1.7654895782470703, 32.69147872924805, 1.3568401336669922, 91.9351577758789, 862.1304035186768
0.35643577575683594, 2628.3724308013916, 0.056743621826171875, 4.0950775146484375, 1.766204833984375, 33.298492431640625, 1.3079643249511719, 93.03617477416992, 849.8778343200684
0.3535747528076172, 2633.2380771636963, 0.03266334533691406, 4.072427749633789, 1.783132553100586, 32.75108337402344, 1.1751651763916016, 92.15021133422852, 851.1209487915039
0.37217140197753906, 2647.8681564331055, 0.042438507080078125, 4.085302352905273, 1.7676353454589844, 32.03845024108887, 1.3074874877929688, 92.07320213317871, 858.8547706604004
0.3597736358642578, 2637.2175216674805, 0.04863739013671875, 4.062414169311523, 1.7848014831542969, 34.00707244873047, 1.5020370483398438, 92.4067497253418, 854.4456958770752
0.37384033203125, 2641.221523284912, 0.04291534423828125, 4.131555557250977, 1.8804073333740234, 32.151222229003906, 1.3124942779541016, 92.79990196228027, 855.4913997650146
0.35119056701660156, 2645.681858062744, 0.022172927856445312, 4.070520401000977, 1.7621517181396484, 32.607316970825195, 1.3599395751953125, 91.84002876281738, 857.3389053344727
0.3528594970703125, 2684.061288833618, 0.049114227294921875, 4.045724868774414, 1.7888545989990234, 33.62751007080078, 1.4836788177490234, 95.40390968322754, 860.1799011230469
0.34308433532714844, 2656.6803455352783, 0.033855438232421875, 4.095315933227539, 1.7859935760498047, 33.385515213012695, 1.2586116790771484, 92.56935119628906, 860.2821826934814
0.37360191345214844, 2652.484178543091, 0.045299530029296875, 4.103183746337891, 1.7621517181396484, 33.547163009643555, 1.283884048461914, 93.53780746459961, 859.8084449768066
0.35262107849121094, 2701.0324001312256, 0.043392181396484375, 4.119634628295898, 1.8045902252197266, 33.029794692993164, 1.2874603271484375, 92.63730049133301, 868.6115741729736
0.3619194030761719, 2649.4314670562744, 0.045299530029296875, 4.065275192260742, 1.8093585968017578, 32.76634216308594, 1.2369155883789062, 92.09752082824707, 856.2490940093994
0.34999847412109375, 2661.2679958343506, 0.040531158447265625, 4.099130630493164, 1.7936229705810547, 34.018754959106445, 1.2354850769042969, 93.25766563415527, 862.2307777404785
0.3619194030761719, 2664.1905307769775, 0.038623809814453125, 4.096746444702148, 1.76239013671875, 32.70888328552246, 1.3823509216308594, 96.51589393615723, 864.5946979522705
0.3528594970703125, 2646.1777687072754, 0.028848648071289062, 4.101037979125977, 1.7840862274169922, 33.48207473754883, 1.589059829711914, 92.68617630004883, 861.6714477539062
0.3559589385986328, 2700.6924152374268, 0.030755996704101562, 4.037141799926758, 1.834869384765625, 33.188581466674805, 1.3318061828613281, 93.40810775756836, 869.2576885223389
0.34117698669433594, 2660.550832748413, 0.0438690185546875, 4.015445709228516, 1.7523765563964844, 33.191680908203125, 1.5153884887695312, 92.12827682495117, 861.9678020477295
0.3402233123779297, 2668.552875518799, 0.03647804260253906, 4.124164581298828, 1.8155574798583984, 32.44900703430176, 1.36566162109375, 92.16594696044922, 865.8623695373535
0.36334991455078125, 2678.1129837036133, 0.041961669921875, 4.131555557250977, 1.7743110656738281, 33.150672912597656, 1.1746883392333984, 92.82207489013672, 869.7447776794434
0.3514289855957031, 2635.9927654266357, 0.030994415283203125, 3.9987564086914062, 1.796722412109375, 33.15401077270508, 1.3518333435058594, 91.49765968322754, 858.8981628417969
0.3609657287597656, 2814.8012161254883, 0.0438690185546875, 4.561185836791992, 1.8846988677978516, 33.21075439453125, 1.3070106506347656, 93.11127662658691, 913.3768081665039
0.3554821014404297, 2646.944522857666, 0.030755996704101562, 4.048585891723633, 1.7952919006347656, 33.4165096282959, 1.2018680572509766, 93.13082695007324, 859.4865798950195
0.3483295440673828, 2629.0442943573, 0.04267692565917969, 4.019021987915039, 1.7807483673095703, 32.75489807128906, 1.3394355773925781, 92.5452709197998, 851.2282371520996
0.3516674041748047, 2656.4950942993164, 0.04291534423828125, 4.093408584594727, 1.7728805541992188, 33.71286392211914, 1.5118122100830078, 92.7281379699707, 854.7425270080566
0.39887428283691406, 2607.555866241455, 0.042438507080078125, 3.976106643676758, 1.7986297607421875, 33.179521560668945, 1.3320446014404297, 96.30298614501953, 848.8881587982178
0.3604888916015625, 2669.5291996002197, 0.043392181396484375, 4.078388214111328, 1.7580986022949219, 33.48135948181152, 1.257181167602539, 93.12987327575684, 862.0707988739014
0.354766845703125, 2640.9080028533936, 0.03409385681152344, 4.0912628173828125, 1.7971992492675781, 33.11777114868164, 1.2352466583251953, 92.4379825592041, 853.7800312042236
0.3719329833984375, 2675.036668777466, 0.041961669921875, 4.088401794433594, 1.787424087524414, 32.77397155761719, 1.3704299926757812, 92.23031997680664, 863.2831573486328
0.3409385681152344, 2686.741352081299, 0.04220008850097656, 4.042863845825195, 1.77001953125, 33.51855278015137, 1.230001449584961, 92.20743179321289, 868.5915470123291
0.3521442413330078, 2611.1059188842773, 0.035762786865234375, 4.019498825073242, 1.714468002319336, 32.56845474243164, 1.3892650604248047, 93.44792366027832, 847.5637435913086
0.35953521728515625, 2638.7779712677, 0.03314018249511719, 3.996133804321289, 1.7464160919189453, 32.91797637939453, 1.2469291687011719, 92.86189079284668, 849.456787109375
0.3647804260253906, 2644.150495529175, 0.03218650817871094, 4.119396209716797, 1.7268657684326172, 33.286094665527344, 1.3284683227539062, 92.67973899841309, 861.5889549255371
0.3638267517089844, 2684.6511363983154, 0.05340576171875, 4.1065216064453125, 1.8134117126464844, 32.27972984313965, 1.3556480407714844, 96.19545936584473, 866.9211864471436
0.36835670471191406, 2653.9952754974365, 0.05221366882324219, 4.077672958374023, 1.8374919891357422, 32.88078308105469, 1.2631416320800781, 96.54569625854492, 862.6794815063477
0.3714561462402344, 2668.6673164367676, 0.04410743713378906, 4.10914421081543, 1.8112659454345703, 31.820297241210938, 1.3654232025146484, 95.7643985748291, 859.656810760498
0.3504753112792969, 2673.677682876587, 0.04220008850097656, 4.024267196655273, 1.756429672241211, 32.936811447143555, 1.4684200286865234, 91.08114242553711, 863.7449741363525
0.34999847412109375, 2649.6152877807617, 0.042438507080078125, 4.009723663330078, 1.8253326416015625, 33.68425369262695, 1.2359619140625, 93.12844276428223, 855.8478355407715
0.3597736358642578, 2637.159585952759, 0.05364418029785156, 3.996133804321289, 1.7752647399902344, 32.337188720703125, 1.1699199676513672, 92.1018123626709, 855.6375503540039
0.362396240234375, 2672.4913120269775, 0.042438507080078125, 4.153966903686523, 1.7948150634765625, 33.24317932128906, 1.4576911926269531, 94.87438201904297, 865.0596141815186
0.362396240234375, 2627.579689025879, 0.04100799560546875, 4.117012023925781, 1.7728805541992188, 32.94110298156738, 1.5530586242675781, 92.54574775695801, 855.2703857421875
0.35119056701660156, 2636.9259357452393, 0.031232833862304688, 4.04667854309082, 1.806020736694336, 33.241987228393555, 1.4226436614990234, 92.69094467163086, 858.184814453125
0.3502368927001953, 2653.627872467041, 0.055789947509765625, 4.062175750732422, 1.8618106842041016, 32.718658447265625, 1.1374950408935547, 91.70317649841309, 858.5507869720459
0.36025047302246094, 2652.2738933563232, 0.048160552978515625, 4.056692123413086, 1.8024444580078125, 33.568620681762695, 1.2736320495605469, 92.42057800292969, 861.332893371582
0.3733634948730469, 2635.6329917907715, 0.042438507080078125, 4.043340682983398, 1.7769336700439453, 32.49931335449219, 1.4233589172363281, 92.0100212097168, 849.6401309967041
0.3509521484375, 2643.329620361328, 0.03170967102050781, 4.023551940917969, 1.7230510711669922, 32.55963325500488, 1.3043880462646484, 92.90432929992676, 858.6335182189941
0.36716461181640625, 2651.3240337371826, 0.04839897155761719, 4.13966178894043, 1.7583370208740234, 32.96089172363281, 1.3523101806640625, 92.36788749694824, 857.8336238861084
0.3528594970703125, 2648.1733322143555, 0.031948089599609375, 4.083871841430664, 1.8048286437988281, 32.73200988769531, 1.2750625610351562, 93.76287460327148, 860.7487678527832
0.3650188446044922, 2654.2720794677734, 0.04482269287109375, 4.082679748535156, 1.7802715301513672, 32.675981521606445, 1.2638568878173828, 92.84639358520508, 859.9822521209717
0.3533363342285156, 2670.8264350891113, 0.03218650817871094, 4.045248031616211, 1.8482208251953125, 33.15901756286621, 1.3613700866699219, 93.32132339477539, 868.5898780822754
0.37479400634765625, 2652.2743701934814, 0.03266334533691406, 4.125356674194336, 1.7590522766113281, 32.60302543640137, 1.2753009796142578, 92.55194664001465, 862.1864318847656
0.3592967987060547, 2644.7808742523193, 0.04124641418457031, 4.103183746337891, 1.772165298461914, 32.18674659729004, 1.291036605834961, 95.19362449645996, 857.4111461639404
0.35119056701660156, 2663.250207901001, 0.06604194641113281, 4.09245491027832, 1.82342529296875, 33.88214111328125, 1.2891292572021484, 93.05787086486816, 865.1885986328125
0.3554821014404297, 2645.7138061523438, 0.031948089599609375, 4.123687744140625, 1.7848014831542969, 32.83858299255371, 1.53350830078125, 91.86244010925293, 854.2258739471436
0.3604888916015625, 2656.9736003875732, 0.022649765014648438, 4.0111541748046875, 1.8036365509033203, 33.730506896972656, 1.264810562133789, 92.94748306274414, 862.553596496582
0.3619194030761719, 2636.625289916992, 0.045299530029296875, 4.101276397705078, 1.8315315246582031, 33.20574760437012, 1.4529228210449219, 92.39745140075684, 857.7616214752197
0.39005279541015625, 2614.7947311401367, 0.04363059997558594, 4.067182540893555, 1.7845630645751953, 32.68170356750488, 1.3294219970703125, 91.49861335754395, 848.412275314331
0.3616809844970703, 2654.3729305267334, 0.04291534423828125, 4.058361053466797, 1.8413066864013672, 33.16521644592285, 1.3074874877929688, 95.31664848327637, 860.9592914581299
0.3631114959716797, 2640.843152999878, 0.048160552978515625, 4.026889801025391, 1.764535903930664, 33.30516815185547, 1.3706684112548828, 96.6343879699707, 856.8315505981445
0.3628730773925781, 2648.6783027648926, 0.04124641418457031, 4.058361053466797, 1.7223358154296875, 32.68313407897949, 1.2896060943603516, 92.38576889038086, 856.8053245544434
0.35381317138671875, 2679.225444793701, 0.04076957702636719, 4.037618637084961, 1.7693042755126953, 32.88626670837402, 1.2617111206054688, 92.30709075927734, 859.5178127288818
0.3409385681152344, 2665.243148803711, 0.034809112548828125, 4.017114639282227, 1.7905235290527344, 33.28561782836914, 1.2958049774169922, 92.33355522155762, 861.4809513092041
0.36644935607910156, 2641.883134841919, 0.04792213439941406, 4.102230072021484, 1.7669200897216797, 32.26494789123535, 1.491546630859375, 91.90225601196289, 856.7888736724854
0.37217140197753906, 2647.90940284729, 0.03361701965332031, 4.045963287353516, 1.7504692077636719, 39.97159004211426, 1.2917518615722656, 91.41874313354492, 857.2754859924316
0.36454200744628906, 2647.1738815307617, 0.05340576171875, 4.13060188293457, 1.813650131225586, 31.93068504333496, 1.3065338134765625, 95.39175033569336, 858.1802845001221
0.3733634948730469, 2665.3826236724854, 0.03790855407714844, 4.100561141967773, 1.7330646514892578, 32.967567443847656, 1.3544559478759766, 92.86236763000488, 865.1554584503174
0.3714561462402344, 2641.723394393921, 0.04792213439941406, 4.063129425048828, 1.786947250366211, 33.32972526550293, 1.3432502746582031, 96.66824340820312, 857.865571975708
0.3509521484375, 2666.2139892578125, 0.03147125244140625, 4.114627838134766, 1.8095970153808594, 32.85670280456543, 1.5294551849365234, 92.70763397216797, 867.4051761627197
0.35309791564941406, 2661.6814136505127, 0.03528594970703125, 4.104137420654297, 1.7535686492919922, 32.637834548950195, 1.5485286712646484, 92.68307685852051, 863.6515140533447
0.36835670471191406, 2648.6239433288574, 0.021696090698242188, 4.103183746337891, 1.775979995727539, 33.0197811126709, 1.2993812561035156, 92.08273887634277, 860.4874610900879
0.36025047302246094, 2656.1834812164307, 0.022172927856445312, 4.082202911376953, 1.760721206665039, 32.74798393249512, 1.3871192932128906, 95.48592567443848, 858.25514793396
0.35858154296875, 2645.1990604400635, 0.044345855712890625, 4.116535186767578, 1.760721206665039, 32.579660415649414, 1.2497901916503906, 92.65017509460449, 860.2027893066406
0.36215782165527344, 2653.235673904419, 0.04792213439941406, 4.117727279663086, 1.7993450164794922, 32.9282283782959, 1.3990402221679688, 96.17280960083008, 863.7237548828125
0.35119056701660156, 2639.6336555480957, 0.0553131103515625, 4.092693328857422, 1.7883777618408203, 32.778263092041016, 1.2478828430175781, 92.6666259765625, 856.095552444458
0.3676414489746094, 2720.435857772827, 0.05245208740234375, 4.15802001953125, 1.7933845520019531, 32.26900100708008, 1.2335777282714844, 92.09680557250977, 879.2767524719238
0.362396240234375, 2645.4107761383057, 0.021457672119140625, 4.079103469848633, 1.8448829650878906, 33.56504440307617, 1.3146400451660156, 93.52588653564453, 860.3529930114746
0.35452842712402344, 2678.478717803955, 0.0438690185546875, 4.026651382446289, 1.771688461303711, 32.8218936920166, 1.27410888671875, 93.22977066040039, 870.1050281524658
0.34999847412109375, 2634.162664413452, 0.04315376281738281, 4.039764404296875, 1.7790794372558594, 33.65635871887207, 1.2350082397460938, 91.99190139770508, 855.1502227783203
0.36144256591796875, 2685.1937770843506, 0.042438507080078125, 4.013299942016602, 1.7728805541992188, 32.236337661743164, 1.2784004211425781, 91.98665618896484, 858.7336540222168
0.3676414489746094, 2624.5415210723877, 0.044345855712890625, 4.199504852294922, 1.7671585083007812, 32.128334045410156, 1.239776611328125, 92.70811080932617, 851.2156009674072
0.37479400634765625, 2647.0913887023926, 0.03147125244140625, 4.063129425048828, 1.8165111541748047, 32.59420394897461, 1.3289451599121094, 95.25537490844727, 866.8501377105713
0.3552436828613281, 2636.2476348876953, 0.04124641418457031, 4.114627838134766, 1.8157958984375, 33.31279754638672, 1.2559890747070312, 93.03164482116699, 857.2788238525391
0.3509521484375, 2638.064384460449, 0.04649162292480469, 4.145622253417969, 1.7192363739013672, 33.36286544799805, 1.25885009765625, 92.02289581298828, 854.8483848571777
0.3421306610107422, 2691.6913986206055, 0.04649162292480469, 4.112720489501953, 1.7788410186767578, 32.35340118408203, 1.2576580047607422, 92.23771095275879, 865.4375076293945
0.3523826599121094, 2640.475034713745, 0.04458427429199219, 4.101037979125977, 1.7926692962646484, 33.237457275390625, 1.2559890747070312, 92.03863143920898, 858.6928844451904
0.3654956817626953, 2654.4196605682373, 0.0324249267578125, 4.075050354003906, 1.7290115356445312, 32.87315368652344, 1.2545585632324219, 91.97592735290527, 863.1026744842529
0.3514289855957031, 2635.423183441162, 0.04291534423828125, 4.077434539794922, 1.798868179321289, 33.502817153930664, 1.2998580932617188, 93.5206413269043, 857.1796417236328
0.35834312438964844, 2682.436943054199, 0.03314018249511719, 4.104137420654297, 1.7902851104736328, 33.293724060058594, 1.383066177368164, 92.33951568603516, 865.9253120422363
0.3502368927001953, 2628.0620098114014, 0.031232833862304688, 4.04810905456543, 1.7251968383789062, 32.257080078125, 1.2781620025634766, 91.52722358703613, 851.8693447113037
0.36144256591796875, 2626.146078109741, 0.03457069396972656, 3.9839744567871094, 1.7447471618652344, 32.895565032958984, 1.3172626495361328, 91.94374084472656, 852.433443069458
0.3535747528076172, 2674.8433113098145, 0.022649765014648438, 4.036664962768555, 1.756429672241211, 33.298492431640625, 1.2378692626953125, 92.46468544006348, 863.5947704315186
0.3933906555175781, 2627.1913051605225, 0.04315376281738281, 4.1046142578125, 1.7657279968261719, 32.15932846069336, 1.4278888702392578, 92.56267547607422, 854.8574447631836
0.3514289855957031, 2672.5926399230957, 0.040531158447265625, 4.10914421081543, 1.8393993377685547, 33.0047607421875, 1.3089179992675781, 92.58890151977539, 866.0528659820557
0.3743171691894531, 2654.8919677734375, 0.048160552978515625, 4.131317138671875, 1.7464160919189453, 33.1876277923584, 1.3692378997802734, 93.45102310180664, 863.8694286346436
0.3485679626464844, 2633.1698894500732, 0.04291534423828125, 4.035234451293945, 1.7943382263183594, 33.80107879638672, 1.5997886657714844, 92.12231636047363, 857.7601909637451
0.3685951232910156, 2661.41676902771, 0.054836273193359375, 4.019737243652344, 1.7561912536621094, 33.40792655944824, 1.1868476867675781, 92.6511287689209, 861.7455959320068
0.3504753112792969, 2632.5275897979736, 0.04172325134277344, 4.033565521240234, 1.7702579498291016, 32.97114372253418, 1.3272762298583984, 95.52311897277832, 851.4995574951172
0.36144256591796875, 2652.5583267211914, 0.04673004150390625, 4.126548767089844, 1.7466545104980469, 33.4477424621582, 1.2729167938232422, 93.03712844848633, 858.4744930267334
0.3609657287597656, 2668.1315898895264, 0.06008148193359375, 4.015207290649414, 1.7974376678466797, 32.9587459564209, 1.2707710266113281, 91.93825721740723, 858.6113452911377
0.3719329833984375, 2647.9885578155518, 0.044345855712890625, 4.063844680786133, 1.7282962799072266, 32.56797790527344, 1.4693737030029297, 95.22485733032227, 865.2818202972412
0.3409385681152344, 2680.983066558838, 0.05412101745605469, 4.207372665405273, 1.825094223022461, 32.95278549194336, 1.2836456298828125, 92.93437004089355, 871.143102645874
0.3495216369628906, 2657.5639247894287, 0.0209808349609375, 4.114389419555664, 1.806497573852539, 33.48088264465332, 1.4350414276123047, 92.88191795349121, 863.5711669921875
0.3724098205566406, 2651.4036655426025, 0.03838539123535156, 4.064083099365234, 1.737833023071289, 32.59563446044922, 1.3155937194824219, 91.76468849182129, 861.3572120666504
0.3764629364013672, 2646.5065479278564, 0.042438507080078125, 4.044055938720703, 1.7769336700439453, 32.35936164855957, 1.1875629425048828, 92.1485424041748, 858.9756488800049
0.370025634765625, 2630.9990882873535, 0.03600120544433594, 4.069089889526367, 1.7633438110351562, 33.084869384765625, 1.2845993041992188, 93.50275993347168, 852.0331382751465
0.3535747528076172, 2673.409938812256, 0.021696090698242188, 3.9873123168945312, 1.7180442810058594, 33.034324645996094, 1.2671947479248047, 92.51260757446289, 864.3269538879395
0.3693103790283203, 2714.4219875335693, 0.031232833862304688, 4.183530807495117, 1.806497573852539, 32.637596130371094, 1.3740062713623047, 92.34929084777832, 881.6111087799072
0.37407875061035156, 2653.122901916504, 0.04315376281738281, 4.069089889526367, 1.7511844635009766, 32.75561332702637, 1.3413429260253906, 92.5285816192627, 860.9035015106201
0.3762245178222656, 2660.3386402130127, 0.03170967102050781, 4.144906997680664, 1.7936229705810547, 33.88047218322754, 1.443624496459961, 92.0114517211914, 862.5965118408203
0.3731250762939453, 2628.0877590179443, 0.022411346435546875, 4.026651382446289, 1.7707347869873047, 33.34617614746094, 1.2340545654296875, 92.43583679199219, 851.2933254241943
0.36787986755371094, 2640.1207447052, 0.04458427429199219, 4.0874481201171875, 1.7893314361572266, 32.85622596740723, 1.3692378997802734, 92.25845336914062, 855.7264804840088
0.354766845703125, 2629.091501235962, 0.04220008850097656, 4.108190536499023, 1.7778873443603516, 33.364057540893555, 1.2860298156738281, 92.79823303222656, 854.2041778564453
0.3609657287597656, 2669.5847511291504, 0.04220008850097656, 4.04047966003418, 1.7654895782470703, 32.79280662536621, 1.310110092163086, 91.68338775634766, 856.8592071533203
0.35190582275390625, 2604.626417160034, 0.04553794860839844, 4.043340682983398, 1.7926692962646484, 32.143592834472656, 1.3575553894042969, 91.8571949005127, 848.0374813079834
0.34999847412109375, 2668.5378551483154, 0.031232833862304688, 4.018068313598633, 1.8377304077148438, 33.50949287414551, 1.2357234954833984, 92.58651733398438, 865.4069900512695
0.3483295440673828, 2627.556324005127, 0.029802322387695312, 4.087924957275391, 1.7566680908203125, 33.26892852783203, 1.2683868408203125, 92.2391414642334, 852.6220321655273
0.38313865661621094, 2629.2362213134766, 0.03933906555175781, 4.043340682983398, 1.8146038055419922, 33.14995765686035, 1.232147216796875, 93.07479858398438, 855.5827140808105
0.3638267517089844, 2646.719455718994, 0.03147125244140625, 4.094839096069336, 1.7352104187011719, 32.4864387512207, 1.2323856353759766, 92.81492233276367, 860.9776496887207
0.35309791564941406, 2643.5904502868652, 0.048160552978515625, 3.988981246948242, 1.7728805541992188, 33.22935104370117, 1.2929439544677734, 92.66829490661621, 856.0829162597656
0.3750324249267578, 2639.1916275024414, 0.022172927856445312, 3.9818286895751953, 1.7986297607421875, 33.05792808532715, 1.294851303100586, 92.29731559753418, 850.7466316223145
0.3502368927001953, 2655.627965927124, 0.0324249267578125, 4.075050354003906, 1.7695426940917969, 33.6003303527832, 1.2924671173095703, 91.4757251739502, 862.1118068695068
0.35858154296875, 2637.1371746063232, 0.03147125244140625, 4.029512405395508, 1.7580986022949219, 34.05880928039551, 1.4295578002929688, 93.32847595214844, 858.299732208252
0.3504753112792969, 2638.1680965423584, 0.031948089599609375, 3.940582275390625, 1.8033981323242188, 33.03122520446777, 1.4183521270751953, 92.58317947387695, 854.4716835021973
0.35953521728515625, 2648.1289863586426, 0.041484832763671875, 3.958463668823242, 1.8291473388671875, 32.80353546142578, 1.3267993927001953, 95.6735610961914, 857.9897880554199
0.3542900085449219, 2634.3369483947754, 0.03147125244140625, 3.9887428283691406, 1.737356185913086, 32.40227699279785, 1.2614727020263672, 91.28952026367188, 852.5111675262451
0.36716461181640625, 2653.289556503296, 0.04220008850097656, 4.107952117919922, 1.7588138580322266, 32.75465965270996, 1.3070106506347656, 95.01409530639648, 864.3617630004883
0.3733634948730469, 2649.9831676483154, 0.037670135498046875, 4.026651382446289, 1.809835433959961, 34.0576171875, 1.2638568878173828, 92.52715110778809, 860.1827621459961
0.3616809844970703, 2681.779146194458, 0.04220008850097656, 4.096031188964844, 1.7490386962890625, 32.88912773132324, 1.2633800506591797, 92.3776626586914, 865.2975559234619
0.35881996154785156, 2643.1381702423096, 0.0476837158203125, 4.089117050170898, 1.7786026000976562, 32.55176544189453, 1.7189979553222656, 96.65393829345703, 857.3851585388184
0.35953521728515625, 2666.522741317749, 0.05412101745605469, 4.091978073120117, 1.7714500427246094, 32.523155212402344, 1.3031959533691406, 91.94684028625488, 862.4172210693359
0.3688335418701172, 2649.5258808135986, 0.030517578125, 4.085302352905273, 1.8520355224609375, 33.249616622924805, 1.5170574188232422, 92.06247329711914, 858.7985038757324
0.3612041473388672, 2660.417318344116, 0.04506111145019531, 4.06646728515625, 1.7540454864501953, 32.75871276855469, 1.2047290802001953, 91.90726280212402, 860.264778137207
0.3662109375, 2667.778968811035, 0.03170967102050781, 4.06646728515625, 1.7774105072021484, 32.77993202209473, 1.344919204711914, 94.34247016906738, 863.4932041168213
0.36907196044921875, 2669.686794281006, 0.04506111145019531, 4.204273223876953, 1.7795562744140625, 33.07056427001953, 1.2772083282470703, 95.97158432006836, 867.0094013214111
0.3521442413330078, 2648.6573219299316, 0.03981590270996094, 4.13060188293457, 1.7812252044677734, 33.79511833190918, 1.2881755828857422, 93.2929515838623, 861.4466190338135
0.41294097900390625, 2610.2442741394043, 0.040531158447265625, 4.0130615234375, 1.7926692962646484, 33.136606216430664, 1.2819766998291016, 92.66161918640137, 849.2593765258789
0.38504600524902344, 2648.3912467956543, 0.030755996704101562, 4.089832305908203, 1.7800331115722656, 32.7601432800293, 1.1665821075439453, 91.91727638244629, 858.2637310028076
0.36215782165527344, 2665.6765937805176, 0.05745887756347656, 4.080772399902344, 1.7218589782714844, 33.28084945678711, 1.3659000396728516, 91.76135063171387, 866.473913192749
0.3592967987060547, 2658.81609916687, 0.029802322387695312, 4.141569137573242, 1.771688461303711, 32.91511535644531, 1.5506744384765625, 95.98875045776367, 858.5882186889648
0.3714561462402344, 2685.7388019561768, 0.04839897155761719, 4.14586067199707, 1.8134117126464844, 32.6383113861084, 1.2536048889160156, 93.23406219482422, 870.3813552856445
0.39124488830566406, 2623.5291957855225, 0.039577484130859375, 4.042625427246094, 1.7423629760742188, 32.95779228210449, 1.2934207916259766, 92.84567832946777, 852.3120880126953
0.3643035888671875, 2672.8672981262207, 0.04458427429199219, 4.128932952880859, 1.819610595703125, 32.6385498046875, 1.3010501861572266, 95.76869010925293, 863.3809089660645
0.3807544708251953, 2629.915952682495, 0.02193450927734375, 3.9474964141845703, 1.750946044921875, 33.51902961730957, 1.2428760528564453, 92.72146224975586, 853.2810211181641
0.3788471221923828, 2628.779649734497, 0.03266334533691406, 3.9892196655273438, 1.7244815826416016, 32.5617790222168, 1.3380050659179688, 91.6891098022461, 851.5655994415283
0.3643035888671875, 2654.827356338501, 0.05245208740234375, 4.017353057861328, 1.7764568328857422, 32.88626670837402, 1.3890266418457031, 95.37887573242188, 861.9332313537598
0.3590583801269531, 2672.4767684936523, 0.04100799560546875, 4.064321517944336, 1.8379688262939453, 33.002614974975586, 1.4302730560302734, 91.80068969726562, 864.4614219665527
0.3514289855957031, 2630.9986114501953, 0.042438507080078125, 3.9892196655273438, 1.8732547760009766, 32.93275833129883, 1.2302398681640625, 92.68307685852051, 856.6608428955078
0.37097930908203125, 2664.998769760132, 0.03361701965332031, 4.105806350708008, 1.7795562744140625, 33.1268310546875, 1.2159347534179688, 92.44418144226074, 868.2074546813965
0.36406517028808594, 2657.3777198791504, 0.030279159545898438, 4.082918167114258, 1.7778873443603516, 36.818742752075195, 2.1064281463623047, 100.82745552062988, 862.4491691589355
0.3712177276611328, 2671.527147293091, 0.04291534423828125, 4.107236862182617, 1.7559528350830078, 33.44368934631348, 1.302957534790039, 95.70169448852539, 869.5111274719238
0.3514289855957031, 2676.8946647644043, 0.023365020751953125, 3.9520263671875, 1.791238784790039, 33.22315216064453, 1.3535022735595703, 92.43512153625488, 860.100269317627
0.3643035888671875, 2615.868330001831, 0.055789947509765625, 4.063129425048828, 1.7743110656738281, 32.80282020568848, 1.2712478637695312, 91.63522720336914, 847.7835655212402
0.3657341003417969, 2627.4964809417725, 0.04410743713378906, 3.9992332458496094, 1.8033981323242188, 33.3867073059082, 1.2924671173095703, 92.88716316223145, 853.3694744110107
0.37741661071777344, 2668.1838035583496, 0.04458427429199219, 4.149198532104492, 1.8019676208496094, 32.94992446899414, 1.302957534790039, 94.1171646118164, 868.100643157959
0.3628730773925781, 2628.455400466919, 0.04172325134277344, 4.005193710327148, 1.7669200897216797, 33.21695327758789, 1.363992691040039, 92.73004531860352, 856.8389415740967
0.3619194030761719, 2633.575677871704, 0.041961669921875, 4.113674163818359, 1.828908920288086, 32.55748748779297, 1.2254714965820312, 92.1468734741211, 852.1654605865479
0.35858154296875, 2682.3830604553223, 0.05245208740234375, 4.036188125610352, 1.847982406616211, 33.90073776245117, 1.4374256134033203, 93.16682815551758, 863.0201816558838
0.3571510314941406, 2659.7723960876465, 0.04482269287109375, 4.072904586791992, 1.7926692962646484, 33.409833908081055, 1.359701156616211, 92.68927574157715, 863.4734153747559
0.3495216369628906, 2638.3864879608154, 0.022411346435546875, 4.002094268798828, 1.8298625946044922, 32.73916244506836, 1.1696815490722656, 93.13654899597168, 859.8017692565918
0.4417896270751953, 2679.0919303894043, 0.04172325134277344, 4.528522491455078, 1.8339157104492188, 32.15169906616211, 1.4488697052001953, 92.25344657897949, 870.8219528198242
0.36787986755371094, 2630.537986755371, 0.06222724914550781, 4.044771194458008, 1.7333030700683594, 31.905174255371094, 1.2388229370117188, 92.01884269714355, 854.8774719238281
0.37860870361328125, 2672.6057529449463, 0.02288818359375, 4.095315933227539, 1.7254352569580078, 32.63497352600098, 1.2171268463134766, 91.49026870727539, 867.1853542327881
0.3504753112792969, 2634.401798248291, 0.048160552978515625, 4.0569305419921875, 1.7409324645996094, 33.40435028076172, 1.2123584747314453, 92.82994270324707, 854.9849987030029
0.37670135498046875, 2662.7137660980225, 0.04100799560546875, 4.007577896118164, 1.8579959869384766, 32.3028564453125, 1.4836788177490234, 92.95296669006348, 859.3442440032959
0.3516674041748047, 2709.0699672698975, 0.029325485229492188, 4.142522811889648, 1.8649101257324219, 33.308982849121094, 1.3689994812011719, 92.70906448364258, 870.586633682251
0.35309791564941406, 2675.558090209961, 0.04267692565917969, 4.05120849609375, 1.7528533935546875, 32.96232223510742, 1.4259815216064453, 94.95353698730469, 868.9756393432617
0.362396240234375, 2719.2609310150146, 0.04315376281738281, 4.0950775146484375, 1.7778873443603516, 33.916473388671875, 1.3201236724853516, 91.97282791137695, 876.1782646179199
0.3750324249267578, 2653.869152069092, 0.03218650817871094, 4.08482551574707, 1.8868446350097656, 33.26129913330078, 1.2705326080322266, 91.48311614990234, 858.001708984375
0.3685951232910156, 2665.109157562256, 0.04172325134277344, 4.142045974731445, 1.7850399017333984, 32.745361328125, 1.4801025390625, 92.24343299865723, 864.2709255218506
0.3795623779296875, 2680.176019668579, 0.030755996704101562, 4.091739654541016, 1.768350601196289, 32.595157623291016, 1.2829303741455078, 93.8558578491211, 865.0922775268555
0.35953521728515625, 2695.3694820404053, 0.04315376281738281, 4.0378570556640625, 1.8033981323242188, 33.262014389038086, 1.2958049774169922, 92.33713150024414, 864.7804260253906
0.3879070281982422, 2660.909414291382, 0.031948089599609375, 4.097700119018555, 1.7495155334472656, 32.52601623535156, 1.5265941619873047, 92.32616424560547, 867.546796798706
0.35071372985839844, 2669.743776321411, 0.040531158447265625, 4.166364669799805, 1.840829849243164, 33.362627029418945, 1.3098716735839844, 92.63467788696289, 867.173433303833
0.3807544708251953, 2688.598155975342, 0.04267692565917969, 4.075288772583008, 1.7781257629394531, 33.15591812133789, 1.1949539184570312, 92.60749816894531, 863.6667728424072
0.36454200744628906, 2669.910192489624, 0.044345855712890625, 4.057407379150391, 1.8515586853027344, 32.32216835021973, 1.3377666473388672, 91.46475791931152, 859.6911430358887
0.3514289855957031, 2603.440284729004, 0.04315376281738281, 4.020214080810547, 1.8117427825927734, 33.236026763916016, 1.2197494506835938, 93.28746795654297, 847.0041751861572
0.35190582275390625, 2651.6056060791016, 0.03647804260253906, 4.09388542175293, 1.7981529235839844, 33.26606750488281, 1.2586116790771484, 92.40007400512695, 853.766679763794
0.3504753112792969, 2628.5276412963867, 0.050067901611328125, 4.061460494995117, 1.7704963684082031, 33.17856788635254, 1.2936592102050781, 92.33379364013672, 851.8557548522949
0.35309791564941406, 2641.842842102051, 0.03147125244140625, 4.075765609741211, 1.7352104187011719, 34.00993347167969, 1.5950202941894531, 93.0016040802002, 855.5891513824463
0.35381317138671875, 2660.306453704834, 0.0457763671875, 4.081487655639648, 1.7657279968261719, 32.51385688781738, 1.2776851654052734, 92.7426815032959, 861.7396354675293
0.3616809844970703, 2652.8522968292236, 0.043392181396484375, 4.105091094970703, 1.766204833984375, 32.466888427734375, 1.4314651489257812, 92.65327453613281, 861.3014221191406
0.3502368927001953, 2654.3662548065186, 0.042438507080078125, 4.094600677490234, 1.7461776733398438, 33.3707332611084, 1.2557506561279297, 92.48185157775879, 859.4303131103516
0.3600120544433594, 2646.1946964263916, 0.04029273986816406, 4.040718078613281, 1.7828941345214844, 33.887624740600586, 1.2078285217285156, 92.26012229919434, 858.8926792144775
0.3523826599121094, 2644.348382949829, 0.03266334533691406, 4.065036773681641, 1.8150806427001953, 32.92655944824219, 1.2187957763671875, 91.67218208312988, 858.0343723297119
0.37360191345214844, 2662.339448928833, 0.047206878662109375, 4.094600677490234, 1.8138885498046875, 33.629417419433594, 1.4488697052001953, 94.8033332824707, 856.3039302825928
0.3426074981689453, 2641.402006149292, 0.042438507080078125, 3.9708614349365234, 1.7704963684082031, 33.36143493652344, 1.5063285827636719, 91.92204475402832, 856.5804958343506
0.35262107849121094, 2700.1442909240723, 0.022172927856445312, 4.071712493896484, 1.8596649169921875, 33.269405364990234, 1.325368881225586, 92.95296669006348, 869.4972991943359
0.35071372985839844, 2641.1287784576416, 0.03314018249511719, 4.06193733215332, 1.8088817596435547, 33.46824645996094, 1.6469955444335938, 92.69452095031738, 856.1270236968994
0.3497600555419922, 2636.0535621643066, 0.03266334533691406, 4.097700119018555, 1.7559528350830078, 32.859086990356445, 1.2960433959960938, 92.27108955383301, 855.8101654052734
0.362396240234375, 2651.951551437378, 0.020742416381835938, 4.093408584594727, 1.773834228515625, 32.97066688537598, 1.2657642364501953, 91.55583381652832, 860.0542545318604
0.3502368927001953, 2645.9696292877197, 0.03218650817871094, 3.9818286895751953, 1.7533302307128906, 32.773494720458984, 1.271963119506836, 92.53215789794922, 849.0867614746094
0.3612041473388672, 2658.85853767395, 0.031948089599609375, 4.02379035949707, 1.7311573028564453, 32.11402893066406, 1.2242794036865234, 92.04745292663574, 860.4011535644531
0.37741661071777344, 2659.9390506744385, 0.031948089599609375, 4.023551940917969, 1.7859935760498047, 32.75728225708008, 1.3043880462646484, 93.14680099487305, 866.8813705444336
0.35381317138671875, 2652.599573135376, 0.023365020751953125, 4.214048385620117, 1.8193721771240234, 33.23960304260254, 1.2540817260742188, 92.23699569702148, 860.3723049163818
0.36072731018066406, 2644.3207263946533, 0.031232833862304688, 4.13060188293457, 1.7282962799072266, 32.619476318359375, 1.2118816375732422, 91.84098243713379, 858.3066463470459
0.39196014404296875, 2650.7065296173096, 0.032901763916015625, 4.143476486206055, 1.7621517181396484, 33.13136100769043, 1.4755725860595703, 91.93253517150879, 860.9788417816162
0.4057884216308594, 2681.5309524536133, 0.03981590270996094, 4.018545150756836, 1.758575439453125, 33.96797180175781, 1.2900829315185547, 93.28675270080566, 871.3281154632568
0.36263465881347656, 2613.579750061035, 0.04887580871582031, 4.098653793334961, 1.795053482055664, 32.900333404541016, 1.2946128845214844, 92.78440475463867, 849.2708206176758
0.35953521728515625, 2686.137914657593, 0.04172325134277344, 4.049062728881836, 1.7457008361816406, 32.42850303649902, 1.2621879577636719, 91.23373031616211, 856.6510677337646
0.37097930908203125, 2666.912317276001, 0.04410743713378906, 4.058837890625, 1.7998218536376953, 33.301353454589844, 1.4755725860595703, 91.86530113220215, 854.1388511657715
0.37169456481933594, 2642.1589851379395, 0.03218650817871094, 4.067182540893555, 1.787424087524414, 32.90891647338867, 1.2204647064208984, 92.3457145690918, 859.39621925354
0.35190582275390625, 2650.2788066864014, 0.030994415283203125, 4.183292388916016, 1.8014907836914062, 32.700300216674805, 1.325368881225586, 91.96162223815918, 863.4960651397705
0.37479400634765625, 2649.182081222534, 0.04363059997558594, 4.052639007568359, 1.7704963684082031, 32.70411491394043, 1.2047290802001953, 92.08822250366211, 855.6690216064453
0.3693103790283203, 2637.1028423309326, 0.03314018249511719, 4.088163375854492, 1.7642974853515625, 33.120155334472656, 1.2581348419189453, 93.3079719543457, 854.4843196868896
0.3609657287597656, 2681.1413764953613, 0.047206878662109375, 4.047870635986328, 1.8045902252197266, 33.41984748840332, 1.3523101806640625, 93.0323600769043, 859.046220779419
0.3609657287597656, 2639.84751701355, 0.03314018249511719, 4.026651382446289, 1.7666816711425781, 32.89318084716797, 1.4281272888183594, 92.45681762695312, 856.9178581237793
0.37789344787597656, 2670.0544357299805, 0.05412101745605469, 4.056453704833984, 1.8160343170166016, 33.15901756286621, 1.2104511260986328, 92.51904487609863, 863.344669342041
0.37384033203125, 2668.440580368042, 0.04267692565917969, 4.141807556152344, 1.758575439453125, 32.3481559753418, 1.3475418090820312, 96.21953964233398, 867.1927452087402
0.3523826599121094, 2668.7986850738525, 0.03170967102050781, 4.046916961669922, 1.786947250366211, 33.61248970031738, 1.354217529296875, 92.2231674194336, 864.5503520965576
0.37479400634765625, 2679.6979904174805, 0.0438690185546875, 4.123210906982422, 1.8301010131835938, 34.39021110534668, 1.2774467468261719, 92.41938591003418, 869.3246841430664
0.36787986755371094, 2649.902105331421, 0.04839897155761719, 4.141330718994141, 1.7518997192382812, 33.2183837890625, 1.3918876647949219, 95.58916091918945, 858.7710857391357
0.3731250762939453, 2645.8499431610107, 0.0438690185546875, 4.072904586791992, 1.7573833465576172, 31.795978546142578, 1.325368881225586, 92.92888641357422, 858.4134578704834
0.3514289855957031, 2640.0907039642334, 0.04601478576660156, 4.082441329956055, 1.8641948699951172, 33.09130668640137, 1.331329345703125, 96.74739837646484, 859.8871231079102
0.3509521484375, 2653.397560119629, 0.03314018249511719, 4.073381423950195, 1.7430782318115234, 32.90295600891113, 1.5478134155273438, 91.68529510498047, 860.0528240203857
0.3650188446044922, 2632.1465969085693, 0.048160552978515625, 4.075050354003906, 1.7986297607421875, 33.444881439208984, 1.2440681457519531, 92.77653694152832, 858.0007553100586
0.3936290740966797, 2630.2361488342285, 0.03266334533691406, 4.060506820678711, 1.7905235290527344, 32.70745277404785, 1.486063003540039, 91.86148643493652, 853.717565536499
0.3743171691894531, 2633.2623958587646, 0.031232833862304688, 4.105091094970703, 1.7697811126708984, 32.592058181762695, 1.6529560089111328, 92.27943420410156, 855.7896614074707
0.3514289855957031, 2611.997127532959, 0.03170967102050781, 4.051446914672852, 1.8646717071533203, 32.92679786682129, 1.2137889862060547, 91.58015251159668, 846.9874858856201
0.35834312438964844, 2665.2302742004395, 0.04315376281738281, 4.067897796630859, 1.79290771484375, 32.92536735534668, 1.4748573303222656, 91.21394157409668, 862.8661632537842
0.3502368927001953, 2711.233377456665, 0.04291534423828125, 4.138946533203125, 1.7504692077636719, 32.85813331604004, 1.28173828125, 92.43583679199219, 877.8698444366455
0.3604888916015625, 2636.6143226623535, 0.04124641418457031, 4.007577896118164, 1.7991065979003906, 33.689260482788086, 1.2650489807128906, 92.96393394470215, 858.4825992584229
0.37288665771484375, 2656.1806201934814, 0.04267692565917969, 4.020452499389648, 1.7664432525634766, 32.64880180358887, 1.3451576232910156, 93.14513206481934, 856.9579124450684
0.3631114959716797, 2629.9097537994385, 0.0457763671875, 4.052400588989258, 1.7180442810058594, 32.42301940917969, 1.1868476867675781, 92.12970733642578, 855.0670146942139
0.3390312194824219, 2648.8418579101562, 0.04315376281738281, 4.032373428344727, 1.7559528350830078, 32.91630744934082, 1.3239383697509766, 95.39794921875, 863.7344837188721
0.3719329833984375, 2643.829107284546, 0.05316734313964844, 4.023313522338867, 1.8010139465332031, 32.723188400268555, 1.3318061828613281, 92.44585037231445, 860.7745170593262
0.36835670471191406, 2659.518241882324, 0.04172325134277344, 4.092693328857422, 1.787424087524414, 33.73980522155762, 1.3780593872070312, 92.96393394470215, 856.3668727874756
0.38123130798339844, 2709.918975830078, 0.05507469177246094, 4.004240036010742, 1.7955303192138672, 32.616376876831055, 1.2786388397216797, 91.6295051574707, 860.429048538208
0.4067420959472656, 2663.670063018799, 0.05984306335449219, 4.097938537597656, 1.8355846405029297, 32.51242637634277, 1.3670921325683594, 95.57843208312988, 860.7978820800781
0.3597736358642578, 2667.5662994384766, 0.03147125244140625, 4.121065139770508, 1.730203628540039, 32.99546241760254, 1.283884048461914, 92.0877456665039, 861.3004684448242
0.35190582275390625, 2686.7141723632812, 0.031232833862304688, 4.173517227172852, 1.7857551574707031, 32.39083290100098, 1.6376972198486328, 92.2093391418457, 861.992359161377
0.3662109375, 2642.9708003997803, 0.031948089599609375, 3.9839744567871094, 1.7242431640625, 33.6153507232666, 1.314401626586914, 91.78352355957031, 855.4389476776123
0.36334991455078125, 2671.933650970459, 0.03147125244140625, 4.128932952880859, 1.7652511596679688, 32.923221588134766, 1.21307373046875, 92.38934516906738, 866.6996955871582
0.3628730773925781, 2643.479824066162, 0.041484832763671875, 4.022836685180664, 1.7533302307128906, 32.59420394897461, 1.2819766998291016, 91.68267250061035, 858.8943481445312
0.3516674041748047, 2644.8042392730713, 0.04792213439941406, 4.050731658935547, 1.8105506896972656, 32.69624710083008, 1.287221908569336, 92.0097827911377, 860.0425720214844
0.34999847412109375, 2657.801866531372, 0.04744529724121094, 4.124164581298828, 1.7368793487548828, 33.02741050720215, 1.3377666473388672, 96.15445137023926, 853.6016941070557
0.3490447998046875, 2621.7362880706787, 0.03147125244140625, 4.04810905456543, 1.7523765563964844, 32.874107360839844, 1.2013912200927734, 91.34936332702637, 852.7512550354004
0.3502368927001953, 2641.0231590270996, 0.04315376281738281, 4.052162170410156, 1.7707347869873047, 33.45632553100586, 1.262664794921875, 92.70310401916504, 856.0695648193359
0.36406517028808594, 2641.5956020355225, 0.0362396240234375, 4.0607452392578125, 1.7459392547607422, 32.741546630859375, 1.3840198516845703, 91.70961380004883, 859.8716259002686
0.3616809844970703, 2637.009382247925, 0.03218650817871094, 4.031658172607422, 1.8012523651123047, 32.96017646789551, 1.2865066528320312, 92.01908111572266, 856.2262058258057
0.3609657287597656, 2651.7179012298584, 0.04410743713378906, 4.0912628173828125, 1.8088817596435547, 32.067298889160156, 1.6818046569824219, 91.57347679138184, 859.0350151062012
0.37670135498046875, 2669.536590576172, 0.0457763671875, 4.112958908081055, 1.7631053924560547, 32.5007438659668, 1.4691352844238281, 96.38071060180664, 860.9862327575684
0.3879070281982422, 2690.714120864868, 0.04363059997558594, 4.064321517944336, 1.7981529235839844, 32.3026180267334, 1.3098716735839844, 95.86668014526367, 859.6129417419434
0.3523826599121094, 2667.642116546631, 0.04291534423828125, 4.076957702636719, 1.756906509399414, 32.811641693115234, 1.2314319610595703, 92.041015625, 864.9544715881348
0.3724098205566406, 2654.700994491577, 0.04863739013671875, 4.059553146362305, 1.7254352569580078, 32.97162055969238, 1.2869834899902344, 92.73314476013184, 862.8244400024414
0.34928321838378906, 2645.7810401916504, 0.040531158447265625, 4.082441329956055, 1.7545223236083984, 33.33139419555664, 1.275777816772461, 92.742919921875, 860.0220680236816
0.3426074981689453, 2669.3055629730225, 0.041484832763671875, 4.095315933227539, 1.7180442810058594, 32.91678428649902, 1.3320446014404297, 91.95709228515625, 863.1551265716553
0.3628730773925781, 2655.137300491333, 0.031232833862304688, 4.080295562744141, 1.7881393432617188, 32.72414207458496, 1.2011528015136719, 92.53787994384766, 859.3392372131348
0.37169456481933594, 2646.5041637420654, 0.031232833862304688, 4.129648208618164, 1.7299652099609375, 32.680511474609375, 1.2273788452148438, 92.27681159973145, 860.8708381652832
0.3631114959716797, 2630.9211254119873, 0.030994415283203125, 4.066944122314453, 1.775979995727539, 32.66286849975586, 1.2292861938476562, 91.83692932128906, 857.4545383453369
0.3540515899658203, 2671.111583709717, 0.04100799560546875, 4.130125045776367, 1.8024444580078125, 34.23762321472168, 1.5039443969726562, 93.84369850158691, 868.8652515411377
0.34999847412109375, 2640.5088901519775, 0.021219253540039062, 4.070281982421875, 1.766204833984375, 33.71906280517578, 1.2052059173583984, 93.23453903198242, 858.168363571167
0.36597251892089844, 2681.5831661224365, 0.020503997802734375, 4.101276397705078, 1.8186569213867188, 33.423423767089844, 1.4138221740722656, 92.52119064331055, 869.2562580108643
0.35262107849121094, 2634.676456451416, 0.042438507080078125, 4.090309143066406, 1.786947250366211, 33.73527526855469, 1.1737346649169922, 93.43552589416504, 858.1740856170654
0.34999847412109375, 2646.5697288513184, 0.03147125244140625, 4.021167755126953, 1.802206039428711, 33.577680587768555, 1.6639232635498047, 91.6893482208252, 858.1562042236328
0.3402233123779297, 2622.4639415740967, 0.03170967102050781, 3.9606094360351562, 1.735687255859375, 32.466888427734375, 1.2221336364746094, 91.92299842834473, 852.3814678192139
0.3635883331298828, 2635.404348373413, 0.032901763916015625, 4.090309143066406, 1.7368793487548828, 33.003807067871094, 1.2133121490478516, 92.4227237701416, 854.154109954834
0.3457069396972656, 2646.214008331299, 0.031948089599609375, 4.062652587890625, 1.7862319946289062, 32.50241279602051, 1.3833045959472656, 92.18764305114746, 861.1726760864258
0.362396240234375, 2654.906749725342, 0.04744529724121094, 4.002809524536133, 1.771688461303711, 33.22100639343262, 1.2989044189453125, 92.18168258666992, 861.335039138794
0.3578662872314453, 2650.2811908721924, 0.03218650817871094, 4.097700119018555, 1.7752647399902344, 32.85622596740723, 1.2769699096679688, 92.03624725341797, 859.1029644012451
0.37479400634765625, 2651.165723800659, 0.04649162292480469, 4.182577133178711, 1.7948150634765625, 33.39195251464844, 1.2383460998535156, 93.70207786560059, 861.6292476654053
0.3514289855957031, 2663.2566452026367, 0.03170967102050781, 4.111766815185547, 1.779317855834961, 33.10108184814453, 1.2502670288085938, 93.62554550170898, 866.6090965270996
0.35381317138671875, 2658.7038040161133, 0.04553794860839844, 4.037618637084961, 1.7669200897216797, 33.79201889038086, 1.3203620910644531, 93.1096076965332, 857.8174114227295
0.3643035888671875, 2678.2805919647217, 0.031948089599609375, 4.050970077514648, 1.7371177673339844, 32.60445594787598, 1.352071762084961, 93.55449676513672, 868.0064678192139
0.3769397735595703, 2643.8465118408203, 0.02193450927734375, 4.121303558349609, 1.7671585083007812, 33.35165977478027, 1.4498233795166016, 96.75836563110352, 859.9107265472412
0.3600120544433594, 2669.442892074585, 0.037670135498046875, 3.979921340942383, 1.7697811126708984, 33.13279151916504, 1.3298988342285156, 92.5741195678711, 857.9025268554688
0.3542900085449219, 2664.8826599121094, 0.03170967102050781, 4.115104675292969, 1.7981529235839844, 33.70165824890137, 1.2285709381103516, 91.93730354309082, 861.3197803497314
0.3516674041748047, 2640.770435333252, 0.021696090698242188, 4.029512405395508, 1.7921924591064453, 32.89175033569336, 1.33514404296875, 92.15664863586426, 857.1174144744873
0.3750324249267578, 2670.482635498047, 0.04410743713378906, 4.10008430480957, 1.8241405487060547, 32.624006271362305, 1.2140274047851562, 92.46015548706055, 850.7568836212158
0.36144256591796875, 2630.9094429016113, 0.04291534423828125, 4.106044769287109, 1.77764892578125, 32.42611885070801, 1.3439655303955078, 92.4062728881836, 852.6148796081543
0.3910064697265625, 2653.5916328430176, 0.04410743713378906, 4.066705703735352, 1.7375946044921875, 32.32240676879883, 1.3332366943359375, 92.12923049926758, 853.47580909729
0.36334991455078125, 2715.471029281616, 0.03266334533691406, 4.143953323364258, 1.8169879913330078, 33.61153602600098, 1.529693603515625, 92.84114837646484, 871.5360164642334
0.37169456481933594, 2646.0423469543457, 0.03314018249511719, 4.030942916870117, 1.7933845520019531, 33.448219299316406, 1.5413761138916016, 91.90964698791504, 857.9871654510498
0.362396240234375, 2648.0798721313477, 0.04792213439941406, 4.1675567626953125, 1.8241405487060547, 33.074378967285156, 1.3039112091064453, 93.42265129089355, 858.630895614624
0.36215782165527344, 2641.0603523254395, 0.03170967102050781, 4.075288772583008, 1.7321109771728516, 32.38940238952637, 1.2276172637939453, 92.03577041625977, 859.0598106384277
0.3559589385986328, 2649.0120887756348, 0.030994415283203125, 4.055500030517578, 1.7757415771484375, 32.941341400146484, 1.3506412506103516, 92.29683876037598, 861.4206314086914
0.3619194030761719, 2636.378049850464, 0.04315376281738281, 4.030942916870117, 1.7514228820800781, 32.8211784362793, 1.3935565948486328, 95.31235694885254, 856.4953804016113
0.37407875061035156, 2655.6713581085205, 0.0476837158203125, 4.041433334350586, 1.7974376678466797, 32.619476318359375, 1.5103816986083984, 91.29905700683594, 850.1143455505371
0.35500526428222656, 2617.635488510132, 0.02288818359375, 4.028081893920898, 1.7886161804199219, 33.087730407714844, 1.3625621795654297, 96.07887268066406, 871.741771697998
0.362396240234375, 2627.0716190338135, 0.04792213439941406, 4.139423370361328, 1.77764892578125, 32.90081024169922, 1.5511512756347656, 95.54171562194824, 853.9924621582031
0.3535747528076172, 2629.5363903045654, 0.031232833862304688, 4.11534309387207, 1.806020736694336, 32.393455505371094, 1.2874603271484375, 91.48335456848145, 852.2069454193115
0.377655029296875, 2655.015230178833, 0.03266334533691406, 4.002094268798828, 1.8155574798583984, 32.718658447265625, 1.3730525970458984, 92.9725170135498, 863.006591796875
0.3619194030761719, 2664.893627166748, 0.023365020751953125, 4.070758819580078, 1.7266273498535156, 32.73725509643555, 1.2178421020507812, 92.31042861938477, 862.8149032592773
0.3707408905029297, 2679.0220737457275, 0.04267692565917969, 4.09698486328125, 1.7857551574707031, 32.412052154541016, 1.2788772583007812, 91.94135665893555, 860.16845703125
0.3590583801269531, 2670.741319656372, 0.021219253540039062, 4.07862663269043, 1.787424087524414, 34.03449058532715, 1.3387203216552734, 92.76509284973145, 867.2525882720947
0.3509521484375, 2677.842140197754, 0.03361701965332031, 4.124164581298828, 1.7430782318115234, 33.13159942626953, 1.2509822845458984, 93.05620193481445, 869.7004318237305
0.37789344787597656, 2694.47660446167, 0.042438507080078125, 4.076242446899414, 1.8014907836914062, 32.85408020019531, 1.2867450714111328, 96.19021415710449, 862.7309799194336
0.3635883331298828, 2703.747034072876, 0.04220008850097656, 4.119634628295898, 1.8377304077148438, 33.14614295959473, 1.3015270233154297, 92.99778938293457, 862.3313903808594
0.39505958557128906, 2654.6244621276855, 0.031232833862304688, 4.027843475341797, 1.8148422241210938, 33.46967697143555, 1.355886459350586, 93.02473068237305, 858.0958843231201
0.36716461181640625, 2635.8814239501953, 0.04863739013671875, 4.151344299316406, 1.8298625946044922, 32.3641300201416, 1.3918876647949219, 95.21365165710449, 854.2430400848389
0.36644935607910156, 2620.192050933838, 0.021219253540039062, 4.086971282958984, 1.7886161804199219, 33.246755599975586, 1.3191699981689453, 97.30648994445801, 853.0824184417725
0.36644935607910156, 2638.3724212646484, 0.0476837158203125, 4.114627838134766, 1.8296241760253906, 33.49471092224121, 1.6622543334960938, 92.79823303222656, 855.3638458251953
0.3654956817626953, 2642.512321472168, 0.031232833862304688, 4.089593887329102, 1.7523765563964844, 32.614946365356445, 1.3022422790527344, 92.76485443115234, 860.9063625335693
0.3731250762939453, 2647.4251747131348, 0.04220008850097656, 4.112720489501953, 1.7910003662109375, 33.40506553649902, 1.2311935424804688, 94.59424018859863, 862.1535301208496
0.3676414489746094, 2650.611639022827, 0.04792213439941406, 4.0187835693359375, 1.8129348754882812, 32.57560729980469, 1.5153884887695312, 91.9644832611084, 857.3603630065918
0.3757476806640625, 2720.15643119812, 0.040531158447265625, 4.192590713500977, 1.8110275268554688, 32.41443634033203, 1.2493133544921875, 92.12017059326172, 877.610445022583
0.3733634948730469, 2638.7393474578857, 0.05221366882324219, 4.0454864501953125, 1.7917156219482422, 33.032894134521484, 1.2509822845458984, 92.19741821289062, 859.9064350128174
0.35190582275390625, 2625.403642654419, 0.04792213439941406, 4.058599472045898, 1.7826557159423828, 33.01692008972168, 1.6875267028808594, 92.81277656555176, 854.95924949646
0.37932395935058594, 2639.6849155426025, 0.030517578125, 4.069805145263672, 1.8019676208496094, 33.13755989074707, 1.3113021850585938, 92.04554557800293, 855.4670810699463
0.36072731018066406, 2641.016960144043, 0.048160552978515625, 4.099607467651367, 1.7650127410888672, 33.020973205566406, 1.2326240539550781, 91.82858467102051, 854.7585010528564
